Term,Category,x,y
 'Hotel' equivalent range body soap,Bathroom/Bedroom,-5.1882305,53.730064
 2 plate electric stove on top of 'mini kitchen' electric stove,Kitchen/Dining,64.54187,-28.20251
 Charlotte Rhys body soap,Bathroom/Bedroom,5.7218566,39.15676
 standard shampoo,Bathroom/Bedroom,38.95524,52.45738
. stainless steel stove,Kitchen/Dining,56.058155,-12.3144
1 inch HDTV with Chromecast,Entertainment/Tech,-80.18674,12.059945
1 inch HDTV with Netflix,Entertainment/Tech,-35.681854,-22.950815
10 inch TV,Entertainment/Tech,-21.086452,-0.14971955
100 inch HDTV with HBO Max,Entertainment/Tech,-33.18636,-11.603327
100 inch HDTV with Netflix,Entertainment/Tech,-34.630913,-20.996948
100% Organic from Nature's Choice and Simply Bee.  body soap,Bathroom/Bedroom,7.616237,81.53314
104 inch HDTV,Entertainment/Tech,-22.54974,-4.5153713
"105 inch HDTV with Amazon Prime Video, Chromecast, Netflix, Disney+",Entertainment/Tech,-71.89384,-3.1386154
"11 inch HDTV with Amazon Prime Video, Netflix",Entertainment/Tech,-69.23187,-20.009117
110 inch TV with Apple TV,Entertainment/Tech,-50.189213,3.6861672
"117 inch HDTV with Netflix, standard cable",Entertainment/Tech,-41.520542,-9.486633
14 inch HDTV with premium cable,Entertainment/Tech,-33.730515,15.7039795
"143 inch HDTV with Chromecast, Netflix",Entertainment/Tech,-82.40668,6.172806
"15 inch TV with Chromecast, Netflix",Entertainment/Tech,-83.65086,7.0397644
15 inch TV with premium cable,Entertainment/Tech,-33.770016,15.698526
155 inch HDTV with Netflix,Entertainment/Tech,-36.401524,-21.726357
17 inch HDTV,Entertainment/Tech,-21.511883,-2.7334661
"18 inch HDTV with Apple TV, Netflix",Entertainment/Tech,-50.200844,-0.5438803
"188 inch HDTV with Amazon Prime Video, Fire TV, Netflix",Entertainment/Tech,-66.00967,-15.311849
2 PLATE GAS SNAPPY CHEF gas stove,Kitchen/Dining,64.353424,-24.645218
2 Plate  stainless steel gas stove,Kitchen/Dining,64.22222,-25.93927
2 Plates stove,Kitchen/Dining,65.13424,-26.473633
2 Samsung Fridge Freezers and one drinks fridge refrigerator,Kitchen/Dining,-8.557809,11.427996
2 Sony Home Theater  sound system with Bluetooth and aux,Entertainment/Tech,-42.409176,51.38485
2 hot plates and a Convection Microwave  electric stove,Kitchen/Dining,26.768465,-12.107338
"2 ovens - Electric smeg with gas hob, Bosch gas oven oven",Kitchen/Dining,50.781433,-1.1863759
2 pate electric stove induction stove,Kitchen/Dining,71.816246,-20.430695
2 pate glass top electric stove,Kitchen/Dining,67.24817,-24.98974
2 pit stove electric stove,Kitchen/Dining,65.992424,-26.03392
2 plate cooker TV oven oven,Entertainment/Tech,29.03225,-15.398532
2 plate electric  electric stove,Kitchen/Dining,65.20953,-27.313747
2 plate electric stove,Kitchen/Dining,65.22702,-27.138243
2 plate gas counter top.  gas stove,Kitchen/Dining,64.17803,-25.266754
2 plate gas stove  stove,Kitchen/Dining,64.61771,-25.901976
2 plate glass top electric stove,Kitchen/Dining,67.09748,-25.297367
2 plate induction counter top stove,Kitchen/Dining,72.71676,-21.061258
2 plate stainless steel stove,Kitchen/Dining,64.32523,-26.277319
2 plate stove electric stove,Kitchen/Dining,65.119995,-27.219385
2 plated Ceran electric stove,Kitchen/Dining,62.319004,-26.47216
2 plates electric stove,Kitchen/Dining,65.339386,-27.080843
2 x Miele fridges refrigerator,Kitchen/Dining,8.79587,10.571966
2 x miele ovens oven,Kitchen/Dining,53.554996,-2.7500868
2-in-1 Shampoo & Conditioner  conditioner,Bathroom/Bedroom,46.02786,36.91731
20 inch HDTV,Entertainment/Tech,-21.22729,-1.0103098
"20 inch HDTV with Amazon Prime Video, Chromecast, Netflix",Entertainment/Tech,-77.07384,-3.893439
20 inch TV,Entertainment/Tech,-21.270737,-0.29768813
20 inch TV with DVD player,Entertainment/Tech,-30.471857,3.3898835
20 inch TV with Netflix,Entertainment/Tech,-37.889885,-25.107527
"21 inch TV with Apple TV, Netflix",Entertainment/Tech,-49.551426,-0.87559646
"22 inch HDTV with Amazon Prime Video, Apple TV, Chromecast, Disney+, Fire TV, HBO Max, Hulu",Entertainment/Tech,-76.72961,-8.47662
22 inch TV,Entertainment/Tech,-21.985016,0.34380493
22 inch TV with Netflix,Entertainment/Tech,-37.905163,-25.314228
"22 inch TV with Netflix, premium cable",Entertainment/Tech,-37.7871,-25.574625
23 inch HDTV with premium cable,Entertainment/Tech,-24.68515,13.654681
23 inch HDTV with standard cable,Entertainment/Tech,-24.49189,13.532762
"24 inch HDTV with Amazon Prime Video, Netflix, DVD player",Entertainment/Tech,-73.56706,-21.18917
24 inch HDTV with Netflix,Entertainment/Tech,-38.69475,-23.919088
"24 inch TV with Amazon Prime Video, Netflix",Entertainment/Tech,-73.564026,-21.155188
24 inch TV with Chromecast,Entertainment/Tech,-82.854256,10.736865
"24 inch TV with DVD player, Chromecast, premium cable",Entertainment/Tech,-77.01735,7.912923
25 inch HDTV,Entertainment/Tech,-21.763496,-1.815342
25 inch HDTV with Netflix,Entertainment/Tech,-38.51755,-23.651102
25 inch HDTV with standard cable,Entertainment/Tech,-23.755743,12.985878
250 inch HDTV with Netflix,Entertainment/Tech,-37.08863,-22.522501
26 inch HDTV,Entertainment/Tech,-21.810318,-1.8037728
"26 inch HDTV with Netflix, premium cable",Entertainment/Tech,-43.01695,-15.892844
"26 inch HDTV with Netflix, standard cable",Entertainment/Tech,-43.007004,-15.880709
26 inch HDTV with standard cable,Entertainment/Tech,-23.511162,12.530631
26 inch TV with Chromecast,Entertainment/Tech,-82.929886,10.580658
"26 inch TV with Netflix, DVD player",Entertainment/Tech,-39.051426,-25.09139
26 inch TV with standard cable,Entertainment/Tech,-23.17136,12.414073
27 inch HDTV with standard cable,Entertainment/Tech,-23.803617,12.072833
"27 inch HDTV with standard cable, DVD player",Entertainment/Tech,-28.978662,6.7994595
27 inch TV,Entertainment/Tech,-23.087591,0.3478189
27 inch TV with Chromecast,Entertainment/Tech,-82.91751,10.415104
28 inch HDTV,Entertainment/Tech,-22.399374,-1.4804026
"28 inch HDTV with Apple TV, Netflix",Entertainment/Tech,-49.285675,-1.6235236
28 inch HDTV with Netflix,Entertainment/Tech,-39.436184,-24.129955
28 inch HDTV with standard cable,Entertainment/Tech,-24.054426,12.0211935
28 inch TV,Entertainment/Tech,-23.030918,0.17581551
28 inch TV with Apple TV,Entertainment/Tech,-48.545197,1.9683787
28 inch TV with Chromecast,Entertainment/Tech,-82.7807,10.431759
28 inch TV with Netflix,Entertainment/Tech,-39.464977,-24.269983
"28 inch TV with Netflix, standard cable, Amazon Prime Video",Entertainment/Tech,-55.463223,-17.702269
28 inch TV with premium cable,Entertainment/Tech,-25.034363,11.735575
29 inch HDTV with Netflix,Entertainment/Tech,-39.878086,-24.533684
29 inch TV with Chromecast,Entertainment/Tech,-83.00483,10.352624
29 inch TV with standard cable,Entertainment/Tech,-23.01744,11.633486
3 inch HDTV with Netflix,Entertainment/Tech,-35.685585,-22.968319
30 inch HDTV,Entertainment/Tech,-22.492666,-1.0568483
"30 inch HDTV with Chromecast, Netflix",Entertainment/Tech,-83.18633,7.582258
30 inch HDTV with DVD player,Entertainment/Tech,-30.932291,3.9088204
30 inch HDTV with Netflix,Entertainment/Tech,-40.344658,-24.880634
"30 inch HDTV with Netflix, premium cable",Entertainment/Tech,-44.866436,-24.393951
30 inch HDTV with standard cable,Entertainment/Tech,-23.655867,11.630334
"30 inch HDTV with standard cable, Chromecast, Disney+, Netflix",Entertainment/Tech,-72.30366,6.729252
30 inch TV,Entertainment/Tech,-23.005892,-0.019975198
"30 inch TV with Amazon Prime Video, Disney+, Netflix",Entertainment/Tech,-77.826355,-17.192019
30 inch TV with Apple TV,Entertainment/Tech,-48.34254,1.9280605
30 inch TV with Chromecast,Entertainment/Tech,-82.967964,10.099423
"30 inch TV with Chromecast, Netflix",Entertainment/Tech,-83.31251,7.5896006
30 inch TV with Netflix,Entertainment/Tech,-40.411274,-24.978178
30ml conditioning shampoo  shampoo,Bathroom/Bedroom,36.091694,48.42459
"31 inch HDTV with Amazon Prime Video, Netflix",Entertainment/Tech,-75.14739,-19.49846
"31 inch HDTV with Netflix, standard cable",Entertainment/Tech,-46.583538,-24.399288
31 inch TV with standard cable,Entertainment/Tech,-23.644688,9.109892
32 inch HDTV,Entertainment/Tech,-23.10173,-1.3900075
"32 inch HDTV with Amazon Prime Video, Apple TV, Disney+, Hulu, Netflix",Entertainment/Tech,-76.557106,-17.143162
"32 inch HDTV with Amazon Prime Video, Apple TV, Disney+, Netflix",Entertainment/Tech,-76.76441,-17.50567
"32 inch HDTV with Amazon Prime Video, Apple TV, Disney+, Netflix, premium cable",Entertainment/Tech,-76.47159,-17.674696
"32 inch HDTV with Amazon Prime Video, Apple TV, Hulu, Netflix",Entertainment/Tech,-76.22465,-17.23679
"32 inch HDTV with Amazon Prime Video, Apple TV, Netflix",Entertainment/Tech,-75.90655,-18.18673
"32 inch HDTV with Amazon Prime Video, Apple TV, premium cable, Netflix",Entertainment/Tech,-76.086,-17.908161
"32 inch HDTV with Amazon Prime Video, Chromecast, Netflix",Entertainment/Tech,-80.56409,-4.0685115
"32 inch HDTV with Amazon Prime Video, Disney+, Netflix",Entertainment/Tech,-77.02592,-17.561646
"32 inch HDTV with Amazon Prime Video, Netflix",Entertainment/Tech,-75.198265,-19.447884
"32 inch HDTV with Amazon Prime Video, Netflix, Chromecast",Entertainment/Tech,-80.56447,-4.0514526
"32 inch HDTV with Amazon Prime Video, Netflix, Fire TV",Entertainment/Tech,-75.73412,-18.84148
"32 inch HDTV with Amazon Prime Video, standard cable",Entertainment/Tech,-57.96098,-21.349373
"32 inch HDTV with Apple TV, DVD player, Netflix, Roku",Entertainment/Tech,-47.174576,-3.0009258
"32 inch HDTV with Apple TV, Netflix",Entertainment/Tech,-48.02459,-2.160989
"32 inch HDTV with Apple TV, Netflix, standard cable",Entertainment/Tech,-47.796455,-2.9323294
32 inch HDTV with Chromecast,Entertainment/Tech,-81.770004,9.507118
"32 inch HDTV with Chromecast, Apple TV",Entertainment/Tech,-81.76389,9.271022
"32 inch HDTV with Chromecast, Disney+, Netflix",Entertainment/Tech,-71.995056,5.55715
"32 inch HDTV with Chromecast, Netflix",Entertainment/Tech,-82.131676,7.4964066
"32 inch HDTV with Chromecast, Netflix, premium cable",Entertainment/Tech,-74.22263,7.217681
"32 inch HDTV with Chromecast, Netflix, standard cable",Entertainment/Tech,-74.13067,7.2164707
32 inch HDTV with Disney+,Entertainment/Tech,-66.32462,7.251941
"32 inch HDTV with Disney+, Netflix",Entertainment/Tech,-66.67701,6.089368
"32 inch HDTV with Disney+, Netflix, Chromecast",Entertainment/Tech,-71.912155,5.524614
"32 inch HDTV with Disney+, Netflix, standard cable",Entertainment/Tech,-67.80998,6.441028
32 inch HDTV with Fire TV,Entertainment/Tech,-37.452854,-2.0568228
32 inch HDTV with Netflix,Entertainment/Tech,-42.51229,-24.493608
"32 inch HDTV with Netflix, Amazon Prime Video",Entertainment/Tech,-75.15152,-19.613531
"32 inch HDTV with Netflix, Apple TV",Entertainment/Tech,-47.98478,-2.1269884
"32 inch HDTV with Netflix, Chromecast",Entertainment/Tech,-82.139946,7.4548473
"32 inch HDTV with Netflix, Chromecast, Apple TV, Amazon Prime Video, Disney+, standard cable",Entertainment/Tech,-71.83378,7.1503606
"32 inch HDTV with Netflix, Chromecast, Disney+, Apple TV",Entertainment/Tech,-71.98369,5.682969
"32 inch HDTV with Netflix, DVD player",Entertainment/Tech,-42.852554,-24.393053
"32 inch HDTV with Netflix, Disney+",Entertainment/Tech,-66.720726,6.0788064
"32 inch HDTV with Netflix, Disney+, Chromecast, standard cable",Entertainment/Tech,-72.271095,6.5243096
"32 inch HDTV with Netflix, Hulu",Entertainment/Tech,-42.964424,-25.10591
"32 inch HDTV with Netflix, Roku",Entertainment/Tech,-33.87966,-8.0295105
"32 inch HDTV with Netflix, premium cable",Entertainment/Tech,-45.989513,-23.745634
"32 inch HDTV with Netflix, premium cable, standard cable",Entertainment/Tech,-46.83132,-23.666822
"32 inch HDTV with Netflix, standard cable",Entertainment/Tech,-46.424877,-24.127703
"32 inch HDTV with Netflix, standard cable, Amazon Prime Video",Entertainment/Tech,-48.124027,-24.035664
"32 inch HDTV with Netflix, standard cable, premium cable",Entertainment/Tech,-46.802345,-23.657333
32 inch HDTV with Roku,Entertainment/Tech,-33.691246,-7.5595365
32 inch HDTV with premium cable,Entertainment/Tech,-25.168892,8.6287775
"32 inch HDTV with premium cable, DVD player",Entertainment/Tech,-26.045286,7.6425695
"32 inch HDTV with premium cable, Netflix",Entertainment/Tech,-46.00667,-23.67958
"32 inch HDTV with premium cable, standard cable",Entertainment/Tech,-24.98534,8.77903
32 inch HDTV with standard cable,Entertainment/Tech,-24.447186,9.090505
"32 inch HDTV with standard cable, Amazon Prime Video",Entertainment/Tech,-57.95427,-21.361044
"32 inch HDTV with standard cable, Amazon Prime Video, Apple TV, Chromecast, Disney+, Netflix",Entertainment/Tech,-71.75675,7.2267103
"32 inch HDTV with standard cable, Netflix",Entertainment/Tech,-46.459435,-24.07519
"32 inch HDTV with standard cable, Netflix, DVD player",Entertainment/Tech,-47.4177,-23.886925
"32 inch HDTV with standard cable, Netflix, Disney+, Chromecast",Entertainment/Tech,-72.27499,6.486152
"32 inch HDTV with standard cable, Netflix, Disney+, Chromecast, Amazon Prime Video, Apple TV",Entertainment/Tech,-71.796265,7.171625
"32 inch HDTV with standard cable, premium cable, Chromecast, Netflix",Entertainment/Tech,-73.684006,7.163897
32 inch TV,Entertainment/Tech,-23.80564,0.018066714
"32 inch TV with Amazon Prime Video, Apple TV, Disney+, Netflix",Entertainment/Tech,-77.02887,-17.426249
"32 inch TV with Amazon Prime Video, Netflix",Entertainment/Tech,-75.16301,-19.722456
32 inch TV with Apple TV,Entertainment/Tech,-48.46765,1.8900671
"32 inch TV with Apple TV, Netflix",Entertainment/Tech,-47.902515,-1.9381908
32 inch TV with Chromecast,Entertainment/Tech,-82.07549,9.59954
"32 inch TV with Chromecast, Netflix",Entertainment/Tech,-82.25149,7.5415564
"32 inch TV with DVD player, standard cable",Entertainment/Tech,-26.465961,7.169239
"32 inch TV with Disney+, Netflix",Entertainment/Tech,-66.88068,6.0852017
"32 inch TV with Disney+, Netflix, standard cable",Entertainment/Tech,-67.792564,6.434096
"32 inch TV with Fire TV, Netflix",Entertainment/Tech,-37.215492,-4.1655855
32 inch TV with Netflix,Entertainment/Tech,-42.208942,-24.506136
"32 inch TV with Netflix, Amazon Prime Video",Entertainment/Tech,-75.14194,-19.823448
"32 inch TV with Netflix, Roku",Entertainment/Tech,-33.896698,-8.072851
"32 inch TV with Netflix, premium cable",Entertainment/Tech,-45.74015,-23.829548
"32 inch TV with Netflix, standard cable",Entertainment/Tech,-46.126705,-24.338308
32 inch TV with premium cable,Entertainment/Tech,-25.009182,8.642693
"32 inch TV with premium cable, standard cable",Entertainment/Tech,-24.862324,8.653846
32 inch TV with standard cable,Entertainment/Tech,-23.96998,8.9208975
320 inch TV with Netflix,Entertainment/Tech,-41.91542,-24.942503
"33 inch HDTV with Chromecast, Netflix",Entertainment/Tech,-82.229866,7.3902636
"33 inch HDTV with Netflix, standard cable",Entertainment/Tech,-46.686947,-24.40891
33 inch TV,Entertainment/Tech,-23.949497,0.12532526
33 inch TV with standard cable,Entertainment/Tech,-23.649199,9.098444
34 inch HDTV,Entertainment/Tech,-23.037823,-1.6525465
"34 inch HDTV with Fire TV, Netflix",Entertainment/Tech,-37.388756,-4.0537233
34 inch HDTV with Netflix,Entertainment/Tech,-40.963318,-23.647339
"34 inch HDTV with Netflix, premium cable, standard cable",Entertainment/Tech,-47.035557,-22.752268
34 inch HDTV with premium cable,Entertainment/Tech,-24.857088,9.985452
"34 inch HDTV with premium cable, Netflix",Entertainment/Tech,-46.862965,-22.746798
34 inch HDTV with standard cable,Entertainment/Tech,-24.562561,10.146513
"34 inch HDTV with standard cable, premium cable",Entertainment/Tech,-24.73074,10.067657
34 inch TV,Entertainment/Tech,-24.160088,-0.060512587
"34 inch TV with Amazon Prime Video, Apple TV, standard cable",Entertainment/Tech,-58.486347,-19.732803
"34 inch TV with Amazon Prime Video, Apple TV, standard cable, DVD player",Entertainment/Tech,-58.469025,-19.609211
34 inch TV with DVD player,Entertainment/Tech,-30.433392,3.9537778
34 inch TV with Netflix,Entertainment/Tech,-41.216957,-23.776457
"34 inch TV with Netflix, Apple TV",Entertainment/Tech,-47.79025,-1.8017577
35 inch HDTV,Entertainment/Tech,-22.9653,-1.8423754
"35 inch HDTV with Amazon Prime Video, Apple TV, HBO Max, Hulu, Netflix",Entertainment/Tech,-76.33168,-15.015671
"35 inch HDTV with Chromecast, standard cable",Entertainment/Tech,-76.77252,11.111748
35 inch HDTV with Netflix,Entertainment/Tech,-40.40738,-23.366095
"35 inch HDTV with Netflix, Amazon Prime Video, premium cable, standard cable",Entertainment/Tech,-57.066284,-17.751274
"35 inch HDTV with Netflix, Apple TV, Amazon Prime Video, Disney+",Entertainment/Tech,-76.71856,-12.000995
"35 inch HDTV with standard cable, Chromecast, Apple TV",Entertainment/Tech,-76.45708,11.308403
35 inch TV,Entertainment/Tech,-24.30503,-0.28485245
"35 inch TV with Amazon Prime Video, Netflix, Roku, standard cable, DVD player",Entertainment/Tech,-57.841927,-18.517223
"35 inch TV with Amazon Prime Video, Roku, standard cable, DVD player",Entertainment/Tech,-57.876347,-18.553963
36 inch HDTV,Entertainment/Tech,-23.203829,-2.3391294
"36 inch HDTV with Amazon Prime Video, Apple TV, Netflix",Entertainment/Tech,-74.38307,-18.3495
"36 inch HDTV with Amazon Prime Video, Netflix",Entertainment/Tech,-74.196976,-18.645395
"36 inch HDTV with Apple TV, Netflix",Entertainment/Tech,-48.80788,-2.7508326
"36 inch HDTV with Apple TV, standard cable, Netflix",Entertainment/Tech,-48.435997,-3.1790926
36 inch HDTV with Fire TV,Entertainment/Tech,-37.453945,-2.0583687
36 inch HDTV with Netflix,Entertainment/Tech,-41.309345,-22.96207
"36 inch HDTV with Netflix, premium cable",Entertainment/Tech,-46.160355,-21.69094
"36 inch HDTV with Netflix, standard cable",Entertainment/Tech,-46.29237,-21.683266
36 inch HDTV with standard cable,Entertainment/Tech,-24.935751,10.4741745
"36 inch HDTV with standard cable, premium cable, Netflix",Entertainment/Tech,-46.54332,-21.58396
36 inch TV,Entertainment/Tech,-24.688932,-0.44906983
36 inch TV with Netflix,Entertainment/Tech,-41.384617,-22.974672
"36 inch TV with Netflix, premium cable",Entertainment/Tech,-45.944958,-21.691639
36 inch TV with premium cable,Entertainment/Tech,-25.587336,10.239348
"37 inch HDTV with Chromecast, Amazon Prime Video, Disney+",Entertainment/Tech,-74.21321,-4.275665
37 inch HDTV with Netflix,Entertainment/Tech,-39.92334,-22.31328
37 inch HDTV with premium cable,Entertainment/Tech,-26.343014,11.432278
"37 inch HDTV with premium cable, standard cable",Entertainment/Tech,-26.351782,11.337351
37 inch TV,Entertainment/Tech,-24.8583,-0.17066173
"37 inch TV with premium cable, standard cable",Entertainment/Tech,-26.309958,11.086929
38 inch HDTV,Entertainment/Tech,-23.344103,-2.3058527
"38 inch HDTV with Apple TV, Netflix",Entertainment/Tech,-49.36885,-2.3287125
"38 inch HDTV with Disney+, Netflix",Entertainment/Tech,-65.91357,5.451092
38 inch HDTV with Netflix,Entertainment/Tech,-40.269558,-22.215326
38 inch HDTV with premium cable,Entertainment/Tech,-26.472673,11.516533
"38 inch HDTV with premium cable, standard cable, DVD player",Entertainment/Tech,-29.911573,7.4547186
"38 inch HDTV with standard cable, DVD player",Entertainment/Tech,-30.01703,7.424687
"38 inch TV with Amazon Prime Video, Disney+, Netflix",Entertainment/Tech,-74.11066,-10.461608
38 inch TV with Apple TV,Entertainment/Tech,-48.767677,2.0727494
38 inch TV with Netflix,Entertainment/Tech,-40.600597,-22.14369
38 inch TV with standard cable,Entertainment/Tech,-26.599392,9.670876
"39 inch HDTV with Amazon Prime Video, Disney+, Netflix",Entertainment/Tech,-74.06312,-10.712419
39 inch HDTV with Netflix,Entertainment/Tech,-40.36711,-22.117134
"39 inch HDTV with standard cable, DVD player",Entertainment/Tech,-30.135118,7.5786467
39 inch TV with Netflix,Entertainment/Tech,-40.685005,-21.994383
39 inch TV with standard cable,Entertainment/Tech,-26.725746,9.677928
4 inch HDTV,Entertainment/Tech,-21.894033,-3.4975648
4 stainless steel single oven,Kitchen/Dining,46.116592,0.09060109
40 inch HDTV,Entertainment/Tech,-24.130133,-1.9623057
40 inch HDTV with Amazon Prime Video,Entertainment/Tech,-71.207664,-16.0383
"40 inch HDTV with Amazon Prime Video, Apple TV, Disney+, Netflix, standard cable",Entertainment/Tech,-59.131985,-16.790718
"40 inch HDTV with Amazon Prime Video, Apple TV, Netflix",Entertainment/Tech,-73.56814,-15.272783
"40 inch HDTV with Amazon Prime Video, Chromecast, Disney+, Netflix",Entertainment/Tech,-77.72603,-4.404307
"40 inch HDTV with Amazon Prime Video, Chromecast, Netflix",Entertainment/Tech,-78.01188,-4.208454
"40 inch HDTV with Amazon Prime Video, Chromecast, Netflix, Disney+",Entertainment/Tech,-77.67337,-4.421963
"40 inch HDTV with Amazon Prime Video, Disney+, Netflix",Entertainment/Tech,-74.18364,-11.340261
"40 inch HDTV with Amazon Prime Video, HBO Max, Apple TV",Entertainment/Tech,-73.63989,-14.901343
"40 inch HDTV with Amazon Prime Video, Netflix",Entertainment/Tech,-71.80584,-18.990118
"40 inch HDTV with Amazon Prime Video, Netflix, premium cable",Entertainment/Tech,-56.915134,-16.555346
"40 inch HDTV with Amazon Prime Video, Netflix, premium cable, standard cable",Entertainment/Tech,-56.997326,-16.35508
"40 inch HDTV with Amazon Prime Video, Netflix, standard cable",Entertainment/Tech,-56.783924,-16.512993
40 inch HDTV with Apple TV,Entertainment/Tech,-49.580063,2.4651055
"40 inch HDTV with Apple TV, Amazon Prime Video, Netflix, Hulu",Entertainment/Tech,-76.424225,-14.134883
"40 inch HDTV with Apple TV, Chromecast, Disney+, Netflix",Entertainment/Tech,-77.03416,-0.705268
"40 inch HDTV with Apple TV, Netflix",Entertainment/Tech,-50.08376,-1.9701768
"40 inch HDTV with Apple TV, Netflix, premium cable",Entertainment/Tech,-52.339855,-6.6137433
"40 inch HDTV with Apple TV, Netflix, premium cable, standard cable",Entertainment/Tech,-52.487312,-6.57437
40 inch HDTV with Chromecast,Entertainment/Tech,-79.90617,9.827195
"40 inch HDTV with Chromecast, DVD player, Netflix",Entertainment/Tech,-80.11276,2.4361622
"40 inch HDTV with Chromecast, Netflix",Entertainment/Tech,-81.27902,4.4854355
"40 inch HDTV with Chromecast, Netflix, premium cable, DVD player",Entertainment/Tech,-79.90094,2.2807634
"40 inch HDTV with Chromecast, Netflix, standard cable",Entertainment/Tech,-79.08244,2.8962452
"40 inch HDTV with Chromecast, standard cable",Entertainment/Tech,-77.77262,10.459916
40 inch HDTV with Disney+,Entertainment/Tech,-66.16074,7.349687
"40 inch HDTV with Disney+, Netflix",Entertainment/Tech,-65.946205,5.1207814
"40 inch HDTV with Fire TV, Netflix",Entertainment/Tech,-37.874058,-3.7451444
"40 inch HDTV with HBO Max, Netflix",Entertainment/Tech,-33.911747,-13.317346
"40 inch HDTV with Hulu, Netflix, standard cable",Entertainment/Tech,-50.776676,-19.226122
40 inch HDTV with Netflix,Entertainment/Tech,-42.110638,-21.238321
"40 inch HDTV with Netflix, Amazon Prime Video",Entertainment/Tech,-71.780716,-19.112299
"40 inch HDTV with Netflix, Apple TV, Disney+, Amazon Prime Video, Hulu",Entertainment/Tech,-76.46237,-13.842523
"40 inch HDTV with Netflix, Chromecast",Entertainment/Tech,-81.30797,4.4919643
"40 inch HDTV with Netflix, DVD player",Entertainment/Tech,-42.573654,-21.107698
"40 inch HDTV with Netflix, Fire TV",Entertainment/Tech,-37.85885,-3.7999642
"40 inch HDTV with Netflix, Roku, standard cable",Entertainment/Tech,-50.161213,-19.373915
"40 inch HDTV with Netflix, premium cable",Entertainment/Tech,-49.407467,-19.190025
"40 inch HDTV with Netflix, premium cable, standard cable",Entertainment/Tech,-50.1437,-18.513271
"40 inch HDTV with Netflix, standard cable",Entertainment/Tech,-49.337162,-18.769585
"40 inch HDTV with Netflix, standard cable, Amazon Prime Video",Entertainment/Tech,-56.63977,-16.65328
"40 inch HDTV with Netflix, standard cable, DVD player",Entertainment/Tech,-50.05634,-17.870728
"40 inch HDTV with Netflix, standard cable, premium cable",Entertainment/Tech,-50.13616,-18.523155
40 inch HDTV with premium cable,Entertainment/Tech,-28.747442,9.541856
"40 inch HDTV with premium cable, Apple TV, Netflix",Entertainment/Tech,-52.34757,-6.79121
"40 inch HDTV with premium cable, DVD player",Entertainment/Tech,-29.623049,8.303255
"40 inch HDTV with premium cable, Fire TV",Entertainment/Tech,-36.74764,-0.0257084
"40 inch HDTV with premium cable, Netflix",Entertainment/Tech,-49.507416,-19.180681
"40 inch HDTV with premium cable, standard cable",Entertainment/Tech,-28.627829,9.631333
"40 inch HDTV with premium cable, standard cable, DVD player",Entertainment/Tech,-29.666445,8.237072
"40 inch HDTV with premium cable, standard cable, Netflix",Entertainment/Tech,-50.243343,-18.49338
40 inch HDTV with standard cable,Entertainment/Tech,-28.583565,9.653369
"40 inch HDTV with standard cable, Chromecast",Entertainment/Tech,-77.80444,10.4254265
"40 inch HDTV with standard cable, DVD player",Entertainment/Tech,-29.89885,8.161307
"40 inch HDTV with standard cable, Netflix",Entertainment/Tech,-49.45796,-18.746664
"40 inch HDTV with standard cable, Netflix, premium cable",Entertainment/Tech,-50.23187,-18.472475
"40 inch HDTV with standard cable, premium cable",Entertainment/Tech,-28.633276,9.63388
40 inch TV,Entertainment/Tech,-25.26399,-1.2722337
"40 inch TV with Amazon Prime Video, Chromecast, Netflix, standard cable",Entertainment/Tech,-78.62552,-4.8463197
"40 inch TV with Amazon Prime Video, Hulu, Netflix, Disney+, DVD player",Entertainment/Tech,-76.437386,-13.464581
"40 inch TV with Amazon Prime Video, Netflix",Entertainment/Tech,-71.927925,-19.29815
"40 inch TV with Amazon Prime Video, Netflix, premium cable, DVD player",Entertainment/Tech,-57.449703,-16.681772
40 inch TV with Apple TV,Entertainment/Tech,-49.251118,2.3085399
"40 inch TV with Apple TV, Netflix",Entertainment/Tech,-50.01018,-1.9101163
"40 inch TV with Apple TV, standard cable, Disney+, Netflix, Amazon Prime Video",Entertainment/Tech,-59.372803,-16.867695
40 inch TV with Chromecast,Entertainment/Tech,-79.98075,9.552609
"40 inch TV with Chromecast, Apple TV, DVD player, Netflix, standard cable",Entertainment/Tech,-79.48651,1.846863
"40 inch TV with Chromecast, Netflix",Entertainment/Tech,-81.39981,4.47723
"40 inch TV with Chromecast, premium cable",Entertainment/Tech,-78.269585,9.94754
40 inch TV with DVD player,Entertainment/Tech,-30.499142,3.8691475
40 inch TV with Netflix,Entertainment/Tech,-41.794632,-21.40656
"40 inch TV with Netflix, Amazon Prime Video",Entertainment/Tech,-71.91566,-19.354351
"40 inch TV with Netflix, Amazon Prime Video, Apple TV, Disney+",Entertainment/Tech,-76.43619,-13.249322
"40 inch TV with Netflix, premium cable",Entertainment/Tech,-49.086323,-19.440237
"40 inch TV with Netflix, standard cable",Entertainment/Tech,-48.931816,-18.978254
"40 inch TV with premium cable, standard cable",Entertainment/Tech,-28.12342,9.421227
40 inch TV with standard cable,Entertainment/Tech,-27.75516,9.457413
"400 inch HDTV with Apple TV, Netflix",Entertainment/Tech,-50.839043,-1.4289709
"400 inch HDTV with Netflix, premium cable, standard cable",Entertainment/Tech,-51.279785,-18.252699
"41 inch HDTV with Amazon Prime Video, Apple TV, Netflix",Entertainment/Tech,-73.37548,-15.60982
"41 inch HDTV with Amazon Prime Video, Disney+, Netflix",Entertainment/Tech,-74.49811,-11.104894
"41 inch HDTV with Amazon Prime Video, HBO Max, Netflix, standard cable, DVD player",Entertainment/Tech,-58.375736,-15.583105
"41 inch HDTV with Apple TV, Netflix, standard cable",Entertainment/Tech,-52.37371,-6.197366
41 inch HDTV with Netflix,Entertainment/Tech,-42.08165,-20.218298
"41 inch HDTV with Netflix, standard cable",Entertainment/Tech,-47.54248,-18.406488
41 inch HDTV with standard cable,Entertainment/Tech,-29.543821,10.770582
42 inch HDTV,Entertainment/Tech,-24.213413,-2.530549
42 inch HDTV with Amazon Prime Video,Entertainment/Tech,-71.099075,-16.027401
"42 inch HDTV with Amazon Prime Video, Apple TV, Chromecast, Disney+, Fire TV, HBO Max, Hulu, Netflix, premium cable, Roku",Entertainment/Tech,-76.39518,-8.310336
"42 inch HDTV with Amazon Prime Video, Apple TV, Chromecast, Netflix, premium cable",Entertainment/Tech,-78.19232,-2.5707161
"42 inch HDTV with Amazon Prime Video, Apple TV, Disney+, Fire TV, HBO Max, Netflix",Entertainment/Tech,-74.08905,-12.886385
"42 inch HDTV with Amazon Prime Video, Apple TV, Disney+, Netflix",Entertainment/Tech,-74.022736,-12.531483
"42 inch HDTV with Amazon Prime Video, Apple TV, HBO Max, DVD player",Entertainment/Tech,-73.66149,-14.077378
"42 inch HDTV with Amazon Prime Video, Apple TV, Netflix",Entertainment/Tech,-73.458565,-14.275593
"42 inch HDTV with Amazon Prime Video, Chromecast, Netflix",Entertainment/Tech,-78.20304,-3.2250683
"42 inch HDTV with Amazon Prime Video, Chromecast, Netflix, DVD player",Entertainment/Tech,-78.33004,-3.0602872
"42 inch HDTV with Amazon Prime Video, Disney+, Apple TV, Netflix",Entertainment/Tech,-74.00483,-12.501877
"42 inch HDTV with Amazon Prime Video, Disney+, Chromecast, Netflix, HBO Max, Hulu, Apple TV",Entertainment/Tech,-76.450775,-8.426669
"42 inch HDTV with Amazon Prime Video, Disney+, Netflix",Entertainment/Tech,-73.797035,-11.687606
"42 inch HDTV with Amazon Prime Video, Fire TV, Netflix, standard cable",Entertainment/Tech,-57.387035,-15.250673
"42 inch HDTV with Amazon Prime Video, HBO Max, Apple TV",Entertainment/Tech,-73.60927,-14.328157
"42 inch HDTV with Amazon Prime Video, Netflix",Entertainment/Tech,-71.079025,-18.135069
"42 inch HDTV with Amazon Prime Video, Netflix, premium cable, standard cable",Entertainment/Tech,-57.358536,-15.239956
42 inch HDTV with Apple TV,Entertainment/Tech,-50.08311,2.7205706
"42 inch HDTV with Apple TV, Disney+, Netflix, premium cable",Entertainment/Tech,-61.222713,-0.2935877
"42 inch HDTV with Apple TV, Disney+, premium cable, standard cable, Netflix",Entertainment/Tech,-61.147015,-0.34760213
"42 inch HDTV with Apple TV, Netflix",Entertainment/Tech,-50.581806,-2.3683398
"42 inch HDTV with Apple TV, standard cable, Netflix, premium cable",Entertainment/Tech,-53.33307,-6.1541743
42 inch HDTV with Chromecast,Entertainment/Tech,-79.98586,10.324973
"42 inch HDTV with Chromecast, Disney+, Netflix, Amazon Prime Video",Entertainment/Tech,-77.833534,-3.5141685
"42 inch HDTV with Chromecast, Netflix",Entertainment/Tech,-80.9256,5.086939
"42 inch HDTV with Chromecast, premium cable",Entertainment/Tech,-77.585495,9.549705
"42 inch HDTV with Disney+, Netflix",Entertainment/Tech,-65.62024,4.907173
"42 inch HDTV with Disney+, Netflix, standard cable",Entertainment/Tech,-62.84591,2.6096687
42 inch HDTV with Netflix,Entertainment/Tech,-41.049995,-20.433472
"42 inch HDTV with Netflix, Amazon Prime Video",Entertainment/Tech,-71.05222,-18.243465
"42 inch HDTV with Netflix, Amazon Prime Video, Chromecast",Entertainment/Tech,-78.23548,-3.1479027
"42 inch HDTV with Netflix, Apple TV",Entertainment/Tech,-50.582016,-2.3580592
"42 inch HDTV with Netflix, Chromecast",Entertainment/Tech,-80.96352,5.0689516
"42 inch HDTV with Netflix, Chromecast, Amazon Prime Video",Entertainment/Tech,-78.22271,-3.1836615
"42 inch HDTV with Netflix, Chromecast, standard cable",Entertainment/Tech,-78.71787,2.7754607
"42 inch HDTV with Netflix, DVD player, premium cable",Entertainment/Tech,-49.42946,-16.728498
"42 inch HDTV with Netflix, HBO Max",Entertainment/Tech,-33.943245,-13.313158
"42 inch HDTV with Netflix, premium cable",Entertainment/Tech,-47.973526,-16.856726
"42 inch HDTV with Netflix, premium cable, Disney+, Apple TV",Entertainment/Tech,-61.284332,-0.15399306
"42 inch HDTV with Netflix, standard cable",Entertainment/Tech,-48.097935,-17.112593
"42 inch HDTV with Netflix, standard cable, DVD player",Entertainment/Tech,-49.40838,-16.826206
42 inch HDTV with premium cable,Entertainment/Tech,-28.447578,11.147061
"42 inch HDTV with premium cable, Chromecast, Netflix, Apple TV",Entertainment/Tech,-77.8338,1.5107995
"42 inch HDTV with premium cable, Netflix, Disney+",Entertainment/Tech,-62.920555,2.3650415
"42 inch HDTV with premium cable, standard cable",Entertainment/Tech,-28.515123,11.017262
"42 inch HDTV with premium cable, standard cable, Chromecast",Entertainment/Tech,-77.36398,9.11721
42 inch HDTV with standard cable,Entertainment/Tech,-28.55673,10.702089
"42 inch HDTV with standard cable, DVD player",Entertainment/Tech,-30.656721,8.277668
"42 inch HDTV with standard cable, Netflix",Entertainment/Tech,-48.171413,-17.078054
"42 inch HDTV with standard cable, Netflix, premium cable",Entertainment/Tech,-49.016777,-16.93629
"42 inch HDTV with standard cable, premium cable",Entertainment/Tech,-28.529066,10.967152
42 inch TV,Entertainment/Tech,-25.615606,-1.5998837
"42 inch TV with Amazon Prime Video, Netflix, DVD player, standard cable",Entertainment/Tech,-57.407253,-15.381329
"42 inch TV with Amazon Prime Video, Netflix, Disney+",Entertainment/Tech,-73.84551,-11.880222
"42 inch TV with Apple TV, Netflix",Entertainment/Tech,-50.53755,-2.3288476
"42 inch TV with Apple TV, Netflix, premium cable",Entertainment/Tech,-53.354095,-6.1138463
"42 inch TV with Disney+, Netflix",Entertainment/Tech,-65.69982,4.8072505
42 inch TV with Netflix,Entertainment/Tech,-41.13566,-20.620087
"42 inch TV with Netflix, Apple TV, premium cable, standard cable",Entertainment/Tech,-53.462376,-6.2438407
"42 inch TV with Netflix, Chromecast",Entertainment/Tech,-81.067924,5.0080595
"42 inch TV with Netflix, DVD player",Entertainment/Tech,-41.428616,-20.674921
"42 inch TV with Netflix, standard cable",Entertainment/Tech,-48.037678,-17.23983
42 inch TV with Roku,Entertainment/Tech,-33.61832,-7.366966
42 inch TV with standard cable,Entertainment/Tech,-27.861418,10.294286
43 inch HDTV,Entertainment/Tech,-24.214142,-2.588234
43 inch HDTV with Amazon Prime Video,Entertainment/Tech,-71.42027,-16.223259
"43 inch HDTV with Amazon Prime Video, Apple TV, Chromecast, Disney+, Netflix, Hulu",Entertainment/Tech,-76.40655,-9.3801
"43 inch HDTV with Amazon Prime Video, Apple TV, Chromecast, Disney+, Netflix, premium cable, standard cable, DVD player",Entertainment/Tech,-79.34762,-0.67482674
"43 inch HDTV with Amazon Prime Video, Apple TV, Disney+, HBO Max, Hulu, Netflix, Roku",Entertainment/Tech,-76.248886,-9.89929
"43 inch HDTV with Amazon Prime Video, Apple TV, Disney+, Netflix",Entertainment/Tech,-75.592224,-11.059663
"43 inch HDTV with Amazon Prime Video, Apple TV, Netflix",Entertainment/Tech,-73.102554,-15.991504
"43 inch HDTV with Amazon Prime Video, Apple TV, Netflix, standard cable",Entertainment/Tech,-58.705975,-14.642279
"43 inch HDTV with Amazon Prime Video, Chromecast, Netflix, standard cable",Entertainment/Tech,-79.12519,-0.5752527
"43 inch HDTV with Amazon Prime Video, Disney+, Netflix",Entertainment/Tech,-74.882675,-10.9055
"43 inch HDTV with Amazon Prime Video, HBO Max, Netflix",Entertainment/Tech,-72.42586,-17.163065
"43 inch HDTV with Amazon Prime Video, Hulu, Netflix",Entertainment/Tech,-72.53495,-17.113956
"43 inch HDTV with Amazon Prime Video, Netflix",Entertainment/Tech,-72.053955,-17.428867
"43 inch HDTV with Amazon Prime Video, Netflix, Apple TV, Disney+",Entertainment/Tech,-75.65107,-11.013389
"43 inch HDTV with Amazon Prime Video, Netflix, standard cable",Entertainment/Tech,-58.47479,-14.467727
43 inch HDTV with Apple TV,Entertainment/Tech,-50.229965,2.5463
"43 inch HDTV with Apple TV, Disney+, Netflix",Entertainment/Tech,-66.090355,0.75352716
"43 inch HDTV with Apple TV, Netflix",Entertainment/Tech,-50.25114,-2.8414664
"43 inch HDTV with Chromecast, Amazon Prime Video, Netflix",Entertainment/Tech,-79.08565,-2.0418217
"43 inch HDTV with Chromecast, Netflix",Entertainment/Tech,-81.545525,5.585554
"43 inch HDTV with Chromecast, Netflix, Disney+",Entertainment/Tech,-70.36419,2.9549332
"43 inch HDTV with Chromecast, premium cable, Netflix, standard cable",Entertainment/Tech,-79.01392,0.35914895
43 inch HDTV with DVD player,Entertainment/Tech,-31.089922,4.6861296
"43 inch HDTV with DVD player, Disney+, Netflix, Apple TV",Entertainment/Tech,-66.34565,0.89366406
"43 inch HDTV with Disney+, Fire TV, Chromecast, Netflix",Entertainment/Tech,-70.266426,2.951973
"43 inch HDTV with Disney+, Netflix",Entertainment/Tech,-65.934784,4.5029464
"43 inch HDTV with Disney+, Netflix, Amazon Prime Video, Apple TV",Entertainment/Tech,-75.77896,-10.955632
43 inch HDTV with Fire TV,Entertainment/Tech,-37.41159,-2.075457
"43 inch HDTV with Fire TV, Netflix",Entertainment/Tech,-38.450924,-3.6343648
43 inch HDTV with Netflix,Entertainment/Tech,-41.92849,-19.806448
"43 inch HDTV with Netflix, Amazon Prime Video",Entertainment/Tech,-71.931076,-17.615204
"43 inch HDTV with Netflix, Apple TV, Disney+",Entertainment/Tech,-66.10949,0.81972754
"43 inch HDTV with Netflix, Chromecast",Entertainment/Tech,-81.55915,5.56995
"43 inch HDTV with Netflix, DVD player",Entertainment/Tech,-42.549114,-19.725204
"43 inch HDTV with Netflix, Disney+",Entertainment/Tech,-65.95507,4.3954363
"43 inch HDTV with Netflix, premium cable",Entertainment/Tech,-46.182983,-17.862839
"43 inch HDTV with Netflix, premium cable, Fire TV",Entertainment/Tech,-39.63103,-4.02796
"43 inch HDTV with Netflix, premium cable, standard cable",Entertainment/Tech,-46.537785,-18.320963
"43 inch HDTV with Netflix, standard cable",Entertainment/Tech,-46.669544,-18.160019
43 inch HDTV with premium cable,Entertainment/Tech,-28.845064,11.699363
"43 inch HDTV with premium cable, Chromecast",Entertainment/Tech,-77.62845,9.556221
"43 inch HDTV with premium cable, Netflix",Entertainment/Tech,-46.166115,-17.888157
"43 inch HDTV with premium cable, standard cable",Entertainment/Tech,-28.94802,11.658578
43 inch HDTV with standard cable,Entertainment/Tech,-29.3915,11.287772
"43 inch HDTV with standard cable, Chromecast, Netflix, premium cable, Amazon Prime Video",Entertainment/Tech,-79.15167,-0.33173597
"43 inch HDTV with standard cable, DVD player",Entertainment/Tech,-30.72542,7.854959
"43 inch HDTV with standard cable, Netflix",Entertainment/Tech,-46.58329,-18.183815
"43 inch HDTV with standard cable, Netflix, premium cable",Entertainment/Tech,-46.531097,-18.389542
"43 inch HDTV with standard cable, premium cable, Apple TV, Amazon Prime Video, Netflix",Entertainment/Tech,-58.90711,-14.811524
43 inch TV,Entertainment/Tech,-25.920235,-1.6717982
"43 inch TV with Amazon Prime Video, Apple TV, Disney+, Netflix",Entertainment/Tech,-75.70718,-10.980222
43 inch TV with Netflix,Entertainment/Tech,-41.65432,-19.820372
"43 inch TV with Netflix, standard cable, DVD player",Entertainment/Tech,-45.895912,-18.888891
44 inch HDTV,Entertainment/Tech,-24.014088,-2.8564057
"44 inch HDTV with Amazon Prime Video, Netflix, premium cable, standard cable",Entertainment/Tech,-57.484802,-14.573635
"44 inch HDTV with Apple TV, Netflix",Entertainment/Tech,-50.22528,-2.840842
"44 inch HDTV with Disney+, Netflix, premium cable",Entertainment/Tech,-63.30111,2.8321252
44 inch HDTV with Netflix,Entertainment/Tech,-40.291073,-20.18739
"44 inch HDTV with Netflix, premium cable",Entertainment/Tech,-46.148514,-16.558922
"44 inch HDTV with Netflix, standard cable",Entertainment/Tech,-46.307648,-16.678095
"44 inch HDTV with premium cable, DVD player",Entertainment/Tech,-30.210985,8.320128
"44 inch HDTV with premium cable, standard cable",Entertainment/Tech,-28.05327,11.947891
"44 inch HDTV with standard cable, Chromecast, Disney+, Netflix",Entertainment/Tech,-70.60398,3.8950984
"44 inch HDTV with standard cable, Netflix",Entertainment/Tech,-46.30342,-16.69186
44 inch TV,Entertainment/Tech,-26.077356,-1.8215575
44 inch TV with Netflix,Entertainment/Tech,-40.316372,-20.402641
"44 inch TV with standard cable, premium cable",Entertainment/Tech,-27.719353,11.7695675
45 inch HDTV,Entertainment/Tech,-24.852188,-2.3963466
45 inch HDTV with Amazon Prime Video,Entertainment/Tech,-70.84524,-15.988653
"45 inch HDTV with Amazon Prime Video, Apple TV, Disney+, Netflix",Entertainment/Tech,-75.51421,-11.797008
"45 inch HDTV with Amazon Prime Video, Netflix, premium cable, standard cable",Entertainment/Tech,-56.590454,-14.646228
45 inch HDTV with Netflix,Entertainment/Tech,-41.62285,-18.57746
"45 inch HDTV with Netflix, Amazon Prime Video",Entertainment/Tech,-70.43781,-18.699875
"45 inch HDTV with Netflix, premium cable",Entertainment/Tech,-50.51361,-15.274012
"45 inch HDTV with Netflix, standard cable",Entertainment/Tech,-50.434288,-15.308025
"45 inch HDTV with premium cable, Netflix, Roku",Entertainment/Tech,-51.157356,-15.213743
45 inch HDTV with standard cable,Entertainment/Tech,-29.928593,11.880336
"45 inch HDTV with standard cable, Netflix",Entertainment/Tech,-50.4948,-15.296131
"45 inch HDTV with standard cable, premium cable, Netflix",Entertainment/Tech,-50.90595,-15.266463
45 inch TV,Entertainment/Tech,-25.595985,-1.9856106
45 inch TV with Fire TV,Entertainment/Tech,-36.978233,-2.002524
45 inch TV with Netflix,Entertainment/Tech,-41.624737,-18.584564
45L Countertop single oven,Kitchen/Dining,31.623125,-10.816024
46 inch HDTV,Entertainment/Tech,-24.491158,-3.031588
"46 inch HDTV with Amazon Prime Video, Chromecast, Netflix, DVD player",Entertainment/Tech,-78.653076,-2.9929724
"46 inch HDTV with Amazon Prime Video, Disney+, Netflix",Entertainment/Tech,-73.13958,-10.449305
"46 inch HDTV with Apple TV, Disney+, Netflix",Entertainment/Tech,-65.08819,-0.024197262
"46 inch HDTV with Apple TV, Netflix",Entertainment/Tech,-50.816547,-3.1250224
"46 inch HDTV with Apple TV, Netflix, premium cable, Roku",Entertainment/Tech,-52.725346,-4.7351823
46 inch HDTV with Chromecast,Entertainment/Tech,-80.0939,10.612395
"46 inch HDTV with Chromecast, standard cable, premium cable",Entertainment/Tech,-77.28266,8.999094
"46 inch HDTV with Fire TV, Netflix",Entertainment/Tech,-38.50843,-3.6434355
46 inch HDTV with Netflix,Entertainment/Tech,-40.090954,-19.284813
"46 inch HDTV with Netflix, Disney+, Apple TV",Entertainment/Tech,-65.07893,0.041728605
"46 inch HDTV with Netflix, HBO Max",Entertainment/Tech,-33.980453,-13.303827
"46 inch HDTV with Netflix, premium cable",Entertainment/Tech,-46.370827,-15.276654
"46 inch HDTV with Netflix, standard cable",Entertainment/Tech,-46.492474,-15.547076
46 inch HDTV with premium cable,Entertainment/Tech,-28.73491,12.634808
"46 inch HDTV with premium cable, standard cable",Entertainment/Tech,-28.774416,12.516761
"46 inch HDTV with standard cable, Chromecast, Netflix, DVD player, premium cable",Entertainment/Tech,-78.4628,0.92645395
46 inch TV,Entertainment/Tech,-26.085339,-2.2677176
"46 inch TV with Netflix, premium cable",Entertainment/Tech,-46.359295,-15.23711
47 inch HDTV,Entertainment/Tech,-24.569668,-2.9985728
"47 inch HDTV with Amazon Prime Video, Disney+, Netflix",Entertainment/Tech,-73.20418,-10.421487
"47 inch HDTV with Amazon Prime Video, Netflix, premium cable",Entertainment/Tech,-57.76785,-13.031367
"47 inch HDTV with Apple TV, Netflix, DVD player",Entertainment/Tech,-51.156567,-3.782901
47 inch HDTV with Netflix,Entertainment/Tech,-40.0736,-19.119604
"47 inch HDTV with Netflix, Amazon Prime Video",Entertainment/Tech,-69.93473,-18.271276
"47 inch HDTV with Netflix, Disney+, Amazon Prime Video, premium cable",Entertainment/Tech,-63.77712,-8.195284
"47 inch HDTV with Netflix, premium cable",Entertainment/Tech,-46.372627,-14.826385
"47 inch HDTV with premium cable, standard cable",Entertainment/Tech,-29.323448,12.464228
47 inch HDTV with standard cable,Entertainment/Tech,-29.820824,12.290095
47 inch TV,Entertainment/Tech,-25.972895,-2.2478256
48 inch HDTV,Entertainment/Tech,-23.9996,-3.2376566
"48 inch HDTV with Amazon Prime Video, Apple TV, Disney+, Netflix, premium cable",Entertainment/Tech,-62.13613,-8.29775
"48 inch HDTV with Amazon Prime Video, Disney+, Netflix",Entertainment/Tech,-72.90251,-9.582068
"48 inch HDTV with Amazon Prime Video, Netflix",Entertainment/Tech,-70.500336,-17.982973
"48 inch HDTV with Apple TV, Chromecast, Netflix, premium cable, standard cable",Entertainment/Tech,-76.79394,1.5451453
"48 inch HDTV with Apple TV, Netflix",Entertainment/Tech,-50.064175,-3.189539
"48 inch HDTV with Apple TV, Netflix, Amazon Prime Video",Entertainment/Tech,-67.4313,-13.981212
48 inch HDTV with Chromecast,Entertainment/Tech,-80.21883,10.626789
"48 inch HDTV with Chromecast, standard cable",Entertainment/Tech,-77.337105,10.367084
"48 inch HDTV with Disney+, Amazon Prime Video, HBO Max, Hulu, Netflix",Entertainment/Tech,-72.654175,-8.905736
48 inch HDTV with Netflix,Entertainment/Tech,-39.305897,-20.185537
"48 inch HDTV with Netflix, DVD player",Entertainment/Tech,-39.269188,-20.219908
"48 inch HDTV with Netflix, Disney+",Entertainment/Tech,-65.227646,5.0065365
"48 inch HDTV with Netflix, premium cable",Entertainment/Tech,-45.054775,-15.694388
"48 inch HDTV with Netflix, standard cable",Entertainment/Tech,-45.02305,-15.856873
48 inch HDTV with premium cable,Entertainment/Tech,-27.687143,12.806365
"48 inch HDTV with premium cable, standard cable",Entertainment/Tech,-27.866158,12.871216
48 inch HDTV with standard cable,Entertainment/Tech,-27.796745,13.08767
"48 inch HDTV with standard cable, DVD player",Entertainment/Tech,-30.89543,8.173896
48 inch TV,Entertainment/Tech,-26.34646,-2.2521362
"48 inch TV with Chromecast, Netflix",Entertainment/Tech,-80.91158,5.787113
"48 inch TV with Fire TV, premium cable, Netflix, Amazon Prime Video",Entertainment/Tech,-61.267902,-8.5307665
48 inch TV with Netflix,Entertainment/Tech,-39.29286,-20.29194
"48 inch TV with Netflix, Apple TV",Entertainment/Tech,-49.931824,-3.3881297
"48 inch TV with Netflix, Fire TV",Entertainment/Tech,-38.480785,-4.063361
"48 inch TV with Netflix, standard cable",Entertainment/Tech,-44.913177,-15.8923
48 inch TV with premium cable,Entertainment/Tech,-27.36598,12.735715
49 inch HDTV,Entertainment/Tech,-24.911789,-3.1882234
"49 inch HDTV with Amazon Prime Video, Disney+, Netflix",Entertainment/Tech,-72.403725,-10.350952
"49 inch HDTV with Amazon Prime Video, Netflix, Disney+",Entertainment/Tech,-72.378006,-10.346518
"49 inch HDTV with Amazon Prime Video, Netflix, premium cable",Entertainment/Tech,-56.75975,-12.49662
"49 inch HDTV with Amazon Prime Video, Netflix, standard cable",Entertainment/Tech,-56.707546,-12.499136
49 inch HDTV with Apple TV,Entertainment/Tech,-50.422092,3.1294608
"49 inch HDTV with Apple TV, Amazon Prime Video, Disney+, Netflix",Entertainment/Tech,-66.05685,-1.2339579
"49 inch HDTV with Apple TV, Chromecast, Netflix",Entertainment/Tech,-74.34793,2.167321
"49 inch HDTV with Apple TV, Disney+, Netflix",Entertainment/Tech,-65.76348,-0.96335465
"49 inch HDTV with Apple TV, Netflix",Entertainment/Tech,-51.507435,-3.1640546
"49 inch HDTV with Apple TV, Netflix, standard cable",Entertainment/Tech,-53.97555,-4.664853
"49 inch HDTV with Chromecast, Netflix",Entertainment/Tech,-79.85306,4.9259887
"49 inch HDTV with Chromecast, Netflix, premium cable",Entertainment/Tech,-78.50466,4.2916117
49 inch HDTV with Netflix,Entertainment/Tech,-40.398594,-18.393717
"49 inch HDTV with Netflix, Amazon Prime Video, Apple TV",Entertainment/Tech,-56.23396,-11.430742
"49 inch HDTV with Netflix, premium cable",Entertainment/Tech,-48.040565,-14.319893
"49 inch HDTV with Netflix, premium cable, DVD player",Entertainment/Tech,-48.806564,-14.035327
"49 inch HDTV with Netflix, standard cable",Entertainment/Tech,-47.96865,-14.377698
"49 inch HDTV with Netflix, standard cable, Amazon Prime Video",Entertainment/Tech,-56.603516,-12.3997555
"49 inch HDTV with Netflix, standard cable, premium cable, Apple TV",Entertainment/Tech,-53.97622,-4.850115
"49 inch HDTV with premium cable, Netflix",Entertainment/Tech,-48.110703,-14.289367
49 inch HDTV with standard cable,Entertainment/Tech,-30.510885,11.94006
"49 inch HDTV with standard cable, Netflix",Entertainment/Tech,-48.011658,-14.350939
49 inch TV,Entertainment/Tech,-25.902811,-2.7208853
49 inch TV with premium cable,Entertainment/Tech,-30.877924,11.856844
"49 inch TV with standard cable, DVD player",Entertainment/Tech,-31.557045,9.348473
"5 inch HDTV with Amazon Prime Video, Netflix",Entertainment/Tech,-69.19138,-19.603212
50 inch HDTV,Entertainment/Tech,-25.419136,-3.9773433
50 inch HDTV with Amazon Prime Video,Entertainment/Tech,-69.68718,-15.587925
"50 inch HDTV with Amazon Prime Video, Apple TV, Chromecast, Disney+, Netflix",Entertainment/Tech,-73.69087,-2.5413022
"50 inch HDTV with Amazon Prime Video, Apple TV, Disney+, HBO Max, Hulu, Netflix",Entertainment/Tech,-70.36854,-12.308309
"50 inch HDTV with Amazon Prime Video, Apple TV, Disney+, Netflix",Entertainment/Tech,-70.67896,-12.214936
"50 inch HDTV with Amazon Prime Video, Apple TV, Hulu, Netflix, Roku",Entertainment/Tech,-70.26633,-12.826089
"50 inch HDTV with Amazon Prime Video, Apple TV, Netflix",Entertainment/Tech,-70.176765,-13.468462
"50 inch HDTV with Amazon Prime Video, Chromecast, Netflix",Entertainment/Tech,-75.34559,-3.1819587
"50 inch HDTV with Amazon Prime Video, Disney+, Fire TV, HBO Max, Netflix, Chromecast",Entertainment/Tech,-73.732216,-2.4544594
"50 inch HDTV with Amazon Prime Video, Disney+, Netflix",Entertainment/Tech,-71.03236,-11.763462
"50 inch HDTV with Amazon Prime Video, Disney+, Netflix, Apple TV",Entertainment/Tech,-70.674385,-12.231484
"50 inch HDTV with Amazon Prime Video, Disney+, Netflix, standard cable, DVD player",Entertainment/Tech,-58.60404,-7.9486303
"50 inch HDTV with Amazon Prime Video, Netflix",Entertainment/Tech,-69.43294,-16.677668
"50 inch HDTV with Amazon Prime Video, Netflix, Apple TV",Entertainment/Tech,-70.17381,-13.476756
"50 inch HDTV with Amazon Prime Video, Netflix, Fire TV",Entertainment/Tech,-70.10127,-14.055958
50 inch HDTV with Apple TV,Entertainment/Tech,-50.982456,3.522014
"50 inch HDTV with Apple TV, Chromecast, Netflix",Entertainment/Tech,-74.74309,1.6946533
"50 inch HDTV with Apple TV, Chromecast, Netflix, premium cable, standard cable",Entertainment/Tech,-75.677635,1.277578
"50 inch HDTV with Apple TV, Netflix",Entertainment/Tech,-52.33338,-2.534797
"50 inch HDTV with Apple TV, Netflix, standard cable, DVD player",Entertainment/Tech,-56.445564,-7.2716084
"50 inch HDTV with Apple TV, standard cable",Entertainment/Tech,-52.637802,4.6842394
50 inch HDTV with Chromecast,Entertainment/Tech,-79.883415,11.273907
"50 inch HDTV with Chromecast, Netflix",Entertainment/Tech,-79.28786,5.2044506
"50 inch HDTV with Chromecast, Netflix, Amazon Prime Video",Entertainment/Tech,-75.38358,-3.134393
"50 inch HDTV with Chromecast, Netflix, premium cable",Entertainment/Tech,-77.62741,3.8205676
"50 inch HDTV with Chromecast, Netflix, standard cable",Entertainment/Tech,-77.593025,3.8027718
50 inch HDTV with DVD player,Entertainment/Tech,-31.823486,3.9079695
"50 inch HDTV with Disney+, Netflix",Entertainment/Tech,-62.78629,6.05553
"50 inch HDTV with Disney+, Netflix, Apple TV, Amazon Prime Video, Chromecast, premium cable",Entertainment/Tech,-73.73582,-1.409653
"50 inch HDTV with Disney+, Netflix, premium cable, Apple TV",Entertainment/Tech,-60.953857,1.3871536
"50 inch HDTV with Disney+, Netflix, premium cable, standard cable",Entertainment/Tech,-61.049606,2.261045
"50 inch HDTV with Disney+, Netflix, standard cable",Entertainment/Tech,-61.150284,2.514555
50 inch HDTV with Netflix,Entertainment/Tech,-39.566013,-16.499739
"50 inch HDTV with Netflix, Amazon Prime Video",Entertainment/Tech,-69.401825,-16.874811
"50 inch HDTV with Netflix, Amazon Prime Video, Chromecast, Disney+",Entertainment/Tech,-73.71951,-2.412735
"50 inch HDTV with Netflix, Amazon Prime Video, Disney+",Entertainment/Tech,-71.056526,-11.6289015
"50 inch HDTV with Netflix, Apple TV",Entertainment/Tech,-52.33094,-2.5313003
"50 inch HDTV with Netflix, Chromecast",Entertainment/Tech,-79.32073,5.2120495
"50 inch HDTV with Netflix, DVD player",Entertainment/Tech,-39.271454,-16.238306
"50 inch HDTV with Netflix, Disney+",Entertainment/Tech,-62.74146,6.0519133
"50 inch HDTV with Netflix, Roku",Entertainment/Tech,-40.021786,-15.9632015
"50 inch HDTV with Netflix, premium cable",Entertainment/Tech,-48.57674,-11.66576
"50 inch HDTV with Netflix, premium cable, Amazon Prime Video",Entertainment/Tech,-57.483627,-9.281102
"50 inch HDTV with Netflix, premium cable, standard cable",Entertainment/Tech,-48.728188,-10.988286
"50 inch HDTV with Netflix, premium cable, standard cable, Amazon Prime Video, HBO Max",Entertainment/Tech,-57.193417,-8.623822
"50 inch HDTV with Netflix, standard cable",Entertainment/Tech,-48.342228,-11.277644
"50 inch HDTV with Netflix, standard cable, premium cable, Apple TV",Entertainment/Tech,-56.559105,-7.499347
50 inch HDTV with premium cable,Entertainment/Tech,-31.378834,14.018674
"50 inch HDTV with premium cable, Netflix",Entertainment/Tech,-48.635326,-11.609155
"50 inch HDTV with premium cable, Netflix, Chromecast, Apple TV",Entertainment/Tech,-75.629906,1.3658153
"50 inch HDTV with premium cable, standard cable",Entertainment/Tech,-31.405754,13.8264475
"50 inch HDTV with premium cable, standard cable, Netflix",Entertainment/Tech,-48.863308,-10.857131
50 inch HDTV with standard cable,Entertainment/Tech,-31.36852,13.418234
"50 inch HDTV with standard cable, Amazon Prime Video, Apple TV, Netflix",Entertainment/Tech,-57.31223,-8.076591
"50 inch HDTV with standard cable, Chromecast, DVD player, premium cable",Entertainment/Tech,-74.717964,0.14815289
"50 inch HDTV with standard cable, DVD player",Entertainment/Tech,-32.32327,9.250051
"50 inch HDTV with standard cable, DVD player, Netflix",Entertainment/Tech,-49.260876,-10.201949
"50 inch HDTV with standard cable, Netflix",Entertainment/Tech,-48.411404,-11.239786
"50 inch HDTV with standard cable, Netflix, Disney+, Apple TV, premium cable",Entertainment/Tech,-60.823963,1.5290487
"50 inch HDTV with standard cable, Roku",Entertainment/Tech,-32.27199,13.079188
"50 inch HDTV with standard cable, premium cable, Disney+, Chromecast, Amazon Prime Video, Apple TV",Entertainment/Tech,-74.13011,-0.4778748
50 inch TV,Entertainment/Tech,-25.970898,-3.8657155
"50 inch TV with Apple TV, Netflix",Entertainment/Tech,-52.338734,-2.6137493
"50 inch TV with Chromecast, Netflix",Entertainment/Tech,-79.2816,5.115101
50 inch TV with Netflix,Entertainment/Tech,-39.60182,-16.60319
"50 inch TV with Netflix, Disney+",Entertainment/Tech,-62.583298,6.183856
"50 inch TV with Netflix, premium cable",Entertainment/Tech,-48.667397,-11.826783
50 inch TV with premium cable,Entertainment/Tech,-31.636,14.0377865
"50 inch TV with premium cable, standard cable",Entertainment/Tech,-31.629498,13.938462
50 inch TV with standard cable,Entertainment/Tech,-31.544792,13.5643215
500lt Hitachi  refrigerator,Kitchen/Dining,4.3235936,10.390905
"51 inch HDTV with Amazon Prime Video, Apple TV, Chromecast, Netflix",Entertainment/Tech,-73.44611,-3.818529
"51 inch HDTV with Chromecast, Amazon Prime Video, Disney+, Netflix",Entertainment/Tech,-73.59404,-3.7244642
51 inch HDTV with Netflix,Entertainment/Tech,-39.33126,-17.723948
"51 inch HDTV with Netflix, premium cable",Entertainment/Tech,-46.852642,-12.622975
"51 inch HDTV with Netflix, standard cable",Entertainment/Tech,-46.81632,-12.463971
"51 inch HDTV with premium cable, Netflix",Entertainment/Tech,-46.871895,-12.608183
51 inch HDTV with standard cable,Entertainment/Tech,-30.40348,13.28858
52 inch HDTV,Entertainment/Tech,-24.345228,-3.9869173
52 inch HDTV with Amazon Prime Video,Entertainment/Tech,-68.90425,-15.557538
"52 inch HDTV with Amazon Prime Video, Apple TV, Chromecast, Disney+, Netflix",Entertainment/Tech,-72.79461,-4.4447193
"52 inch HDTV with Amazon Prime Video, Apple TV, Disney+, Netflix",Entertainment/Tech,-69.29633,-10.986037
"52 inch HDTV with Amazon Prime Video, Apple TV, Netflix",Entertainment/Tech,-68.176735,-13.152289
"52 inch HDTV with Amazon Prime Video, Netflix",Entertainment/Tech,-68.8549,-17.95563
"52 inch HDTV with Amazon Prime Video, Netflix, DVD player",Entertainment/Tech,-68.43051,-13.536155
52 inch HDTV with Apple TV,Entertainment/Tech,-51.12083,2.9782302
"52 inch HDTV with Apple TV, Disney+, Netflix, Amazon Prime Video",Entertainment/Tech,-69.27461,-10.962583
"52 inch HDTV with Apple TV, Netflix, standard cable",Entertainment/Tech,-55.306095,-3.2330358
"52 inch HDTV with Apple TV, standard cable, Disney+",Entertainment/Tech,-61.490734,-1.6972661
52 inch HDTV with Chromecast,Entertainment/Tech,-80.166534,10.96185
"52 inch HDTV with Chromecast, Netflix, DVD player",Entertainment/Tech,-77.60906,5.308988
52 inch HDTV with DVD player,Entertainment/Tech,-31.940609,3.7548907
"52 inch HDTV with Disney+, Netflix",Entertainment/Tech,-64.355576,5.100721
52 inch HDTV with HBO Max,Entertainment/Tech,-33.245724,-11.742681
52 inch HDTV with Netflix,Entertainment/Tech,-38.6305,-18.532623
"52 inch HDTV with Netflix, Amazon Prime Video",Entertainment/Tech,-68.87304,-18.062862
"52 inch HDTV with Netflix, Apple TV, Disney+",Entertainment/Tech,-64.24954,-0.31749445
"52 inch HDTV with Netflix, premium cable",Entertainment/Tech,-45.354702,-12.61862
"52 inch HDTV with Netflix, premium cable, Disney+",Entertainment/Tech,-62.949215,3.2143621
"52 inch HDTV with Netflix, premium cable, standard cable",Entertainment/Tech,-45.60942,-11.347627
"52 inch HDTV with Netflix, standard cable",Entertainment/Tech,-45.228916,-12.026811
"52 inch HDTV with Netflix, standard cable, premium cable",Entertainment/Tech,-45.617306,-11.36932
52 inch HDTV with premium cable,Entertainment/Tech,-29.233128,13.876772
"52 inch HDTV with premium cable, Netflix, standard cable",Entertainment/Tech,-45.7116,-11.149009
"52 inch HDTV with standard cable, Netflix",Entertainment/Tech,-45.289722,-11.952043
"52 inch HDTV with standard cable, Netflix, premium cable",Entertainment/Tech,-45.71858,-11.126017
"52 inch HDTV with standard cable, premium cable, Netflix",Entertainment/Tech,-45.749454,-11.069537
52 inch TV,Entertainment/Tech,-26.226637,-3.593517
52 inch TV with Apple TV,Entertainment/Tech,-51.050236,2.96136
52 inch TV with Netflix,Entertainment/Tech,-38.599907,-18.581745
53 inch HDTV,Entertainment/Tech,-23.779787,-4.4419513
53 inch HDTV with Netflix,Entertainment/Tech,-37.273895,-18.711296
"53 inch HDTV with Netflix, premium cable",Entertainment/Tech,-44.127934,-13.364083
"53 inch HDTV with Netflix, premium cable, DVD player",Entertainment/Tech,-45.42596,-8.770234
54 inch HDTV,Entertainment/Tech,-23.915146,-3.8663678
"54 inch HDTV with Amazon Prime Video, Apple TV, Chromecast, Disney+, Fire TV, HBO Max, Hulu, Netflix, premium cable",Entertainment/Tech,-66.906944,-4.7058163
"54 inch HDTV with Amazon Prime Video, Netflix, premium cable, standard cable",Entertainment/Tech,-58.99193,-12.945465
54 inch HDTV with Apple TV,Entertainment/Tech,-51.02565,2.6684885
54 inch HDTV with Chromecast,Entertainment/Tech,-80.43562,10.930869
"54 inch HDTV with Chromecast, Netflix",Entertainment/Tech,-80.5691,6.4488835
"54 inch HDTV with Fire TV, Netflix, standard cable",Entertainment/Tech,-39.826355,-3.968301
54 inch HDTV with Netflix,Entertainment/Tech,-38.04996,-19.73022
"54 inch HDTV with Netflix, premium cable",Entertainment/Tech,-44.21668,-14.247823
"54 inch HDTV with premium cable, standard cable",Entertainment/Tech,-27.99326,13.89982
54 inch HDTV with standard cable,Entertainment/Tech,-27.815825,14.043634
54 inch TV,Entertainment/Tech,-26.65031,-2.9948144
54 inch TV with Netflix,Entertainment/Tech,-38.124847,-19.774567
55 inch HDTV,Entertainment/Tech,-24.191378,-4.4672804
55 inch HDTV with Amazon Prime Video,Entertainment/Tech,-68.72939,-15.532342
"55 inch HDTV with Amazon Prime Video, Apple TV",Entertainment/Tech,-66.69311,-13.40047
"55 inch HDTV with Amazon Prime Video, Apple TV, Chromecast, Disney+, Fire TV, HBO Max, Hulu, Netflix, premium cable, Roku, standard cable",Entertainment/Tech,-66.71899,-4.774411
"55 inch HDTV with Amazon Prime Video, Apple TV, Chromecast, Disney+, Netflix",Entertainment/Tech,-72.46378,-4.127279
"55 inch HDTV with Amazon Prime Video, Apple TV, Chromecast, Netflix",Entertainment/Tech,-72.70328,-3.888761
"55 inch HDTV with Amazon Prime Video, Apple TV, Disney+, Chromecast, Netflix",Entertainment/Tech,-72.470215,-4.1228676
"55 inch HDTV with Amazon Prime Video, Apple TV, Disney+, HBO Max, Hulu, Netflix",Entertainment/Tech,-67.60995,-9.770232
"55 inch HDTV with Amazon Prime Video, Apple TV, Disney+, Hulu, Netflix",Entertainment/Tech,-68.09164,-9.6670475
"55 inch HDTV with Amazon Prime Video, Apple TV, Disney+, Netflix",Entertainment/Tech,-68.72918,-10.069744
"55 inch HDTV with Amazon Prime Video, Apple TV, Disney+, Netflix, premium cable",Entertainment/Tech,-63.146004,-7.6565533
"55 inch HDTV with Amazon Prime Video, Apple TV, Disney+, Netflix, standard cable, DVD player",Entertainment/Tech,-62.593033,-7.199309
"55 inch HDTV with Amazon Prime Video, Apple TV, Netflix",Entertainment/Tech,-67.142334,-12.730972
"55 inch HDTV with Amazon Prime Video, Apple TV, Netflix, Disney+",Entertainment/Tech,-68.739944,-10.02957
"55 inch HDTV with Amazon Prime Video, Apple TV, Netflix, premium cable",Entertainment/Tech,-62.56269,-9.643872
"55 inch HDTV with Amazon Prime Video, Chromecast",Entertainment/Tech,-75.72372,-2.0293446
"55 inch HDTV with Amazon Prime Video, Chromecast, Disney+, Netflix",Entertainment/Tech,-72.64285,-3.9918242
"55 inch HDTV with Amazon Prime Video, Chromecast, premium cable",Entertainment/Tech,-75.65736,-1.8549227
"55 inch HDTV with Amazon Prime Video, Disney+",Entertainment/Tech,-70.717575,-8.25814
"55 inch HDTV with Amazon Prime Video, Disney+, Hulu, Netflix",Entertainment/Tech,-68.73824,-9.093983
"55 inch HDTV with Amazon Prime Video, Disney+, Netflix",Entertainment/Tech,-70.07422,-8.813492
"55 inch HDTV with Amazon Prime Video, Disney+, Netflix, premium cable",Entertainment/Tech,-63.910255,-7.5615325
"55 inch HDTV with Amazon Prime Video, HBO Max, Hulu, Netflix, DVD player",Entertainment/Tech,-66.88118,-9.966988
"55 inch HDTV with Amazon Prime Video, Netflix",Entertainment/Tech,-68.15861,-17.956457
"55 inch HDTV with Amazon Prime Video, Netflix, Apple TV",Entertainment/Tech,-67.126976,-12.743817
"55 inch HDTV with Amazon Prime Video, Netflix, premium cable",Entertainment/Tech,-59.633705,-11.668421
"55 inch HDTV with Amazon Prime Video, Netflix, premium cable, standard cable",Entertainment/Tech,-59.63578,-11.853985
"55 inch HDTV with Amazon Prime Video, Netflix, standard cable",Entertainment/Tech,-59.713886,-11.732362
"55 inch HDTV with Amazon Prime Video, standard cable, Netflix, Apple TV",Entertainment/Tech,-62.453373,-9.720454
55 inch HDTV with Apple TV,Entertainment/Tech,-51.313488,3.0638266
"55 inch HDTV with Apple TV, Chromecast, Netflix",Entertainment/Tech,-73.82391,1.888067
"55 inch HDTV with Apple TV, Disney+, Netflix",Entertainment/Tech,-63.798775,-0.99727935
"55 inch HDTV with Apple TV, Disney+, Netflix, premium cable",Entertainment/Tech,-62.00559,-1.7449079
"55 inch HDTV with Apple TV, Disney+, Netflix, standard cable",Entertainment/Tech,-61.761913,-1.847257
"55 inch HDTV with Apple TV, Netflix",Entertainment/Tech,-52.79942,-1.5822397
"55 inch HDTV with Apple TV, Netflix, Amazon Prime Video",Entertainment/Tech,-66.99986,-12.712239
"55 inch HDTV with Apple TV, Netflix, Chromecast",Entertainment/Tech,-73.84132,1.905359
"55 inch HDTV with Apple TV, Netflix, premium cable",Entertainment/Tech,-55.54324,-2.9541128
"55 inch HDTV with Apple TV, Netflix, standard cable",Entertainment/Tech,-55.550743,-3.0725415
"55 inch HDTV with Apple TV, premium cable",Entertainment/Tech,-52.71056,4.3379726
"55 inch HDTV with Apple TV, premium cable, DVD player, Disney+, Netflix",Entertainment/Tech,-62.162037,-1.8965423
"55 inch HDTV with Apple TV, premium cable, Netflix, Disney+",Entertainment/Tech,-62.1864,-1.7620016
"55 inch HDTV with Apple TV, standard cable",Entertainment/Tech,-52.746063,4.4933844
"55 inch HDTV with Apple TV, standard cable, Netflix",Entertainment/Tech,-55.532555,-3.0862913
55 inch HDTV with Chromecast,Entertainment/Tech,-80.196434,11.150396
"55 inch HDTV with Chromecast, Apple TV, premium cable, Netflix, Disney+",Entertainment/Tech,-71.547806,0.37811238
"55 inch HDTV with Chromecast, Netflix",Entertainment/Tech,-79.74646,6.312272
"55 inch HDTV with Chromecast, Netflix, premium cable",Entertainment/Tech,-77.09701,4.8759665
"55 inch HDTV with Chromecast, Netflix, premium cable, standard cable",Entertainment/Tech,-76.66984,4.7274737
55 inch HDTV with DVD player,Entertainment/Tech,-32.0091,3.704997
"55 inch HDTV with DVD player, Netflix",Entertainment/Tech,-36.175663,-16.469458
"55 inch HDTV with DVD player, Netflix, Amazon Prime Video, Apple TV, standard cable",Entertainment/Tech,-62.028023,-7.208422
"55 inch HDTV with DVD player, Netflix, Apple TV, HBO Max",Entertainment/Tech,-56.73593,-4.1628766
"55 inch HDTV with Disney+, DVD player, Amazon Prime Video",Entertainment/Tech,-70.75944,-8.19914
"55 inch HDTV with Disney+, Netflix",Entertainment/Tech,-64.08623,5.2983303
"55 inch HDTV with Disney+, Netflix, Amazon Prime Video",Entertainment/Tech,-70.195946,-8.650177
"55 inch HDTV with Disney+, Netflix, Chromecast",Entertainment/Tech,-70.89495,0.9368414
"55 inch HDTV with Disney+, Netflix, premium cable",Entertainment/Tech,-62.47863,3.6107962
55 inch HDTV with Fire TV,Entertainment/Tech,-37.725403,-1.8186007
"55 inch HDTV with Fire TV, Netflix",Entertainment/Tech,-38.682083,-3.5126708
55 inch HDTV with Netflix,Entertainment/Tech,-37.57156,-18.283672
"55 inch HDTV with Netflix, Amazon Prime Video",Entertainment/Tech,-68.14653,-18.032484
"55 inch HDTV with Netflix, Amazon Prime Video, Disney+",Entertainment/Tech,-69.82386,-8.889365
"55 inch HDTV with Netflix, Amazon Prime Video, premium cable",Entertainment/Tech,-59.532684,-11.57706
"55 inch HDTV with Netflix, Apple TV",Entertainment/Tech,-52.79449,-1.5812582
"55 inch HDTV with Netflix, Apple TV, Disney+",Entertainment/Tech,-63.930077,-0.81904376
"55 inch HDTV with Netflix, Chromecast",Entertainment/Tech,-79.77511,6.2820296
"55 inch HDTV with Netflix, Chromecast, Disney+",Entertainment/Tech,-70.98509,0.85274285
"55 inch HDTV with Netflix, Chromecast, Disney+, Apple TV",Entertainment/Tech,-71.46377,0.5198735
"55 inch HDTV with Netflix, DVD player",Entertainment/Tech,-36.200924,-16.558228
"55 inch HDTV with Netflix, DVD player, premium cable",Entertainment/Tech,-45.665287,-8.920465
"55 inch HDTV with Netflix, Disney+",Entertainment/Tech,-64.0622,5.233649
"55 inch HDTV with Netflix, Disney+, Apple TV",Entertainment/Tech,-63.91131,-0.86205727
"55 inch HDTV with Netflix, Disney+, Apple TV, Amazon Prime Video",Entertainment/Tech,-68.79532,-10.0116
"55 inch HDTV with Netflix, Disney+, Apple TV, Amazon Prime Video, standard cable",Entertainment/Tech,-63.091778,-7.227831
"55 inch HDTV with Netflix, Disney+, premium cable",Entertainment/Tech,-62.48082,3.5758789
"55 inch HDTV with Netflix, HBO Max, Amazon Prime Video",Entertainment/Tech,-67.71283,-18.593523
"55 inch HDTV with Netflix, Hulu",Entertainment/Tech,-37.858627,-17.673872
"55 inch HDTV with Netflix, premium cable",Entertainment/Tech,-44.220947,-12.965553
"55 inch HDTV with Netflix, premium cable, Amazon Prime Video, Apple TV",Entertainment/Tech,-62.71295,-9.436399
"55 inch HDTV with Netflix, premium cable, Chromecast",Entertainment/Tech,-77.0955,4.852424
"55 inch HDTV with Netflix, premium cable, DVD player",Entertainment/Tech,-45.632957,-8.884547
"55 inch HDTV with Netflix, premium cable, standard cable",Entertainment/Tech,-44.657974,-10.733002
"55 inch HDTV with Netflix, premium cable, standard cable, DVD player",Entertainment/Tech,-45.816856,-8.9654875
"55 inch HDTV with Netflix, standard cable",Entertainment/Tech,-43.75714,-11.777156
"55 inch HDTV with Netflix, standard cable, Apple TV",Entertainment/Tech,-55.581055,-3.2353857
"55 inch HDTV with Roku, Netflix, Amazon Prime Video, Apple TV, HBO Max",Entertainment/Tech,-64.67171,-9.704996
55 inch HDTV with premium cable,Entertainment/Tech,-29.292107,14.535664
"55 inch HDTV with premium cable, Disney+, Netflix, Amazon Prime Video",Entertainment/Tech,-63.959606,-7.4833665
"55 inch HDTV with premium cable, Netflix",Entertainment/Tech,-44.281178,-12.913876
"55 inch HDTV with premium cable, Netflix, standard cable",Entertainment/Tech,-44.800556,-10.557438
"55 inch HDTV with premium cable, standard cable",Entertainment/Tech,-28.925362,14.702252
55 inch HDTV with standard cable,Entertainment/Tech,-28.151926,15.1064825
"55 inch HDTV with standard cable, Amazon Prime Video, Netflix, Disney+, premium cable",Entertainment/Tech,-63.59732,-7.1196585
"55 inch HDTV with standard cable, Chromecast",Entertainment/Tech,-76.834595,10.405682
"55 inch HDTV with standard cable, DVD player",Entertainment/Tech,-32.116215,8.974088
"55 inch HDTV with standard cable, Netflix",Entertainment/Tech,-43.85535,-11.747701
"55 inch HDTV with standard cable, Netflix, Apple TV",Entertainment/Tech,-55.679474,-3.2559757
"55 inch HDTV with standard cable, Netflix, premium cable",Entertainment/Tech,-44.830635,-10.496921
"55 inch HDTV with standard cable, premium cable",Entertainment/Tech,-28.84785,14.733689
"55 inch HDTV with standard cable, premium cable, DVD player, Netflix",Entertainment/Tech,-45.98149,-8.996013
55 inch TV,Entertainment/Tech,-26.090235,-4.1762652
"55 inch TV with Amazon Prime Video, Apple TV, Netflix",Entertainment/Tech,-67.205154,-12.593793
"55 inch TV with Amazon Prime Video, Chromecast, Disney+, Netflix, premium cable, standard cable",Entertainment/Tech,-65.94845,-5.165589
"55 inch TV with Amazon Prime Video, Disney+, Netflix, premium cable",Entertainment/Tech,-64.20502,-7.578072
"55 inch TV with Amazon Prime Video, Netflix",Entertainment/Tech,-68.08514,-17.917097
"55 inch TV with Amazon Prime Video, Netflix, Disney+",Entertainment/Tech,-69.70219,-9.12167
"55 inch TV with Apple TV, Amazon Prime Video, Disney+, Netflix",Entertainment/Tech,-68.64146,-10.1029
"55 inch TV with Disney+, HBO Max, Netflix",Entertainment/Tech,-63.80128,4.7587905
55 inch TV with Netflix,Entertainment/Tech,-37.921623,-18.386435
"55 inch TV with Netflix, standard cable",Entertainment/Tech,-43.637684,-11.932261
55 inch TV with standard cable,Entertainment/Tech,-27.448288,15.7089
56 inch HDTV,Entertainment/Tech,-23.983482,-4.469974
"56 inch HDTV with Amazon Prime Video, Disney+, Netflix",Entertainment/Tech,-70.52386,-8.931105
"56 inch HDTV with Amazon Prime Video, standard cable",Entertainment/Tech,-60.35444,-12.681626
56 inch HDTV with Chromecast,Entertainment/Tech,-80.43988,11.013006
"56 inch HDTV with Chromecast, Netflix",Entertainment/Tech,-80.093765,6.590928
56 inch HDTV with Netflix,Entertainment/Tech,-37.118404,-18.608906
"56 inch HDTV with Netflix, premium cable",Entertainment/Tech,-43.39824,-13.342175
56 inch HDTV with standard cable,Entertainment/Tech,-27.885994,15.133896
"56 inch HDTV with standard cable, Netflix",Entertainment/Tech,-42.987514,-12.135836
56 inch TV with Netflix,Entertainment/Tech,-37.644913,-18.949373
"56 inch TV with standard cable, Netflix",Entertainment/Tech,-42.821404,-12.342569
57 inch HDTV,Entertainment/Tech,-23.991592,-4.7291565
"57 inch HDTV with Amazon Prime Video, Disney+, Netflix",Entertainment/Tech,-70.31135,-8.971267
57 inch HDTV with Netflix,Entertainment/Tech,-37.050278,-18.423386
"57 inch HDTV with Netflix, Amazon Prime Video",Entertainment/Tech,-67.79986,-17.93032
"57 inch HDTV with Netflix, standard cable",Entertainment/Tech,-43.021,-11.709446
"57 inch HDTV with standard cable, premium cable",Entertainment/Tech,-28.762333,15.003206
"57 inch TV with Netflix, Disney+, Apple TV, Amazon Prime Video",Entertainment/Tech,-69.40748,-9.86456
58 inch HDTV,Entertainment/Tech,-24.204767,-4.601318
"58 inch HDTV with Amazon Prime Video, Apple TV, Disney+, Netflix",Entertainment/Tech,-68.23197,-10.973197
"58 inch HDTV with Amazon Prime Video, Apple TV, Fire TV, Netflix",Entertainment/Tech,-67.788025,-11.63162
"58 inch HDTV with Amazon Prime Video, Chromecast, Netflix",Entertainment/Tech,-75.787186,-2.5787716
"58 inch HDTV with Apple TV, DVD player",Entertainment/Tech,-51.862915,3.102166
"58 inch HDTV with Apple TV, Disney+, Netflix",Entertainment/Tech,-63.410423,-1.07085
"58 inch HDTV with Apple TV, Disney+, Netflix, premium cable",Entertainment/Tech,-62.31165,-1.3693005
58 inch HDTV with Chromecast,Entertainment/Tech,-80.39908,11.071974
"58 inch HDTV with Chromecast, Apple TV, Amazon Prime Video, Netflix, standard cable",Entertainment/Tech,-76.01528,3.6679118
"58 inch HDTV with Chromecast, Netflix",Entertainment/Tech,-79.97784,6.5221233
"58 inch HDTV with Disney+, Netflix",Entertainment/Tech,-64.1614,5.495415
"58 inch HDTV with Disney+, Netflix, standard cable",Entertainment/Tech,-61.893425,3.6392384
58 inch HDTV with Netflix,Entertainment/Tech,-37.019188,-18.09485
"58 inch HDTV with Netflix, DVD player",Entertainment/Tech,-36.479298,-16.72374
"58 inch HDTV with Netflix, premium cable",Entertainment/Tech,-43.18387,-13.1802635
"58 inch HDTV with Netflix, standard cable",Entertainment/Tech,-42.98565,-11.697961
"58 inch HDTV with Netflix, standard cable, Amazon Prime Video",Entertainment/Tech,-59.027756,-11.305783
"58 inch HDTV with Netflix, standard cable, premium cable",Entertainment/Tech,-43.503925,-10.947566
58 inch HDTV with premium cable,Entertainment/Tech,-29.473297,14.70198
58 inch HDTV with standard cable,Entertainment/Tech,-27.906845,15.144838
"58 inch HDTV with standard cable, Chromecast, Netflix",Entertainment/Tech,-76.25774,4.1413302
"58 inch HDTV with standard cable, Netflix, HBO Max",Entertainment/Tech,-43.367996,-10.524968
"59 inch HDTV with Netflix, premium cable",Entertainment/Tech,-42.87873,-13.4430895
"59 inch TV with Netflix, standard cable",Entertainment/Tech,-42.536583,-12.472792
6 Plate  Smeg gas stove stainless steel gas stove,Kitchen/Dining,60.958633,-4.412816
60 inch HDTV,Entertainment/Tech,-24.848269,-4.9832234
"60 inch HDTV with Amazon Prime Video, Apple TV, Chromecast, Disney+, Netflix",Entertainment/Tech,-71.76781,-4.6369944
"60 inch HDTV with Amazon Prime Video, Apple TV, HBO Max, Hulu, Netflix",Entertainment/Tech,-66.359245,-10.726778
"60 inch HDTV with Amazon Prime Video, Disney+, Fire TV, Hulu, Netflix",Entertainment/Tech,-68.507675,-8.572348
"60 inch HDTV with Amazon Prime Video, Disney+, Netflix",Entertainment/Tech,-69.10735,-8.271881
"60 inch HDTV with Amazon Prime Video, Netflix",Entertainment/Tech,-67.53785,-17.324486
"60 inch HDTV with Amazon Prime Video, Netflix, standard cable",Entertainment/Tech,-59.78353,-10.982634
"60 inch HDTV with Apple TV, Amazon Prime Video, Netflix",Entertainment/Tech,-65.917015,-11.767282
"60 inch HDTV with Apple TV, Netflix",Entertainment/Tech,-53.089653,-1.7062291
"60 inch HDTV with Apple TV, Netflix, premium cable, standard cable",Entertainment/Tech,-56.487644,-2.1814148
"60 inch HDTV with Chromecast, Netflix",Entertainment/Tech,-79.87504,6.7777247
"60 inch HDTV with DVD player, Netflix",Entertainment/Tech,-36.86983,-15.648869
"60 inch HDTV with Disney+, Netflix",Entertainment/Tech,-63.665,5.719169
"60 inch HDTV with Disney+, Netflix, premium cable",Entertainment/Tech,-62.26528,4.3218484
"60 inch HDTV with Fire TV, premium cable",Entertainment/Tech,-36.8972,-0.03259033
60 inch HDTV with Netflix,Entertainment/Tech,-37.60649,-15.984501
"60 inch HDTV with Netflix, DVD player",Entertainment/Tech,-36.934486,-15.697964
"60 inch HDTV with Netflix, premium cable",Entertainment/Tech,-41.544792,-13.681566
"60 inch HDTV with Netflix, standard cable",Entertainment/Tech,-41.65909,-13.167899
"60 inch HDTV with Netflix, standard cable, Amazon Prime Video, Disney+",Entertainment/Tech,-64.45951,-6.171748
"60 inch HDTV with Netflix, standard cable, DVD player, Chromecast",Entertainment/Tech,-75.9913,4.2929306
60 inch HDTV with premium cable,Entertainment/Tech,-29.77706,15.082992
"60 inch HDTV with premium cable, Netflix",Entertainment/Tech,-41.525913,-13.715709
60 inch HDTV with standard cable,Entertainment/Tech,-28.036573,15.630935
60 inch TV,Entertainment/Tech,-25.527409,-5.128473
60 inch TV with Netflix,Entertainment/Tech,-37.74108,-15.978733
"60 inch TV with Netflix, premium cable",Entertainment/Tech,-41.395386,-13.813057
"61 inch HDTV with standard cable, Netflix",Entertainment/Tech,-42.229908,-11.817488
"62 inch HDTV with Disney+, Netflix",Entertainment/Tech,-64.39005,5.671244
62 inch HDTV with Netflix,Entertainment/Tech,-36.34574,-18.788517
"62 inch HDTV with Netflix, standard cable, Disney+",Entertainment/Tech,-61.89157,3.79826
"63 inch HDTV with Amazon Prime Video, Netflix, Apple TV",Entertainment/Tech,-65.260605,-13.829627
63 inch HDTV with Netflix,Entertainment/Tech,-35.538857,-19.01192
63 inch HDTV with standard cable,Entertainment/Tech,-28.25473,16.238728
64 inch HDTV,Entertainment/Tech,-22.953474,-3.7938828
"64 inch HDTV with Disney+, Netflix",Entertainment/Tech,-65.91341,6.0835924
64 inch HDTV with Netflix,Entertainment/Tech,-35.867176,-19.839703
"64 inch HDTV with Netflix, Chromecast, premium cable",Entertainment/Tech,-75.03819,7.1059175
"64 inch HDTV with Netflix, standard cable",Entertainment/Tech,-45.005314,-22.755352
"64 inch HDTV with Netflix, standard cable, Chromecast",Entertainment/Tech,-75.04442,7.079978
65 inch HDTV,Entertainment/Tech,-23.883062,-5.3824406
65 inch HDTV with Amazon Prime Video,Entertainment/Tech,-68.00069,-15.525666
"65 inch HDTV with Amazon Prime Video, Apple TV",Entertainment/Tech,-65.778435,-13.709905
"65 inch HDTV with Amazon Prime Video, Apple TV, Chromecast, Disney+, Netflix",Entertainment/Tech,-70.84994,-3.7435305
"65 inch HDTV with Amazon Prime Video, Apple TV, Chromecast, Disney+, Netflix, standard cable",Entertainment/Tech,-69.32651,-3.501765
"65 inch HDTV with Amazon Prime Video, Apple TV, Chromecast, Netflix",Entertainment/Tech,-70.8751,-3.629785
"65 inch HDTV with Amazon Prime Video, Apple TV, Chromecast, Netflix, premium cable, DVD player",Entertainment/Tech,-69.553154,-3.6617181
"65 inch HDTV with Amazon Prime Video, Apple TV, Disney+, HBO Max, Netflix",Entertainment/Tech,-66.60258,-8.219812
"65 inch HDTV with Amazon Prime Video, Apple TV, Disney+, Netflix",Entertainment/Tech,-66.89924,-7.946006
"65 inch HDTV with Amazon Prime Video, Apple TV, Disney+, Netflix, premium cable, DVD player",Entertainment/Tech,-63.21621,-5.542158
"65 inch HDTV with Amazon Prime Video, Apple TV, Disney+, Netflix, premium cable, standard cable, DVD player",Entertainment/Tech,-63.022594,-5.497804
"65 inch HDTV with Amazon Prime Video, Apple TV, Netflix",Entertainment/Tech,-65.323,-13.515805
"65 inch HDTV with Amazon Prime Video, Apple TV, Netflix, Disney+",Entertainment/Tech,-66.88518,-7.886013
"65 inch HDTV with Amazon Prime Video, Apple TV, Netflix, standard cable",Entertainment/Tech,-61.330956,-10.954735
"65 inch HDTV with Amazon Prime Video, Chromecast, Netflix, premium cable, DVD player",Entertainment/Tech,-69.4194,-3.6708019
"65 inch HDTV with Amazon Prime Video, Disney+, Fire TV, HBO Max, Hulu, Netflix, premium cable, standard cable",Entertainment/Tech,-64.34395,-5.4368043
"65 inch HDTV with Amazon Prime Video, Disney+, Netflix",Entertainment/Tech,-68.678505,-7.5712457
"65 inch HDTV with Amazon Prime Video, Fire TV, Netflix",Entertainment/Tech,-65.998825,-15.238989
"65 inch HDTV with Amazon Prime Video, Hulu, HBO Max, Apple TV, Netflix",Entertainment/Tech,-66.2146,-10.114106
"65 inch HDTV with Amazon Prime Video, Netflix",Entertainment/Tech,-66.63005,-16.907724
"65 inch HDTV with Amazon Prime Video, Netflix, Apple TV",Entertainment/Tech,-65.32373,-13.51823
"65 inch HDTV with Amazon Prime Video, Netflix, premium cable, standard cable",Entertainment/Tech,-60.830128,-11.185871
"65 inch HDTV with Amazon Prime Video, Netflix, standard cable",Entertainment/Tech,-60.828987,-11.23635
"65 inch HDTV with Apple TV, Chromecast, Netflix",Entertainment/Tech,-73.58169,1.8825428
"65 inch HDTV with Apple TV, Disney+, Netflix",Entertainment/Tech,-64.06615,-1.8895756
"65 inch HDTV with Apple TV, Disney+, Netflix, DVD player",Entertainment/Tech,-63.89929,-2.090324
"65 inch HDTV with Apple TV, Disney+, Netflix, standard cable, premium cable",Entertainment/Tech,-61.776836,-2.845031
"65 inch HDTV with Apple TV, Netflix",Entertainment/Tech,-53.6343,-0.88406855
"65 inch HDTV with Apple TV, Netflix, Amazon Prime Video",Entertainment/Tech,-65.199066,-13.221292
"65 inch HDTV with Apple TV, Netflix, DVD player",Entertainment/Tech,-54.571228,-0.7053029
"65 inch HDTV with Apple TV, Netflix, HBO Max",Entertainment/Tech,-54.355385,-0.888529
"65 inch HDTV with Apple TV, Netflix, premium cable",Entertainment/Tech,-55.69698,-1.4869223
"65 inch HDTV with Apple TV, Netflix, premium cable, standard cable",Entertainment/Tech,-56.12144,-1.5897671
"65 inch HDTV with Apple TV, Netflix, standard cable",Entertainment/Tech,-55.905228,-1.339927
"65 inch HDTV with Chromecast, Netflix",Entertainment/Tech,-79.58779,6.5908747
"65 inch HDTV with Chromecast, Netflix, standard cable",Entertainment/Tech,-76.29618,5.917766
65 inch HDTV with DVD player,Entertainment/Tech,-32.140778,3.3834176
"65 inch HDTV with Disney+, Apple TV, Netflix",Entertainment/Tech,-64.14425,-1.8097773
"65 inch HDTV with Disney+, Chromecast, HBO Max, Netflix",Entertainment/Tech,-70.42319,0.9419146
"65 inch HDTV with Disney+, Netflix",Entertainment/Tech,-64.2989,6.0601873
"65 inch HDTV with Disney+, Netflix, premium cable",Entertainment/Tech,-62.161972,3.9414601
"65 inch HDTV with Disney+, Netflix, standard cable",Entertainment/Tech,-61.950764,3.8783495
65 inch HDTV with Netflix,Entertainment/Tech,-35.5796,-18.479496
"65 inch HDTV with Netflix, Amazon Prime Video",Entertainment/Tech,-66.67817,-17.075554
"65 inch HDTV with Netflix, Amazon Prime Video, standard cable, Chromecast, premium cable, Hulu",Entertainment/Tech,-68.26837,-3.8437798
"65 inch HDTV with Netflix, Apple TV",Entertainment/Tech,-53.604687,-0.90366375
"65 inch HDTV with Netflix, DVD player",Entertainment/Tech,-35.259804,-17.280537
"65 inch HDTV with Netflix, Disney+",Entertainment/Tech,-64.281235,6.05821
"65 inch HDTV with Netflix, Disney+, Amazon Prime Video, Apple TV",Entertainment/Tech,-66.71662,-7.751932
"65 inch HDTV with Netflix, premium cable",Entertainment/Tech,-40.970932,-10.960093
"65 inch HDTV with Netflix, premium cable, Amazon Prime Video",Entertainment/Tech,-60.849163,-11.424568
"65 inch HDTV with Netflix, premium cable, standard cable",Entertainment/Tech,-41.17417,-10.497011
"65 inch HDTV with Netflix, standard cable",Entertainment/Tech,-41.268085,-10.495882
"65 inch HDTV with Netflix, standard cable, Disney+, Amazon Prime Video",Entertainment/Tech,-64.287575,-5.988618
"65 inch HDTV with Netflix, standard cable, Disney+, Apple TV, Amazon Prime Video, DVD player",Entertainment/Tech,-63.056713,-5.421193
"65 inch HDTV with Netflix, standard cable, premium cable, Apple TV",Entertainment/Tech,-56.216694,-1.7219018
65 inch HDTV with premium cable,Entertainment/Tech,-29.546572,15.866257
"65 inch HDTV with premium cable, Amazon Prime Video, Apple TV, Disney+, Netflix",Entertainment/Tech,-63.64284,-5.380797
"65 inch HDTV with premium cable, Amazon Prime Video, Netflix, Apple TV, Disney+",Entertainment/Tech,-63.639854,-5.355536
"65 inch HDTV with premium cable, Chromecast",Entertainment/Tech,-76.6274,9.688437
"65 inch HDTV with premium cable, Netflix",Entertainment/Tech,-40.942116,-10.992207
"65 inch HDTV with premium cable, Netflix, Apple TV",Entertainment/Tech,-55.93186,-1.5743115
"65 inch HDTV with premium cable, standard cable",Entertainment/Tech,-29.338604,16.08264
65 inch HDTV with standard cable,Entertainment/Tech,-28.49604,16.386648
"65 inch HDTV with standard cable, Amazon Prime Video, Chromecast, Netflix",Entertainment/Tech,-68.96878,-3.5023196
"65 inch HDTV with standard cable, Amazon Prime Video, Netflix",Entertainment/Tech,-60.84796,-11.19833
65 inch TV,Entertainment/Tech,-25.084166,-5.790955
"65 inch TV with Amazon Prime Video, Netflix",Entertainment/Tech,-66.7207,-17.069593
"65 inch TV with Apple TV, Amazon Prime Video, Netflix",Entertainment/Tech,-65.03228,-12.957468
"65 inch TV with Apple TV, Netflix, premium cable",Entertainment/Tech,-55.623154,-1.4376364
65 inch TV with Netflix,Entertainment/Tech,-35.61949,-18.514278
"65 inch TV with Netflix, Amazon Prime Video, Disney+, Fire TV, Hulu",Entertainment/Tech,-67.94414,-8.739372
65 inch TV with standard cable,Entertainment/Tech,-28.021616,16.783964
66 inch HDTV,Entertainment/Tech,-23.388075,-5.191946
"66 inch HDTV with Netflix, standard cable",Entertainment/Tech,-41.752853,-10.438471
68 inch HDTV with Netflix,Entertainment/Tech,-35.18789,-19.126104
68 inch TV with DVD player,Entertainment/Tech,-32.224373,2.9770927
"69 inch HDTV with Disney+, Netflix, standard cable, Apple TV, premium cable",Entertainment/Tech,-62.176556,-3.7452924
6th Sense Multifunction stainless steel electric stove,Kitchen/Dining,57.9004,-11.737959
70 inch HDTV,Entertainment/Tech,-23.74832,-6.1174674
"70 inch HDTV with Amazon Prime Video, Apple TV, Chromecast, Disney+, Netflix, premium cable",Entertainment/Tech,-70.06175,-2.8698664
"70 inch HDTV with Amazon Prime Video, Netflix",Entertainment/Tech,-65.733,-16.985325
"70 inch HDTV with Apple TV, Netflix, standard cable",Entertainment/Tech,-56.158913,-0.5859203
"70 inch HDTV with Chromecast, Disney+, Amazon Prime Video, Apple TV, Netflix",Entertainment/Tech,-70.35207,-2.6802711
"70 inch HDTV with DVD player, Netflix, standard cable, premium cable",Entertainment/Tech,-40.172096,-7.9912057
"70 inch HDTV with Fire TV, Netflix, premium cable",Entertainment/Tech,-39.42126,-6.9076567
"70 inch HDTV with HBO Max, DVD player, Netflix, Amazon Prime Video",Entertainment/Tech,-63.02843,-14.085143
"70 inch HDTV with HBO Max, Netflix, standard cable",Entertainment/Tech,-39.133682,-9.007519
70 inch HDTV with Netflix,Entertainment/Tech,-33.963932,-18.526934
"70 inch HDTV with Netflix, Amazon Prime Video, Apple TV, Disney+",Entertainment/Tech,-66.74671,-7.063477
"70 inch HDTV with Netflix, Apple TV, Amazon Prime Video",Entertainment/Tech,-64.23691,-14.668124
"70 inch HDTV with Netflix, DVD player",Entertainment/Tech,-34.056038,-17.64431
"70 inch HDTV with Netflix, premium cable",Entertainment/Tech,-39.990955,-9.245269
"70 inch HDTV with Netflix, standard cable",Entertainment/Tech,-40.249443,-9.266434
70 inch HDTV with premium cable,Entertainment/Tech,-30.200869,16.94766
"70 inch HDTV with premium cable, standard cable",Entertainment/Tech,-30.079777,16.920532
"70 inch HDTV with standard cable, Apple TV",Entertainment/Tech,-53.73664,4.2157426
"70 inch HDTV with standard cable, Netflix, premium cable",Entertainment/Tech,-40.071888,-8.545143
"70 inch HDTV with standard cable, premium cable",Entertainment/Tech,-30.057774,16.939152
70 inch TV,Entertainment/Tech,-24.328457,-6.423074
"70 inch TV with Disney+, Netflix",Entertainment/Tech,-64.04344,6.957952
72 inch HDTV,Entertainment/Tech,-23.57856,-5.884116
"72 inch HDTV with Amazon Prime Video, Netflix",Entertainment/Tech,-65.8814,-17.132046
72 inch HDTV with Netflix,Entertainment/Tech,-34.259274,-18.536343
"72 inch HDTV with Netflix, DVD player",Entertainment/Tech,-34.18612,-17.69263
"72 inch HDTV with Netflix, standard cable",Entertainment/Tech,-40.674477,-9.356328
"72 inch HDTV with premium cable, standard cable, Netflix",Entertainment/Tech,-40.344414,-8.672504
"74 inch HDTV with Apple TV, Netflix",Entertainment/Tech,-52.779488,-0.15516937
74 inch HDTV with Netflix,Entertainment/Tech,-33.671436,-18.569698
75 inch HDTV,Entertainment/Tech,-23.546436,-5.8180842
"75 inch HDTV with Amazon Prime Video, Apple TV, Disney+, Netflix",Entertainment/Tech,-67.28575,-6.859718
"75 inch HDTV with Amazon Prime Video, Apple TV, Disney+, Netflix, premium cable, standard cable, DVD player",Entertainment/Tech,-62.592876,-5.5221562
"75 inch HDTV with Amazon Prime Video, Apple TV, Netflix, Fire TV",Entertainment/Tech,-64.180626,-11.452683
"75 inch HDTV with Amazon Prime Video, Apple TV, Netflix, premium cable",Entertainment/Tech,-63.777035,-11.231115
"75 inch HDTV with Amazon Prime Video, Chromecast, Netflix",Entertainment/Tech,-71.24417,-3.275044
"75 inch HDTV with Amazon Prime Video, Disney+, Netflix",Entertainment/Tech,-68.53657,-6.7348104
"75 inch HDTV with Amazon Prime Video, Fire TV, HBO Max, Hulu, Netflix, Roku",Entertainment/Tech,-65.46746,-9.963365
75 inch HDTV with Apple TV,Entertainment/Tech,-51.920147,2.3527548
"75 inch HDTV with Apple TV, Amazon Prime Video, Disney+, Netflix",Entertainment/Tech,-67.07125,-6.719624
"75 inch HDTV with Apple TV, Amazon Prime Video, Netflix",Entertainment/Tech,-64.25899,-11.778626
"75 inch HDTV with Apple TV, Chromecast, Disney+, HBO Max, Netflix",Entertainment/Tech,-69.63476,-0.7303655
"75 inch HDTV with Apple TV, Netflix",Entertainment/Tech,-52.921997,-0.303508
"75 inch HDTV with Chromecast, Netflix, premium cable, standard cable",Entertainment/Tech,-75.793144,5.7227397
75 inch HDTV with Disney+,Entertainment/Tech,-65.26614,7.515141
"75 inch HDTV with Disney+, Netflix, Amazon Prime Video",Entertainment/Tech,-68.61343,-6.6857753
"75 inch HDTV with HBO Max, premium cable, Netflix",Entertainment/Tech,-38.804024,-9.390986
75 inch HDTV with Netflix,Entertainment/Tech,-34.30328,-19.484076
"75 inch HDTV with Netflix, Apple TV, Disney+",Entertainment/Tech,-65.05182,-2.342179
"75 inch HDTV with Netflix, Disney+",Entertainment/Tech,-64.42926,6.6699743
"75 inch HDTV with Netflix, Disney+, Chromecast",Entertainment/Tech,-70.452576,0.8227742
"75 inch HDTV with Netflix, Fire TV",Entertainment/Tech,-38.77068,-5.606574
"75 inch HDTV with Netflix, premium cable",Entertainment/Tech,-39.64713,-10.105608
"75 inch HDTV with Netflix, standard cable",Entertainment/Tech,-39.851097,-10.039192
"75 inch HDTV with Netflix, standard cable, premium cable",Entertainment/Tech,-39.725124,-9.924007
"75 inch HDTV with premium cable, standard cable",Entertainment/Tech,-29.544188,16.833141
75 inch HDTV with standard cable,Entertainment/Tech,-29.127518,16.998215
"75 inch HDTV with standard cable, Chromecast, Netflix",Entertainment/Tech,-75.78237,5.744518
"75 inch HDTV with standard cable, Netflix, Apple TV",Entertainment/Tech,-56.49796,-0.7618
75 inch TV with Netflix,Entertainment/Tech,-34.32979,-19.576328
77 inch HDTV with Netflix,Entertainment/Tech,-33.890545,-18.60047
"78 inch HDTV with Amazon Prime Video, Apple TV, Netflix",Entertainment/Tech,-64.28814,-15.292405
"80 inch HDTV with Amazon Prime Video, Apple TV",Entertainment/Tech,-64.11751,-16.519686
"80 inch HDTV with Amazon Prime Video, Apple TV, Netflix",Entertainment/Tech,-64.1948,-16.645098
"80 inch HDTV with Amazon Prime Video, Disney+, Netflix",Entertainment/Tech,-69.57309,-6.950602
"80 inch HDTV with Amazon Prime Video, Netflix",Entertainment/Tech,-64.76519,-17.206135
"80 inch HDTV with Apple TV, Netflix",Entertainment/Tech,-51.89762,-0.5594545
80 inch HDTV with Netflix,Entertainment/Tech,-33.83785,-20.692427
"80 inch HDTV with Netflix, premium cable",Entertainment/Tech,-38.88088,-11.557048
"80 inch HDTV with Netflix, standard cable",Entertainment/Tech,-38.917965,-11.483807
"80 inch HDTV with premium cable, standard cable",Entertainment/Tech,-30.360231,16.625433
"80 inch TV with premium cable, Apple TV, Netflix",Entertainment/Tech,-55.39305,-5.7659855
"84 inch HDTV with premium cable, Netflix, Apple TV",Entertainment/Tech,-55.379772,-5.8069043
"85 inch HDTV with Apple TV, Netflix",Entertainment/Tech,-51.951035,-0.518923
"85 inch HDTV with Disney+, Netflix",Entertainment/Tech,-64.70593,6.4623446
85 inch HDTV with Netflix,Entertainment/Tech,-33.652702,-20.678007
"85 inch HDTV with Netflix, premium cable",Entertainment/Tech,-38.87423,-11.560368
"85 inch HDTV with Netflix, standard cable",Entertainment/Tech,-38.909557,-11.490201
85 inch TV,Entertainment/Tech,-25.618618,-6.8867335
85 inch TV with Netflix,Entertainment/Tech,-33.57841,-20.655483
"86 inch HDTV with Amazon Prime Video, Apple TV, Netflix",Entertainment/Tech,-63.06624,-17.534975
"86 inch HDTV with Amazon Prime Video, Netflix, premium cable",Entertainment/Tech,-62.9374,-17.61711
"86 inch HDTV with Apple TV, Netflix, premium cable, Amazon Prime Video",Entertainment/Tech,-62.941273,-17.565489
86 inch HDTV with Netflix,Entertainment/Tech,-33.478065,-20.771994
86 inch TV,Entertainment/Tech,-25.630714,-6.931138
"87 inch HDTV with Amazon Prime Video, Netflix",Entertainment/Tech,-65.00622,-17.631199
9-Speaker surround sound system that will connect with your own smartphone library via Bluetooth Bluetooth sound system,Entertainment/Tech,-46.804,55.850185
90 cm SMEG electric oven with 5 plate gas hob oven,Kitchen/Dining,58.115334,2.429096
"90 inch HDTV with premium cable, Apple TV, Netflix, Amazon Prime Video, standard cable",Entertainment/Tech,-58.69129,-4.398334
90 inch TV with standard cable,Entertainment/Tech,-27.976757,17.560953
900 freestanding gas top electric oven  oven,Kitchen/Dining,49.460773,-9.471324
900 wide stainless steel gas stove,Kitchen/Dining,51.881493,-11.58121
"95 inch HDTV with standard cable, Apple TV, premium cable, Netflix",Entertainment/Tech,-58.533375,-4.2621636
? sound system with Bluetooth and aux,Entertainment/Tech,-41.667774,48.74801
? stainless steel oven,Kitchen/Dining,42.52394,-6.0461535
A natural brand from Woolworths body wash body soap,Bathroom/Bedroom,-12.52304,61.40469
A natural brand which is sulfate free from Woolworths shampoo,Bathroom/Bedroom,46.241997,46.748573
A number body soap,Bathroom/Bedroom,5.3341618,64.69307
AC - split type ductless system,Climate Control,20.699263,-3.1185148
AE refrigerator,Kitchen/Dining,-2.7389162,12.477367
AEG  refrigerator,Kitchen/Dining,-2.9141726,12.49352
AEG  stainless steel single oven,Kitchen/Dining,40.334377,8.432312
AEG COMBI CONVECTION MICROWAVE stainless steel oven,Kitchen/Dining,26.37604,-8.805232
AEG Hob induction stove,Kitchen/Dining,71.62834,-12.794726
AEG Retro large refrigerator,Kitchen/Dining,-3.0071445,12.46295
AEG Thermofan Oven stainless steel single oven,Kitchen/Dining,40.646107,8.56842
AEG double oven,Kitchen/Dining,39.719475,7.4266186
AEG electric stove,Kitchen/Dining,61.39929,-21.560383
AEG gas stainless steel single oven,Kitchen/Dining,40.471905,8.520839
AEG gas stove,Kitchen/Dining,61.28872,-21.625414
AEG induction stove,Kitchen/Dining,70.46447,-13.255007
AEG oven,Kitchen/Dining,39.330875,7.891806
AEG oven with ceramic hob oven,Kitchen/Dining,38.884193,8.241134
AEG refrigerator,Kitchen/Dining,-2.9140549,12.493603
AEG single oven,Kitchen/Dining,39.63314,7.7005553
AEG stainless steel double oven,Kitchen/Dining,40.249065,7.918562
AEG stainless steel electric stove,Kitchen/Dining,62.054337,-21.06307
AEG stainless steel gas stove,Kitchen/Dining,61.90437,-21.144136
AEG stainless steel induction stove,Kitchen/Dining,70.205666,-13.464093
AEG stainless steel oven,Kitchen/Dining,39.90766,8.735245
AEG stainless steel single oven,Kitchen/Dining,40.335136,8.432248
"AEG steam, fan & conventionnel oven stainless steel oven",Kitchen/Dining,39.775642,9.363887
AEG stove,Kitchen/Dining,61.316174,-21.644144
AEG touch stainless steel electric stove,Kitchen/Dining,62.294422,-21.012333
AFRICOLOGY body soap,Bathroom/Bedroom,6.2961054,71.83125
AFRICOLOGY conditioner,Other,34.6362,22.838718
AFRICOLOGY shampoo,Bathroom/Bedroom,37.79212,64.023834
AIM oven,Kitchen/Dining,37.899956,-15.27324
AIM stove,Kitchen/Dining,38.16052,-15.695869
AIRPLAY sound system,Entertainment/Tech,-51.266674,50.13584
AIWA sound system with aux,Entertainment/Tech,-44.656036,41.1501
ALOE FEROX GLYCERINE SOAP body soap,Bathroom/Bedroom,-6.708278,78.819466
ALVA stainless steel gas stove,Kitchen/Dining,53.726852,-17.445387
ARISTON refrigerator,Kitchen/Dining,3.999506,4.115156
ARISTON stainless steel gas stove,Kitchen/Dining,49.456516,-15.430152
ARISTON stainless steel oven,Kitchen/Dining,41.42768,-10.272516
AV Love portable speaker Bluetooth sound system,Entertainment/Tech,-46.073853,57.35233
AVL Bluetooth sound system,Entertainment/Tech,-45.37582,56.951958
Adilo shampoo,Bathroom/Bedroom,33.927467,56.90451
Aeg gas stove,Kitchen/Dining,61.288967,-21.624748
Aeg stainless steel oven,Kitchen/Dining,39.907707,8.735243
Aeg stainless steel single oven,Kitchen/Dining,40.335136,8.432248
Aesop  conditioner,Other,34.54445,20.379644
Aesop & LaRoche Posay body soap,Bathroom/Bedroom,10.374632,72.00585
Aesop body soap,Bathroom/Bedroom,10.354785,72.00026
Aesop conditioner,Other,34.54452,20.379692
Aesop shampoo,Bathroom/Bedroom,35.88479,63.346153
Afri Earth body soap,Bathroom/Bedroom,1.8951659,81.792725
Afri Earth conditioner,Other,37.711124,21.709446
Afri Earth shampoo,Bathroom/Bedroom,38.27097,46.694515
Afri-Earth body soap,Bathroom/Bedroom,1.9711329,81.87626
Afri-Earth conditioner,Other,37.714462,21.71564
Afri-Earth conditioning shampoo conditioner,Bathroom/Bedroom,37.043236,46.969788
Afri-Earth conditioning shampoo shampoo,Bathroom/Bedroom,37.29177,46.951225
Afri-Earth shampoo,Bathroom/Bedroom,38.260902,46.717754
AfriEarth body soap,Bathroom/Bedroom,7.9167767,71.47916
AfriEarth products body soap,Bathroom/Bedroom,7.8828244,71.72842
AfriEarth products conditioner,Other,33.32247,23.575487
Africa Organics - Marula  body soap,Bathroom/Bedroom,9.715241,77.901886
Africa Organics - Marula body soap,Bathroom/Bedroom,9.715241,77.901886
Africa Organics - Marula conditioner,Other,36.507446,31.264872
Africa Organics - Marula shampoo,Bathroom/Bedroom,37.467182,43.305584
Africa Organics body soap,Bathroom/Bedroom,10.301752,77.22971
Africa Organics conditioner,Other,36.509598,31.062437
Africa Organics shampoo,Bathroom/Bedroom,37.282173,43.503963
Africa Spa body soap,Bathroom/Bedroom,11.797482,76.70639
Africa Spa conditioner,Other,35.54189,31.848602
Africa Spa shampoo,Bathroom/Bedroom,36.178658,44.1949
Africa organics  body soap,Bathroom/Bedroom,10.30185,77.22776
Africa organics  shampoo,Bathroom/Bedroom,37.282173,43.503963
Africa organics conditioner,Other,36.509598,31.062437
African Eco body soap,Bathroom/Bedroom,10.531819,76.884285
African Spa body soap,Bathroom/Bedroom,11.798466,76.593216
African Spa shampoo,Bathroom/Bedroom,36.069332,44.246635
African Stillroom  body soap,Bathroom/Bedroom,11.272117,75.5737
African Stillroom Conditioning Shampoo conditioner,Bathroom/Bedroom,35.26645,45.479473
African Stillroom Conditioning Shampoo shampoo,Bathroom/Bedroom,35.334072,45.32708
African Stillroom body soap,Bathroom/Bedroom,11.272117,75.5737
African Stillroom shampoo,Bathroom/Bedroom,35.410866,45.111095
African Violet shampoo,Bathroom/Bedroom,35.644375,44.246933
Africaology shampoo,Bathroom/Bedroom,36.313675,44.094456
Africolgy shampoo,Bathroom/Bedroom,37.732376,64.008804
Africology  body soap,Bathroom/Bedroom,6.2972026,71.83156
Africology  conditioner,Other,34.636456,22.838875
Africology  shampoo,Bathroom/Bedroom,37.792347,64.023094
Africology / Rain Africa conditioner,Other,36.089325,21.905613
Africology all natural body soap,Bathroom/Bedroom,6.071417,72.26172
Africology body soap,Bathroom/Bedroom,6.2966895,71.83076
Africology conditioner,Other,34.6362,22.838718
Africology shampoo,Bathroom/Bedroom,37.79212,64.023834
Africology/ Rain Africa body soap,Bathroom/Bedroom,9.856914,76.33431
Africoloogy  shampoo,Bathroom/Bedroom,37.826504,64.05579
Afriearth  conditioner,Other,33.699867,23.421215
Afriearth  shampoo,Bathroom/Bedroom,37.34595,62.797
Afriearth body soap,Bathroom/Bedroom,7.9169683,71.47939
Afriearth conditioner,Other,33.699738,23.422071
Afriearth shampoo,Bathroom/Bedroom,37.346684,62.799534
Afriearth soap and Le Naturel handwash & lotion body soap,Bathroom/Bedroom,8.228519,72.3372
Afrocology body soap,Bathroom/Bedroom,11.315078,75.39895
"After first night, guest expected to have his/her own conditioner",Other,21.106646,22.786882
Aga Amenities  body soap,Bathroom/Bedroom,-2.8704822,52.838535
Aga oven,Kitchen/Dining,38.611446,-12.535579
Aim oven,Kitchen/Dining,37.899967,-15.273213
Air Frier  gas stove,Kitchen/Dining,54.327045,-24.196466
Air Fryer  oven,Kitchen/Dining,26.856466,-2.6804636
Air Fryer Oven oven,Kitchen/Dining,26.894802,-2.7069829
Air Fryer electric stove,Kitchen/Dining,54.9635,-24.381876
Air Fryer oven,Kitchen/Dining,26.85557,-2.6806958
Air Fryer single oven,Kitchen/Dining,27.408756,-3.3763962
Air Fryer stainless steel single oven,Kitchen/Dining,28.750942,-2.264136
Air conditioning,Climate Control,17.515049,-0.07234852
Air frier oven,Kitchen/Dining,27.214554,-1.8691987
Air fryer  oven,Kitchen/Dining,26.856495,-2.6804514
Air fryer  refrigerator,Kitchen/Dining,1.9557878,7.8209105
Air fryer  single oven,Kitchen/Dining,27.40876,-3.3763964
Air fryer  stainless steel oven,Kitchen/Dining,28.767334,-2.152132
Air fryer and conventional hob and oven double oven,Kitchen/Dining,26.783497,-3.4961152
Air fryer or two plate mini oven available  oven,Kitchen/Dining,26.779657,-4.0606685
Air fryer oven,Kitchen/Dining,26.856466,-2.6804636
Air fryer single oven,Kitchen/Dining,27.40876,-3.3763964
Air hockey table,Other,11.272345,-23.884325
Air-fryer & separate induction stove induction stove,Kitchen/Dining,73.6879,-17.705662
Airfier stainless steel double oven,Kitchen/Dining,29.629246,-2.0865352
Airfryer  oven,Kitchen/Dining,27.599047,-1.6522883
Airfryer  single oven,Kitchen/Dining,28.550425,-3.8544998
Airfryer  stainless steel oven,Kitchen/Dining,29.843561,-1.8350347
Airfryer Oven stainless steel oven,Kitchen/Dining,29.820127,-1.8329631
Airfryer and mini oven/2xplates (coutertop) oven,Kitchen/Dining,27.209234,-5.2786183
Airfryer electric stove,Kitchen/Dining,54.855717,-24.213938
Airfryer oven,Kitchen/Dining,27.599777,-1.6525555
Airfryer single oven,Kitchen/Dining,28.550425,-3.8544998
Airfryer stainless steel oven,Kitchen/Dining,29.843918,-1.8349984
Airfryer stainless steel single oven,Kitchen/Dining,29.785479,-1.9413278
Airfryer stove,Kitchen/Dining,54.63424,-24.174198
Airfryer/convection oven/microwave  single oven,Kitchen/Dining,28.289015,-7.5896015
Airplay Bluetooth sound system,Entertainment/Tech,-50.9745,50.012207
Airplay sound system,Entertainment/Tech,-51.266693,50.135796
Airport transfer,Other,-31.096308,-52.298393
Aiwa Micro dvd and high fi AMD -218 sound system with aux,Entertainment/Tech,-44.815563,40.820824
Alba stainless steel oven,Kitchen/Dining,41.61494,-6.299913
Alevera shampoo,Bathroom/Bedroom,34.554512,57.37152
Alexa  Bluetooth sound system,Entertainment/Tech,-52.70181,46.75393
Alexa Bluetooth sound system,Entertainment/Tech,-52.70181,46.75393
Alexa sound system,Entertainment/Tech,-52.84142,46.269875
All 5 star quality body soap,Bathroom/Bedroom,-1.1054243,60.238815
All 5 star quality conditioner,Other,23.958761,28.49007
All hair types conditioner,Other,41.459442,34.78495
All natural  body soap,Bathroom/Bedroom,1.0580161,73.12039
All natural exclusive house brand by WASS conditioner,Other,23.21895,28.49987
All natural exclusive house brand by WASS shampoo,Bathroom/Bedroom,42.858223,51.79151
All natural exclusive housebrand by WASS body soap,Bathroom/Bedroom,-0.5750585,62.16228
Almond moisture body wash body soap,Bathroom/Bedroom,-7.0898533,70.76679
Aloe conditioner,Other,35.817802,29.064718
Alovera  body soap,Bathroom/Bedroom,9.273082,70.32237
Alovera product body soap,Bathroom/Bedroom,9.264997,70.32694
Alva gas stove,Kitchen/Dining,53.690964,-17.617302
Amanda & Jayne body soap,Bathroom/Bedroom,0.06123491,37.987286
Amanda Jayne body soap,Bathroom/Bedroom,0.06894715,38.003872
Amanda-Jayne  body soap,Bathroom/Bedroom,0.07290766,38.00215
Amazon Alexa sound system,Entertainment/Tech,-52.85442,46.273674
Amazon ECHO dot Bluetooth sound system,Entertainment/Tech,-53.35689,47.31251
Amazon Echo Bluetooth sound system,Entertainment/Tech,-53.35305,47.307655
Amber Forest body soap,Bathroom/Bedroom,8.978562,62.13318
Amber- Mini oven stainless steel oven,Kitchen/Dining,33.56278,-14.311013
Amercian Fridge Freezer  refrigerator,Kitchen/Dining,-0.16744033,9.037896
Amway conditioner,Other,26.4297,24.959486
Ancient Baobab body soap,Bathroom/Bedroom,25.044853,66.86841
Ancient Baobab shampoo,Bathroom/Bedroom,25.109833,66.83108
Android TV Bluetooth sound system,Entertainment/Tech,-39.08374,55.15959
Anique conditioner,Other,31.658907,24.013592
Anique shampoo,Bathroom/Bedroom,37.319195,62.27914
Antibacterial body soap,Bathroom/Bedroom,1.2697611,69.97198
Antjie body soap,Bathroom/Bedroom,14.891731,66.203636
Antjie shampoo,Bathroom/Bedroom,29.279537,65.56762
Antjie's Handmade natural product  body soap,Bathroom/Bedroom,15.078251,66.52968
Antjie's handmade natural products shampoo,Bathroom/Bedroom,29.226574,65.62295
Antjies  body soap,Bathroom/Bedroom,14.897415,66.209564
Antjies Natural  body soap,Bathroom/Bedroom,15.022612,66.4515
Antjies Natural  shampoo,Bathroom/Bedroom,29.240347,65.60395
Antjies body soap,Bathroom/Bedroom,14.896693,66.204285
Antjies shampoo,Bathroom/Bedroom,29.27351,65.5703
Any body soap,Bathroom/Bedroom,4.416947,63.947166
Any brand shampoo,Bathroom/Bedroom,39.370014,53.79975
Any conditioner,Other,28.544865,24.843603
Any oven,Kitchen/Dining,36.022175,-11.2043085
Any refrigerator,Kitchen/Dining,3.024632,5.297807
Any shampoo,Bathroom/Bedroom,38.44106,53.93046
Apothecary body soap,Bathroom/Bedroom,6.4480305,70.67785
Apple Bluetooth sound system,Entertainment/Tech,-44.618275,54.819584
Apple Home Pod Bluetooth sound system,Entertainment/Tech,-52.42783,53.623062
Apple HomePod Mini sound system,Entertainment/Tech,-52.793526,53.327934
Apple HomePod Stereo Pair sound system,Entertainment/Tech,-52.814106,53.3291
Apple HomePod mini Bluetooth sound system,Entertainment/Tech,-52.711132,53.39895
Apple boombox (retro) sound system with aux,Entertainment/Tech,-44.520878,43.084164
Apple music Bluetooth sound system,Entertainment/Tech,-44.748837,54.874233
Approx 300 L fridge & freezer  refrigerator,Kitchen/Dining,-2.2729464,9.59256
Arcade games,Other,4.2140684,-23.67864
Argan Green shampoo,Bathroom/Bedroom,31.863008,42.930717
Argan shampoo,Bathroom/Bedroom,31.84721,42.80263
Argon Oil conditioner,Other,31.689554,41.651417
Argon Oil shampoo,Bathroom/Bedroom,31.754183,41.993225
Ariston oven,Kitchen/Dining,41.362526,-10.411474
Ariston stove,Kitchen/Dining,49.088863,-15.489098
As curtesy shampoo is available only for the first night as this is a long term stay. body soap,Bathroom/Bedroom,47.16674,63.36472
As curtesy shampoo is available only for the first night as this is a long term stay. conditioner,Bathroom/Bedroom,47.15135,63.316933
As curtesy shampoo is available only for the first night as this is a long term stay. shampoo,Bathroom/Bedroom,47.142494,63.30317
As part of microwave combo oven,Kitchen/Dining,31.75353,-8.00018
As part of the stove oven,Kitchen/Dining,32.78417,-8.444177
Ash and Mill body soap,Bathroom/Bedroom,2.2215729,65.98155
Ash and Mill shampoo,Bathroom/Bedroom,32.658,53.8568
Assorted body soap,Bathroom/Bedroom,1.8004842,65.09725
Assorted conditioner,Other,30.00383,21.208418
Assorted shampoo,Bathroom/Bedroom,37.430576,52.694393
Atlantic Cove body soap,Bathroom/Bedroom,5.999453,53.40541
Atomos sound system,Entertainment/Tech,-36.453903,42.520733
Authentic Brand body soap,Bathroom/Bedroom,-6.2923756,60.581657
Authentic Brand shampoo,Bathroom/Bedroom,42.89743,54.672527
Authentic body soap,Bathroom/Bedroom,-6.35806,60.60798
Authentic brand body soap,Bathroom/Bedroom,-6.292124,60.580338
Aux cable connected to the television sound system with aux,Entertainment/Tech,-41.68333,43.32882
Avon body soap,Bathroom/Bedroom,1.0348207,63.37222
Avon conditioner,Other,25.592222,31.541693
Avon shampoo,Bathroom/Bedroom,35.701332,55.91768
Awesome large chimney flue for heat wood-burning stove,Kitchen/Dining,30.673004,-25.248167
B&W Zeppelin Airplay sound system,Entertainment/Tech,-51.39689,50.178307
B&W sound system with aux,Entertainment/Tech,-44.10823,43.794548
BARE ESSENTIALS - CREATION CONDITIONING SHAMPOO  shampoo,Bathroom/Bedroom,36.28376,48.851036
BBQ grill,Other,22.800993,-28.634947
BBQ grill: charcoal,Other,23.596369,-28.695269
"BBQ grill: charcoal, gas",Other,23.650011,-28.881193
"BBQ grill: charcoal, gas, wood-burning",Other,24.500952,-28.535221
"BBQ grill: charcoal, wood-burning",Other,24.61806,-28.491255
BBQ grill: electric,Other,22.982836,-30.60309
BBQ grill: gas,Other,23.337864,-29.113493
"BBQ grill: gas, wood-burning",Other,25.099474,-28.609898
BBQ grill: wood-burning,Other,25.265888,-28.556812
BOCH single oven,Kitchen/Dining,34.991047,4.6618915
BOSCH  stainless steel gas stove,Kitchen/Dining,57.4688,-14.7199
BOSCH  stainless steel oven,Kitchen/Dining,41.425694,-2.6482272
BOSCH SERIES 4 refrigerator,Kitchen/Dining,2.7324843,12.108507
BOSCH gas stove,Kitchen/Dining,58.380142,-16.240265
BOSCH oven,Kitchen/Dining,39.30094,-1.7555249
BOSCH refrigerator,Kitchen/Dining,2.6601925,11.97841
BOSCH single oven,Kitchen/Dining,39.884953,-0.4144029
BOSCH stainless steel oven,Kitchen/Dining,41.42563,-2.6484296
BOSCH stainless steel single oven,Kitchen/Dining,41.57842,-0.9239102
BOSCH stainless steel stove,Kitchen/Dining,58.357197,-14.356237
BOSCH stove,Kitchen/Dining,59.312233,-16.061848
BOSE Bluetooth sound system,Entertainment/Tech,-48.238403,48.36397
BOSE SOUNDTOUCH 20 Bluetooth sound system,Entertainment/Tech,-47.663853,48.218876
BOSE sound system,Entertainment/Tech,-48.54348,46.678986
BOSE sound system with aux,Entertainment/Tech,-45.51172,44.94317
BOSH refrigerator,Kitchen/Dining,11.869345,6.8248405
BOSH stainless steel gas stove,Kitchen/Dining,48.073418,-22.607151
BOSH stainless steel oven,Kitchen/Dining,35.55643,5.206034
BOTANIST body soap,Bathroom/Bedroom,4.3527274,75.73097
BOTANIST conditioner,Other,32.911934,32.323444
BUILD IN  refrigerator,Kitchen/Dining,1.1424354,4.278532
Baby bath,Other,4.0449686,31.355364
Baby bath - always at the listing,Other,4.050145,31.36098
Baby bath - available upon request,Other,4.046342,31.354156
Baby monitor,Other,-15.935495,-4.7150593
Baby monitor - always at the listing,Other,-15.906072,-4.7237277
Baby monitor - available upon request,Other,-15.887923,-4.7281294
Baby safety gates,Safety,2.9100633,-20.464066
Babylonstoren body soap,Bathroom/Bedroom,2.1663082,58.133347
Babysitter recommendations,Other,-5.6248465,-23.421276
Backyard,Climate Control,10.253243,-33.913174
Backyard - Fully fenced,Climate Control,11.402255,-34.61679
Backyard - Not fully fenced,Climate Control,11.431751,-34.65067
Baking sheet,Other,35.0382,-11.485363
Balay electric stove,Kitchen/Dining,57.31595,-23.026155
Bang & Olofsun Bluetooth sound system,Entertainment/Tech,-36.653072,49.181824
Bang & Olufsen Bluetooth sound system,Entertainment/Tech,-36.635193,49.165344
Bang & Olufsen sound system,Entertainment/Tech,-36.591732,49.0819
Bar,Other,10.176113,-16.465406
Bar Fridge  refrigerator,Kitchen/Dining,-5.483651,1.6038183
Bar Fridge only refrigerator,Kitchen/Dining,-5.836503,1.3804393
Bar Fridge refrigerator,Kitchen/Dining,-5.4839177,1.6034503
Bar fridge  refrigerator,Kitchen/Dining,-5.483651,1.6038183
Bar fridge and freezer refrigerator,Kitchen/Dining,-6.2642927,1.5220239
Bar fridge in your room  refrigerator,Kitchen/Dining,-5.168406,1.7005036
Bar fridge only refrigerator,Kitchen/Dining,-5.8359523,1.3805336
Bar fridge refrigerator,Kitchen/Dining,-5.483636,1.6039684
Bar fridge size refrigerator,Kitchen/Dining,-5.975496,2.4665358
Bar fridge with small freezer area.   refrigerator,Kitchen/Dining,-6.405982,2.2620816
Bar fridge with small freezer space refrigerator,Kitchen/Dining,-6.4635262,2.3918352
Bar of soap body soap,Bathroom/Bedroom,2.999028,55.66063
Bar refrigerator,Kitchen/Dining,-5.3746977,1.2471892
Bar soap body soap,Bathroom/Bedroom,3.0490744,55.722214
Barbecue utensils,Other,22.495298,-28.140343
Bare Essentials - GREEN TEA CREATION  body soap,Bathroom/Bedroom,3.4659164,72.2915
Basic Microlab portable speaker Bluetooth sound system,Entertainment/Tech,-46.502644,58.07967
Basketball court,Other,8.642224,-24.42958
Bathtub,Other,-2.3576357,-32.4452
Batting cage,Other,8.746289,-23.158817
Bauknecht refrigerator,Kitchen/Dining,7.3686576,4.638186
Baumatic gas stove,Kitchen/Dining,51.825,-20.358461
Baumatic stainless steel double oven,Kitchen/Dining,45.4433,2.7067065
Bay view,Other,5.553911,-29.316864
Baylis & Harding body soap,Bathroom/Bedroom,6.0796995,54.511963
"Be Bare Life - Plastic free, Natural Haircare body soap",Bathroom/Bedroom,22.453936,51.532307
"Be Bare Life - Plastic free, Natural Haircare conditioner",Other,22.511581,51.493652
"Be Bare Life - Plastic free, Natural Haircare shampoo",Bathroom/Bedroom,22.517605,51.507534
Be Bare conditioner,Other,27.322775,25.299744
Be Bare shampoo,Bathroom/Bedroom,36.179234,50.07642
BeBare body soap,Bathroom/Bedroom,3.6548874,56.314045
BeBare conditioner,Other,30.34291,23.607256
BeBare shampoo,Bathroom/Bedroom,30.874454,60.05573
Beach access – Beachfront,Climate Control,3.2177954,-31.891495
Beach essentials,Climate Control,-1.4236361,31.55419
Beach view,Climate Control,5.576601,-29.412613
Beautiful Earth body soap,Bathroom/Bedroom,0.9458512,81.11045
Beautiful Earth shampoo,Bathroom/Bedroom,39.525078,46.67589
Bed linens,Bathroom/Bedroom,10.581581,-10.140611
Beko - integrated refrigerator,Kitchen/Dining,7.299194,13.246039
Beko gas stove,Kitchen/Dining,51.1092,-20.707663
Beko refrigerator,Kitchen/Dining,7.4203324,13.196386
Beko single oven,Kitchen/Dining,35.69311,-6.132152
Bellabaci  body soap,Bathroom/Bedroom,24.385212,60.03597
Bellabaci  conditioner,Climate Control,22.210938,33.16643
Bellabaci  shampoo,Bathroom/Bedroom,24.510357,59.994503
Ben Sherman  conditioner,Other,18.37484,33.246006
Ben Sherman body soap,Bathroom/Bedroom,18.308865,53.92567
Ben Sherman conditioner,Other,18.37484,33.246006
Ben Sherman shampoo,Bathroom/Bedroom,18.349798,53.90256
Benette Read stainless steel single oven,Kitchen/Dining,45.10838,-0.8874408
Bertazzoni stainless steel single oven,Kitchen/Dining,45.08164,0.19849952
Best body soap,Bathroom/Bedroom,0.93132246,62.047993
Best refrigerator,Kitchen/Dining,2.791775,5.7326384
Best stove,Kitchen/Dining,54.07092,-21.742596
Better Earth Eco  body soap,Bathroom/Bedroom,1.3517342,79.73694
Better Earth Eco Friendly body soap,Bathroom/Bedroom,1.418592,79.51006
Better Earth Eco Products body soap,Bathroom/Bedroom,1.4350543,79.56371
Better Earth Organic body wash body soap,Bathroom/Bedroom,-0.7636938,77.569534
Better Earth body soap,Bathroom/Bedroom,1.0423019,80.751205
Better Earth shampoo,Bathroom/Bedroom,39.58227,46.483147
Bhpropco shampoo,Bathroom/Bedroom,39.38276,50.012478
Bidet,Other,21.658787,6.6654963
Big Fridge and freezer refrigerator  refrigerator,Kitchen/Dining,-2.3300095,8.577177
Bikes,Other,-8.714169,-20.985178
Bio body soap,Bathroom/Bedroom,5.142629,74.08388
BioBodi - https://skincreamery.com/biobodi/ body soap,Bathroom/Bedroom,5.3155923,74.21749
BioBodi - https://skincreamery.com/biobodi/ conditioner,Facilities/Outdoors,35.423817,40.007736
BioBodi - https://skincreamery.com/biobodi/ shampoo,Bathroom/Bedroom,35.753628,40.565887
Biobodi  shampoo,Bathroom/Bedroom,35.842327,40.694485
Biobodi body soap,Bathroom/Bedroom,5.227298,74.18372
Biodegradable  conditioner,Other,38.260662,23.994883
Biodegradable body soap,Bathroom/Bedroom,4.057721,80.71253
Biodegradable natural body soap,Bathroom/Bedroom,4.058213,80.69384
Biodegradable shampoo,Bathroom/Bedroom,42.204567,45.642616
BlackBrick Conditioner conditioner,Climate Control,29.895697,21.956335
BlackBrick Soaps body soap,Bathroom/Bedroom,0.6833459,66.47475
Blender,Other,18.869656,12.271531
Blodgett electric stove,Kitchen/Dining,56.98237,-23.089987
Blue tooth speaker sound system,Entertainment/Tech,-45.56868,55.537933
Bluetooth Speaker  Bluetooth sound system,Entertainment/Tech,-45.79659,55.585636
Bluetooth sound system,Entertainment/Tech,-43.877274,54.591496
Bluetooth speaker Bluetooth sound system,Entertainment/Tech,-45.799015,55.585583
Bluetooth speaker sound system with Bluetooth and aux,Entertainment/Tech,-42.03744,49.224453
Board games,Other,4.20774,-23.711632
Boat slip,Other,3.848798,-27.510555
Boch refrigerator,Kitchen/Dining,11.827816,6.7915
Boch stainless steel single oven,Kitchen/Dining,35.63669,4.909184
Body Shop body soap,Bathroom/Bedroom,3.436899,60.290157
Body Shop conditioner,Other,24.25304,30.633085
Body Shop shampoo,Bathroom/Bedroom,38.6396,50.509193
Body Wash  body soap,Bathroom/Bedroom,-5.667467,70.13509
Body Wash body soap,Bathroom/Bedroom,-5.667443,70.13641
Body shop  body soap,Bathroom/Bedroom,3.4354076,60.291546
Body shop  shampoo,Bathroom/Bedroom,38.639095,50.510017
Body shop body soap,Bathroom/Bedroom,3.434842,60.289738
Body soap,Bathroom/Bedroom,4.4727182,65.74694
Body wash  body soap,Bathroom/Bedroom,-5.6674523,70.13512
Body wash body soap,Bathroom/Bedroom,-5.6683207,70.13506
Body wash gel body soap,Bathroom/Bedroom,-5.869881,69.61538
"Body wash, shower gel available  body soap",Bathroom/Bedroom,-10.177639,53.207565
BodyShop body soap,Bathroom/Bedroom,3.5535843,60.525135
Bodywash and Shampoo shampoo,Bathroom/Bedroom,37.38257,50.348167
Bodywash body soap,Bathroom/Bedroom,-5.19984,69.8931
Bohdi body soap,Bathroom/Bedroom,17.212997,59.088154
Bohdi shampoo,Bathroom/Bedroom,17.327795,59.049282
Books and reading material,Other,-6.301576,-26.034327
Boom Box Bluetooth sound system,Entertainment/Tech,-44.37715,58.171093
Boose sound system with Bluetooth and aux,Entertainment/Tech,-40.593174,47.775898
Booster seat high chair,Other,1.0173682,-13.461168
Booster seat high chair - always at the listing,Other,0.9425358,-13.447974
Booster seat high chair - available upon request,Other,0.8716629,-13.413233
Bosch  double oven,Kitchen/Dining,40.290222,0.8670696
Bosch  electric stove,Kitchen/Dining,59.561974,-15.818346
Bosch  gas stove,Kitchen/Dining,58.37998,-16.240393
Bosch  induction stove,Kitchen/Dining,72.12492,-14.719777
Bosch  oven,Kitchen/Dining,39.300583,-1.7555082
Bosch  refrigerator,Kitchen/Dining,2.6601918,11.97841
Bosch  single oven,Kitchen/Dining,39.885315,-0.41380084
Bosch  stainless steel double oven,Kitchen/Dining,41.427666,0.65959895
Bosch  stainless steel electric stove,Kitchen/Dining,58.715412,-14.351504
Bosch  stainless steel gas stove,Kitchen/Dining,57.469357,-14.719881
Bosch  stainless steel induction stove,Kitchen/Dining,71.33171,-14.891448
Bosch  stainless steel oven,Kitchen/Dining,41.42563,-2.6484296
Bosch  stainless steel single oven,Kitchen/Dining,41.578888,-0.92459255
Bosch  stove,Kitchen/Dining,59.31213,-16.06175
Bosch (2 fridges) refrigerator,Kitchen/Dining,1.9856488,11.933064
Bosch (Electric) stainless steel oven,Kitchen/Dining,41.39397,-2.9262726
Bosch - Electric oven oven,Kitchen/Dining,39.15504,-2.3302658
Bosch - Induction hob induction stove,Kitchen/Dining,72.36394,-13.308962
Bosch 4 burner gas stove  stainless steel gas stove,Kitchen/Dining,57.445465,-15.116075
Bosch 6 Series  oven,Kitchen/Dining,39.691406,-1.6641321
Bosch Convectional Oven stainless steel double oven,Kitchen/Dining,41.565372,0.9603696
Bosch Electric stainless steel oven,Kitchen/Dining,41.384544,-2.8288696
Bosch Fridge/Freezer refrigerator,Kitchen/Dining,1.2647263,11.825685
Bosch Gas top with electric oven stainless steel oven,Kitchen/Dining,50.32874,-8.265745
Bosch Glass top Induction Stove stainless steel stove,Kitchen/Dining,71.2033,-14.6774645
Bosch Induction stove,Kitchen/Dining,72.12492,-14.719777
Bosch Oven stainless steel oven,Kitchen/Dining,41.481133,-2.5385687
Bosch Series 6 gas stove,Kitchen/Dining,58.349895,-16.418362
Bosch Series 6 stainless steel oven,Kitchen/Dining,40.68183,-2.120136
Bosch Stainless Steel refrigerator,Kitchen/Dining,2.5811675,12.920017
Bosch double door Integrated fridge/freezer  refrigerator,Kitchen/Dining,-5.7045584,15.363197
Bosch double door refrigerator,Kitchen/Dining,-5.7193937,15.451144
Bosch double oven,Kitchen/Dining,40.290283,0.8671657
Bosch electric oven,Kitchen/Dining,39.221584,-2.2132194
Bosch electric stove,Kitchen/Dining,59.562695,-15.818226
Bosch fridge freezer  refrigerator,Kitchen/Dining,1.2201287,11.826638
Bosch fridge/freezer combo refrigerator,Kitchen/Dining,1.2311734,11.803244
Bosch fridge/freezer refrigerator,Kitchen/Dining,1.2647263,11.825685
Bosch frost free refrigerator,Kitchen/Dining,1.2212963,12.723379
"Bosch gas hob, 5 plates stainless steel stove",Kitchen/Dining,63.739628,1.9260265
Bosch gas oven  stainless steel oven,Kitchen/Dining,42.30265,-2.160566
Bosch gas stainless steel single oven,Kitchen/Dining,42.133804,-1.1387277
Bosch gas stove,Kitchen/Dining,58.37974,-16.240177
Bosch gas stove stainless steel stove,Kitchen/Dining,57.513393,-14.67119
Bosch gas top with electric oven stainless steel gas stove,Kitchen/Dining,50.490147,-8.3808565
Bosch induction stove,Kitchen/Dining,72.126656,-14.719981
Bosch new refrigerator,Kitchen/Dining,2.5708156,12.17417
Bosch or defy stainless steel oven,Kitchen/Dining,65.680435,9.473188
Bosch oven,Kitchen/Dining,39.30094,-1.7555249
Bosch oven and gas hob stainless steel oven,Kitchen/Dining,42.581455,-2.1360085
Bosch refrigerator,Kitchen/Dining,2.6601503,11.978231
Bosch refrigerator.   refrigerator,Kitchen/Dining,2.7860773,11.560409
Bosch single oven,Kitchen/Dining,39.885258,-0.41399962
Bosch solar powered. 120 litres + 60 litre freezer refrigerator,Kitchen/Dining,0.20013687,11.515209
Bosch stainless steel double oven,Kitchen/Dining,41.42769,0.6594139
Bosch stainless steel electric stove,Kitchen/Dining,58.71502,-14.351461
Bosch stainless steel gas stove,Kitchen/Dining,57.469357,-14.719881
Bosch stainless steel induction stove,Kitchen/Dining,71.331665,-14.891407
Bosch stainless steel oven,Kitchen/Dining,41.425934,-2.64823
Bosch stainless steel refrigerator,Kitchen/Dining,2.581123,12.920062
Bosch stainless steel single oven,Kitchen/Dining,41.578304,-0.9246017
Bosch stainless steel stove,Kitchen/Dining,58.357166,-14.356569
Bosch stainless steel wood-burning stove,Kitchen/Dining,59.178905,-13.171214
Bosch stove,Kitchen/Dining,59.312225,-16.061827
Bosch x2 stainless steel single oven,Kitchen/Dining,41.536602,-0.6804207
"Bosch, Alexa sound system with Bluetooth and aux",Entertainment/Tech,-52.547745,46.842216
Bosche single oven,Kitchen/Dining,39.790413,-0.35928804
Bosche stainless steel gas stove,Kitchen/Dining,56.839317,-14.553933
Bosche stainless steel oven,Kitchen/Dining,41.653168,-3.1210392
Bose  Bluetooth sound system,Entertainment/Tech,-48.239727,48.363777
Bose  sound system with Bluetooth and aux,Entertainment/Tech,-46.19566,47.981518
Bose  sound system with aux,Entertainment/Tech,-45.51172,44.94317
Bose - Airplay Bluetooth sound system,Entertainment/Tech,-49.997986,49.26156
Bose Bluetooth sound system,Entertainment/Tech,-48.240345,48.363724
Bose Mini Bluetooth sound system,Entertainment/Tech,-48.733116,48.508926
Bose SoundLink Bluetooth sound system,Entertainment/Tech,-48.34566,48.435844
Bose Soundtouch 30 sound system with Bluetooth and aux,Entertainment/Tech,-46.412354,47.74165
Bose Speaker Bluetooth sound system,Entertainment/Tech,-48.240955,48.601498
Bose Speaker sound system,Entertainment/Tech,-48.534565,46.844845
Bose Surround Theatre sound system,Entertainment/Tech,-48.80714,46.35111
Bose iPod sound system,Entertainment/Tech,-48.395844,46.693115
Bose portable speaker Bluetooth sound system,Entertainment/Tech,-48.308964,48.968845
Bose sound dock Bluetooth sound system,Entertainment/Tech,-48.581345,48.36939
Bose sound system,Entertainment/Tech,-48.543674,46.679516
Bose sound system with Bluetooth and aux,Entertainment/Tech,-46.19566,47.981518
Bose sound system with aux,Entertainment/Tech,-45.51186,44.94237
Bose speakers - Sonos amp Bluetooth sound system,Entertainment/Tech,-47.57615,47.47916
Bosh electric stove,Kitchen/Dining,48.20708,-22.84108
Bosh gas stove,Kitchen/Dining,48.109547,-22.705683
Bosh induction stove,Kitchen/Dining,69.26231,-19.419733
Bosh oven,Kitchen/Dining,34.73309,5.0033135
Bosh refrigerator,Kitchen/Dining,11.869346,6.824907
Bosh single oven,Kitchen/Dining,34.919476,4.8178134
Bosh stainless steel double oven,Kitchen/Dining,35.798267,5.148902
Bosh stainless steel gas stove,Kitchen/Dining,48.07344,-22.607138
Bosh stainless steel oven,Kitchen/Dining,35.55643,5.206034
Bosh stainless steel single oven,Kitchen/Dining,35.60034,5.036546
Boshe oven,Kitchen/Dining,34.677586,5.000852
Boss  Bluetooth sound system,Entertainment/Tech,-42.85546,56.689747
Boss stainless steel oven,Kitchen/Dining,42.121468,-4.3220963
Bosse Bluetooth sound system,Entertainment/Tech,-42.8483,56.69988
"Botanicals by Woolworths, a body wash with Chamomile and Bergamot that is calming and gentle on your skin.  body soap",Bathroom/Bedroom,-1.2773796,73.15199
Botch  double oven,Kitchen/Dining,40.187412,3.4855433
Botch refrigerator,Kitchen/Dining,2.3655605,6.906452
Both Grill & Steam ovens oven,Kitchen/Dining,33.75497,-10.950591
Boutique body soap,Bathroom/Bedroom,1.1816021,58.09964
Bowers and Wilkins sound system with Bluetooth and aux,Entertainment/Tech,-45.76985,48.410934
Bowling alley,Other,9.32389,-22.714352
Boze sound system with Bluetooth and aux,Entertainment/Tech,-40.533157,49.609566
Bread maker,Other,19.105251,-9.971908
Breakfast,Other,9.8851795,-14.514873
Breakfast bar,Other,9.600135,-14.710308
Breakfast bar – 2 seats,Other,9.047522,-14.497262
Breakfast bar – 3 seats,Other,9.051261,-14.499098
Breakfast bar – 4 seats,Other,9.044271,-14.498729
Breakfast bar – 5 seats,Other,9.042974,-14.495406
Broadway branded shampoo,Bathroom/Bedroom,43.77383,54.150875
Build in Bosch fridge/Freezer refrigerator,Kitchen/Dining,1.0570607,11.815545
Build in speakers  Bluetooth sound system,Entertainment/Tech,-46.048893,55.72691
Build-in Bosch oven stainless steel oven,Kitchen/Dining,40.908283,-2.722869
Building staff,Other,-3.505548,-18.436193
Built in Oven oven,Kitchen/Dining,34.94711,-10.258072
Built in countertop stove (4 plates) stainless steel electric stove,Kitchen/Dining,66.11088,-29.219294
Built in oven  double oven,Kitchen/Dining,40.335396,3.0068069
Built in refrigerator,Kitchen/Dining,1.2711971,4.336084
Built in stainless steel oven,Kitchen/Dining,42.352497,-5.894911
Built into microwave oven,Kitchen/Dining,31.288837,-8.032996
Butler,Other,11.839409,32.25551
Butler service available 8 hours a day,Other,44.153343,-51.95345
"Butler service available 8 hours a day, every day",Other,44.19357,-51.945034
C4 sound system,Entertainment/Tech,-37.042866,41.021942
CHARLOTTE RHYS body soap,Bathroom/Bedroom,5.7218566,39.15676
CHARLOTTE RHYS conditioner,Other,11.935148,36.46909
CHARLOTTE RHYS shampoo,Bathroom/Bedroom,11.842033,40.828297
CONTEMP body soap,Bathroom/Bedroom,3.3445165,66.200356
CONTEMP conditioner,Other,30.11852,20.879438
CONTEMP shampoo,Bathroom/Bedroom,34.274254,53.682842
CONVECTION with 2 plate on top oven,Kitchen/Dining,28.018744,-13.439627
CURIOCITY body soap,Bathroom/Bedroom,3.0715415,66.92887
CURIOCITY shampoo,Bathroom/Bedroom,37.064972,58.55343
Cadac 4 plate Hob stainless steel gas stove,Kitchen/Dining,63.729713,2.2376637
Cake soap body soap,Bathroom/Bedroom,0.86761045,66.94704
Calm body soap,Bathroom/Bedroom,6.3992357,67.38978
Calm conditioner,Other,28.879023,25.763344
Calm shampoo,Bathroom/Bedroom,34.410774,51.076607
Calro body soap,Bathroom/Bedroom,20.525194,61.434383
Calro conditioner,Other,27.519968,23.723127
Calro shampoo,Bathroom/Bedroom,20.633625,61.398476
Cambridge Audio sound system with Bluetooth and aux,Entertainment/Tech,-42.42354,49.13813
Canal view,Other,6.000144,-30.284466
Candy refrigerator,Kitchen/Dining,1.1679419,2.204771
Candy stainless steel gas stove,Kitchen/Dining,53.174553,-13.373058
Candy stainless steel oven,Kitchen/Dining,42.0842,-7.167804
Cape Fynbos Shampoo shampoo,Bathroom/Bedroom,27.830763,50.628437
Cape Island  body soap,Bathroom/Bedroom,6.4046535,53.683384
Cape Island  conditioner,Other,21.404873,30.12265
Cape Island  shampoo,Bathroom/Bedroom,28.1387,50.893883
Cape Island / Le Naturel conditioner,Other,21.35028,30.406796
Cape Island / Le Naturel shampoo,Bathroom/Bedroom,27.804983,50.27762
Cape Island body soap,Bathroom/Bedroom,6.4044333,53.683426
Cape Island shampoo,Bathroom/Bedroom,28.138926,50.8942
Cape Town Fynbos Premium Skincare Products body soap,Bathroom/Bedroom,7.4547405,53.056423
Cape island  body soap,Bathroom/Bedroom,6.4046125,53.68343
Cape island  conditioner,Other,21.404873,30.122519
Cape island  shampoo,Bathroom/Bedroom,28.139347,50.895447
Cape island body soap,Bathroom/Bedroom,6.4046144,53.6833
Cape island shampoo,Bathroom/Bedroom,28.13906,50.89519
Carbon monoxide alarm,Safety,23.102467,-22.996735
Carlotte Rhys conditioner,Other,11.791931,35.659885
Carlotte Rhys shampoo,Bathroom/Bedroom,11.441325,40.34697
Ceiling fan,Climate Control,15.854527,-1.0027145
Central air conditioning,Climate Control,17.554958,-0.038874388
Central heating,Climate Control,22.563683,-16.525278
Century conditioner,Other,25.188536,24.723408
Ceramic hob electric stove,Kitchen/Dining,65.93897,2.7304096
Ceran electric and gas gas stove,Kitchen/Dining,61.883213,-26.336447
Cerave  body soap,Bathroom/Bedroom,1.8300612,67.46904
Chalette Rys  body soap,Bathroom/Bedroom,3.7738068,42.76533
Chalotte Rhys body soap,Bathroom/Bedroom,6.2689314,38.069042
Chalotte Rhys shampoo,Bathroom/Bedroom,11.084163,40.16534
Changing table,Other,14.105428,-23.513615
Changing table - always at the listing,Other,14.141288,-23.534885
Changing table - available upon request,Other,14.137064,-23.540648
Charlette Rhys body soap,Bathroom/Bedroom,5.951955,38.31573
Charlotte  conditioner,Other,14.834938,34.110584
Charlotte  shampoo,Bathroom/Bedroom,12.831399,43.090313
Charlotte Reece body soap,Bathroom/Bedroom,3.7128837,40.85492
Charlotte Reece conditioner,Other,13.981465,34.91563
Charlotte Reece shampoo,Bathroom/Bedroom,13.043715,42.377197
Charlotte Rees body soap,Bathroom/Bedroom,3.1588597,41.282063
Charlotte Rees shampoo,Bathroom/Bedroom,12.865285,43.01068
Charlotte Reese body soap,Bathroom/Bedroom,3.5579314,40.921646
Charlotte Reiss  conditioner,Other,14.563076,34.36552
Charlotte Reiss body soap,Bathroom/Bedroom,3.1573195,41.547985
Charlotte Rhuys shampoo,Bathroom/Bedroom,12.847757,43.12233
Charlotte Rhy body soap,Bathroom/Bedroom,3.2583394,41.70489
Charlotte Rhys  body soap,Bathroom/Bedroom,5.7218566,39.15676
Charlotte Rhys  conditioner,Other,11.935149,36.46911
Charlotte Rhys  shampoo,Bathroom/Bedroom,11.842033,40.828297
Charlotte Rhys ( Beauty without Cruelty) body soap,Bathroom/Bedroom,5.090982,39.373447
Charlotte Rhys (local CT luxury brand) body soap,Bathroom/Bedroom,4.267463,39.21657
Charlotte Rhys (local CT luxury brand) conditioner,Other,13.331889,35.76357
Charlotte Rhys (local CT luxury brand) shampoo,Bathroom/Bedroom,12.4285555,40.828564
Charlotte Rhys Body and Hand wash body soap,Bathroom/Bedroom,4.2853746,38.519516
Charlotte Rhys Cape Town body soap,Bathroom/Bedroom,5.6699004,39.188473
Charlotte Rhys Cape Town conditioner,Other,12.025283,36.570232
Charlotte Rhys Cape Town shampoo,Bathroom/Bedroom,11.902433,40.826374
Charlotte Rhys Collection body soap,Bathroom/Bedroom,5.292588,38.946262
Charlotte Rhys Conditioner conditioner,Other,13.183692,35.8336
Charlotte Rhys Shampoo and Conditioner conditioner,Bathroom/Bedroom,13.3660345,39.358135
Charlotte Rhys Shampoo and conditioner shampoo,Bathroom/Bedroom,13.164795,39.661896
Charlotte Rhys South African brand  body soap,Bathroom/Bedroom,4.704256,39.125393
Charlotte Rhys and Sh'zen products body soap,Bathroom/Bedroom,4.214896,38.784584
Charlotte Rhys body soap,Bathroom/Bedroom,5.7218566,39.15676
Charlotte Rhys body wash and shower gel body soap,Bathroom/Bedroom,3.6709375,38.101967
Charlotte Rhys conditioner,Other,11.935148,36.46909
Charlotte Rhys conditioning shampoo conditioner,Bathroom/Bedroom,13.463475,39.30399
Charlotte Rhys or Local Design brands body soap,Bathroom/Bedroom,4.0593333,39.21683
Charlotte Rhys shampoo,Bathroom/Bedroom,11.842033,40.828297
"Charlotte Rhys shower gel, body wash and shampoo body soap",Bathroom/Bedroom,3.4572415,37.89751
Charlotte Rhyse conditioner,Other,12.210849,36.337154
Charlotte Ries body soap,Bathroom/Bedroom,3.1767814,41.673603
Charlotte Ries shampoo,Bathroom/Bedroom,12.786594,43.095253
Charlotte Ruys body soap,Bathroom/Bedroom,3.2255676,41.524952
Charlotte Ruys conditioner,Other,14.257049,34.68795
Charlotte Ruys shampoo,Bathroom/Bedroom,12.797377,43.120037
Charlotte Ryes body soap,Bathroom/Bedroom,2.9193816,42.10858
Charlotte Rys body soap,Bathroom/Bedroom,3.4095523,41.878353
Charlotte Rys conditioner,Other,14.763336,34.08011
Charlotte Rys shampoo,Bathroom/Bedroom,12.760639,43.06789
Charlotte rhys body soap,Bathroom/Bedroom,5.7218566,39.15676
Charlotte rhys conditioner,Other,11.935148,36.46909
Charlotte rhys shampoo,Bathroom/Bedroom,11.842139,40.827625
CharlotteRhys conditioner,Other,14.927671,34.06028
Charlotter Rys conditioner,Other,14.909592,33.877693
Charolette Rhys body soap,Bathroom/Bedroom,5.977554,38.29396
Charolette Rhys conditioner,Other,11.727184,35.59188
Charolette Rhys shampoo,Bathroom/Bedroom,11.447627,40.374523
Charolotte Rhys conditioner,Other,11.765162,35.64438
Chef,Other,35.54106,-20.366312
Chef induction stove,Kitchen/Dining,72.24598,-17.846004
Chef service – 2 meals per day,Other,49.976307,-41.12788
Chemgas stainless steel oven,Kitchen/Dining,43.27898,-6.6099997
Childcare,Other,-5.5288873,-23.369896
Children's playroom,Other,-6.334818,-24.296633
Children’s bikes,Other,-8.693941,-21.062544
Children’s books and toys,Other,-6.5595293,-25.360344
Children’s books and toys for ages 0-2 years old,Other,-6.9290714,-25.410034
Children’s books and toys for ages 0-2 years old and 10+ years old,Other,-7.0847263,-25.077394
Children’s books and toys for ages 0-2 years old and 2-5 years old,Other,-7.2151017,-25.43782
"Children’s books and toys for ages 0-2 years old, 2-5 years old, 5-10 years old, and 10+ years old",Other,-7.429407,-25.082172
"Children’s books and toys for ages 0-2 years old, 2-5 years old, and 10+ years old",Other,-7.3457947,-25.169199
"Children’s books and toys for ages 0-2 years old, 2-5 years old, and 5-10 years old",Other,-7.3956547,-25.260965
Children’s books and toys for ages 10+ years old,Other,-6.8575187,-25.05653
Children’s books and toys for ages 2-5 years old,Other,-7.122703,-25.441936
Children’s books and toys for ages 2-5 years old and 10+ years old,Other,-7.2005906,-25.089252
Children’s books and toys for ages 2-5 years old and 5-10 years old,Other,-7.3189397,-25.270811
"Children’s books and toys for ages 2-5 years old, 5-10 years old, and 10+ years old",Other,-7.3752947,-25.081154
Children’s books and toys for ages 5-10 years old,Other,-6.9843073,-25.000185
Children’s books and toys for ages 5-10 years old and 10+ years old,Other,-7.1287475,-24.922586
Children’s dinnerware,Other,17.326216,-15.748637
City skyline view,Other,7.0587654,-30.421335
Claire Smith body soap,Bathroom/Bedroom,1.2911414,43.492657
Clamp on table seat high chair,Other,2.3589332,-13.496975
Clamp on table seat high chair - always at the listing,Other,2.3483768,-13.501151
Clamp on table seat high chair - available upon request,Other,2.2606604,-13.491562
Clara Smith body soap,Bathroom/Bedroom,1.3253719,43.630463
Clara Smith shampoo,Bathroom/Bedroom,13.405552,44.795853
Classic Whirlpool - Side-By-Side American style refrigerator,Kitchen/Dining,7.3108907,17.369795
Cleaning available during stay,Other,43.281433,-45.512024
Cleaning products,Other,43.244766,-45.479813
Clear hypoallergenic glycerine body soap,Bathroom/Bedroom,-6.5749707,78.242516
Clem stainless steel gas stove,Kitchen/Dining,48.528328,-12.064853
Clem stainless steel oven,Kitchen/Dining,48.308575,-11.925489
Clicks  body soap,Bathroom/Bedroom,-8.0047655,73.14288
Clicks  shampoo,Bathroom/Bedroom,38.53731,59.847546
Clicks Body Wash body soap,Bathroom/Bedroom,-7.834375,72.94
Clicks body soap,Bathroom/Bedroom,-8.0047655,73.14288
Clicks body wash body soap,Bathroom/Bedroom,-7.8337336,72.93996
Clicks conditioner,Other,31.477167,20.805754
Clicks pharmacy brand body soap,Bathroom/Bedroom,-8.140532,73.26544
Clicks shampoo,Bathroom/Bedroom,38.53699,59.847588
Climbing wall,Other,0.39745048,-18.095425
Clothes steamer,Other,12.499212,-8.2379265
Clothing storage,Laundry/Closet,10.660771,-7.436942
Clothing storage: closet,Laundry/Closet,10.185178,-7.5586605
Clothing storage: closet and dresser,Laundry/Closet,10.107797,-8.131619
Clothing storage: closet and wardrobe,Laundry/Closet,10.063612,-7.8625317
"Clothing storage: closet, wardrobe, and dresser",Laundry/Closet,9.938858,-8.290541
Clothing storage: dresser,Laundry/Closet,10.450309,-8.195149
Clothing storage: walk-in closet,Laundry/Closet,9.829338,-7.5638175
Clothing storage: walk-in closet and closet,Laundry/Closet,9.663429,-7.6674256
Clothing storage: walk-in closet and dresser,Laundry/Closet,9.740196,-8.08715
Clothing storage: walk-in closet and wardrobe,Laundry/Closet,9.716506,-7.8050246
"Clothing storage: walk-in closet, closet, and dresser",Laundry/Closet,9.603828,-8.038393
"Clothing storage: walk-in closet, closet, and wardrobe",Laundry/Closet,9.614897,-7.834597
"Clothing storage: walk-in closet, closet, wardrobe, and dresser",Laundry/Closet,9.618325,-8.101613
"Clothing storage: walk-in closet, wardrobe, and dresser",Laundry/Closet,9.695074,-8.159409
Clothing storage: wardrobe,Laundry/Closet,10.432575,-7.968486
Clothing storage: wardrobe and dresser,Laundry/Closet,10.206684,-8.323821
CocktailAudio X30 InStyle Speakers sound system with aux,Entertainment/Tech,-44.811363,44.092625
Coco Naturals body soap,Bathroom/Bedroom,1.3101937,73.77119
Cocoa Butter body soap,Bathroom/Bedroom,-0.5694722,46.562275
Cocoa Butter shampoo,Bathroom/Bedroom,31.032278,49.83637
Coconut  conditioner,Other,28.646294,31.293514
Coconut  shampoo,Bathroom/Bedroom,29.705849,51.825184
Codin oven,Kitchen/Dining,38.43902,-17.356083
Codin stove,Kitchen/Dining,38.491676,-17.44826
Coffee,Kitchen/Dining,-15.55245,28.251432
Coffee maker,Kitchen/Dining,-15.639683,28.263538
Coffee maker: Keurig coffee machine,Kitchen/Dining,-18.011517,29.11097
"Coffee maker: Keurig coffee machine, Nespresso",Kitchen/Dining,-17.64543,29.124985
"Coffee maker: Keurig coffee machine, Nespresso, pour-over coffee",Kitchen/Dining,-15.491606,30.247684
"Coffee maker: Keurig coffee machine, pour-over coffee",Kitchen/Dining,-14.970563,30.52644
Coffee maker: Nespresso,Kitchen/Dining,-16.61278,28.937948
"Coffee maker: Nespresso, pour-over coffee",Kitchen/Dining,-15.129957,31.213568
Coffee maker: drip coffee maker,Kitchen/Dining,-15.496524,32.34657
"Coffee maker: drip coffee maker, Keurig coffee machine",Kitchen/Dining,-17.391502,29.99856
"Coffee maker: drip coffee maker, Nespresso",Kitchen/Dining,-16.4825,30.089647
"Coffee maker: drip coffee maker, Nespresso, pour-over coffee",Kitchen/Dining,-15.737359,31.282763
"Coffee maker: drip coffee maker, espresso machine",Kitchen/Dining,-16.550882,29.941742
"Coffee maker: drip coffee maker, espresso machine, Keurig coffee machine, Nespresso, pour-over coffee",Kitchen/Dining,-16.533554,30.390162
"Coffee maker: drip coffee maker, espresso machine, Nespresso",Kitchen/Dining,-16.77739,30.00938
"Coffee maker: drip coffee maker, espresso machine, Nespresso, pour-over coffee",Kitchen/Dining,-16.240257,30.602812
"Coffee maker: drip coffee maker, espresso machine, french press",Kitchen/Dining,-17.757938,31.316578
"Coffee maker: drip coffee maker, espresso machine, french press, Nespresso",Kitchen/Dining,-17.509308,30.837206
"Coffee maker: drip coffee maker, espresso machine, french press, Nespresso, pour-over coffee",Kitchen/Dining,-16.82736,30.978304
"Coffee maker: drip coffee maker, espresso machine, pour-over coffee",Kitchen/Dining,-15.778176,30.95857
"Coffee maker: drip coffee maker, french press",Kitchen/Dining,-17.666265,32.336536
"Coffee maker: drip coffee maker, french press, Keurig coffee machine",Kitchen/Dining,-17.839453,30.797436
"Coffee maker: drip coffee maker, french press, Keurig coffee machine, pour-over coffee",Kitchen/Dining,-16.879356,31.42411
"Coffee maker: drip coffee maker, french press, Nespresso",Kitchen/Dining,-17.613756,31.378025
"Coffee maker: drip coffee maker, french press, Nespresso, pour-over coffee",Kitchen/Dining,-16.561895,31.560553
"Coffee maker: drip coffee maker, french press, pour-over coffee",Kitchen/Dining,-16.5962,32.42535
"Coffee maker: drip coffee maker, pour-over coffee",Kitchen/Dining,-15.273213,32.0452
Coffee maker: espresso machine,Kitchen/Dining,-16.915873,29.165453
"Coffee maker: espresso machine, Keurig coffee machine",Kitchen/Dining,-17.669298,29.240868
"Coffee maker: espresso machine, Keurig coffee machine, Nespresso",Kitchen/Dining,-17.572155,29.348558
"Coffee maker: espresso machine, Keurig coffee machine, pour-over coffee",Kitchen/Dining,-15.583974,30.28189
"Coffee maker: espresso machine, Nespresso",Kitchen/Dining,-16.979006,29.19092
"Coffee maker: espresso machine, Nespresso, pour-over coffee",Kitchen/Dining,-15.716035,30.578333
"Coffee maker: espresso machine, french press",Kitchen/Dining,-18.291857,31.438843
"Coffee maker: espresso machine, french press, Keurig coffee machine",Kitchen/Dining,-18.230722,30.40427
"Coffee maker: espresso machine, french press, Nespresso",Kitchen/Dining,-18.040468,30.862247
"Coffee maker: espresso machine, french press, Nespresso, pour-over coffee",Kitchen/Dining,-16.835005,31.18235
"Coffee maker: espresso machine, french press, pour-over coffee",Kitchen/Dining,-16.832657,31.788015
"Coffee maker: espresso machine, pour-over coffee",Kitchen/Dining,-15.246601,30.827587
Coffee maker: french press,Kitchen/Dining,-18.095125,32.31624
"Coffee maker: french press, Keurig coffee machine",Kitchen/Dining,-18.512814,30.773924
"Coffee maker: french press, Keurig coffee machine, Nespresso",Kitchen/Dining,-18.248316,30.464264
"Coffee maker: french press, Keurig coffee machine, pour-over coffee",Kitchen/Dining,-16.839306,31.868172
"Coffee maker: french press, Nespresso",Kitchen/Dining,-18.19148,31.68465
"Coffee maker: french press, Nespresso, pour-over coffee",Kitchen/Dining,-16.773552,32.046677
"Coffee maker: french press, pour-over coffee",Kitchen/Dining,-16.817873,32.60404
Coffee maker: pour-over coffee,Kitchen/Dining,-14.878911,31.696571
Colgate  shampoo,Bathroom/Bedroom,36.59994,60.212944
Colgate shampoo,Bathroom/Bedroom,36.59995,60.212936
Colso shampoo,Bathroom/Bedroom,36.51593,60.11913
"Combi Microwave, Convection Oven, Grill stainless steel oven",Kitchen/Dining,25.758112,-10.747163
Combination fridge / freezer (decent 200 litre)  refrigerator,Kitchen/Dining,-1.9902502,10.449143
Combination fridge/freezer 200 litre  refrigerator,Kitchen/Dining,-2.038926,10.470939
Combination hob gas  electric stove,Kitchen/Dining,65.23678,2.4819605
Common conditioner,Other,28.740124,22.948507
Common shampoo,Bathroom/Bedroom,39.145855,52.65217
Common use / honesty bar refrigerator,Kitchen/Dining,-5.8958826,0.4583526
Complimentary Shampoo in each bathroom shampoo,Bathroom/Bedroom,36.097824,52.422173
Complimentary body wash in each bathroom body soap,Bathroom/Bedroom,-6.5017524,70.10519
Condere induction stove,Kitchen/Dining,71.44906,-18.62077
Conditioner,Other,28.961588,24.049923
Conditioner conditioner,Other,29.787128,22.52898
Conditioning Shampoo from Tranquility shampoo,Bathroom/Bedroom,34.438446,49.86858
Conditioning shampoo,Bathroom/Bedroom,36.179634,48.343708
Convection Oven stainless steel oven,Kitchen/Dining,25.827478,-9.34661
Convection microwave oven,Kitchen/Dining,28.09755,-9.331545
"Convection microwave, plus airfryer oven",Kitchen/Dining,28.247128,-7.962247
Convection microwave/oven plus hot plates stainless steel double oven,Kitchen/Dining,26.753738,-11.337414
Convection oven oven,Kitchen/Dining,28.707157,-10.15012
Convection stainless steel oven,Kitchen/Dining,25.74792,-9.3700075
Cook,Other,35.61042,-20.383429
Cook master double oven,Kitchen/Dining,39.844276,3.1012201
Cook service available every day – 1 meal per day,Other,49.957012,-41.11255
Cooking basics,Kitchen/Dining,35.64174,-20.384872
Cookmaster gas stove,Kitchen/Dining,52.038094,-20.986082
Counter top full convection oven and microwave. stainless steel oven,Kitchen/Dining,25.854263,-10.779287
Countertop 2 plate electric stove,Kitchen/Dining,65.86508,-27.66381
Countertop two plate stove with mini ove oven,Kitchen/Dining,30.055565,-15.702999
Courtyard view,Other,7.657663,-29.56505
"Coutertop (2 plates, oven)  electric stove",Kitchen/Dining,66.05774,-27.494492
Creative  sound system with aux,Entertainment/Tech,-44.46915,42.31876
Creative sound system with aux,Entertainment/Tech,-44.46915,42.31876
Crib,Other,-1.65043,-22.376192
Crib - always at the listing,Other,-1.6504654,-22.527117
Crib - available upon request,Other,-1.415964,-22.647654
Crosley sound system,Entertainment/Tech,-37.220688,41.524094
Cruelty Free - Whisper Soft body soap,Bathroom/Bedroom,-2.9618456,77.37527
Custom body soap,Bathroom/Bedroom,-5.278226,65.250404
Custom brand shampoo,Bathroom/Bedroom,42.45261,55.066135
Custom branded body soap,Bathroom/Bedroom,-5.205994,65.07119
Custom branded conditioner,Other,24.704458,26.482807
DEFY  electric stove,Kitchen/Dining,70.67636,5.2322807
DEFY - Standard oven oven,Kitchen/Dining,67.172066,14.828845
DEFY 94l undercounter refrigerator,Kitchen/Dining,-5.296238,22.458479
DEFY Double Door Fridge/Freezer refrigerator,Kitchen/Dining,-6.987326,18.198904
DEFY Fridge/Freezer Medium Size refrigerator,Kitchen/Dining,-7.284097,20.91782
DEFY Stove electric stove,Kitchen/Dining,70.74014,5.3660183
DEFY electric stove,Kitchen/Dining,70.67635,5.232281
DEFY gas stove,Kitchen/Dining,69.29673,6.1917763
DEFY oven,Kitchen/Dining,67.08743,14.692193
DEFY refrigerator,Kitchen/Dining,-5.53855,21.25849
DEFY single oven,Kitchen/Dining,65.790924,14.573475
DEFY stainless steel double oven,Kitchen/Dining,67.82241,12.392609
DEFY stainless steel electric stove,Kitchen/Dining,70.62844,7.638249
DEFY stainless steel gas stove,Kitchen/Dining,69.86213,7.7173266
DEFY stainless steel induction stove,Kitchen/Dining,72.381836,7.127103
DEFY stainless steel oven,Kitchen/Dining,67.772675,11.435849
DEFY stainless steel single oven,Kitchen/Dining,67.19132,11.79927
DEFY stainless steel stove,Kitchen/Dining,70.45578,7.877502
DEFY stove,Kitchen/Dining,70.09016,5.801582
DENON Bluetooth sound system,Entertainment/Tech,-32.34362,47.825092
DEfy refrigerator,Kitchen/Dining,-5.53855,21.25849
DIVERSI body soap,Bathroom/Bedroom,2.5998576,66.640175
DIVERSI shampoo,Bathroom/Bedroom,34.52987,65.71356
DOVE body soap,Bathroom/Bedroom,-15.451642,70.342186
DVD/Video player and screen set up in lounge sound system,Entertainment/Tech,-38.44428,19.058237
Dacor electric stove,Kitchen/Dining,56.30162,-26.569733
Dacor gas stove,Kitchen/Dining,56.254223,-26.561455
Dacor stainless steel electric stove,Kitchen/Dining,56.326893,-26.596941
Dali Katch sound system with Bluetooth and aux,Entertainment/Tech,-44.31601,47.616104
DeLonghi  stainless steel double oven,Kitchen/Dining,43.454987,3.532235
Decent shampoo,Bathroom/Bedroom,38.41794,54.67979
Dedicated workspace,Climate Control,-9.602929,-86.85583
Def have hot water :) shampoo,Bathroom/Bedroom,34.283512,52.19261
Def refrigerator,Kitchen/Dining,2.4653394,3.8892229
DefY stainless steel oven,Kitchen/Dining,67.772675,11.435849
Deffy refrigerator,Kitchen/Dining,-4.83125,21.810522
Deffy stainless steel double oven,Kitchen/Dining,68.007095,12.688776
Defi stainless steel oven,Kitchen/Dining,67.92303,10.784941
Defy  Hob stainless steel gas stove,Kitchen/Dining,67.38739,5.743675
Defy  double oven,Kitchen/Dining,65.85511,15.41612
Defy  electric stove,Kitchen/Dining,70.67658,5.2316923
Defy  gas stove,Kitchen/Dining,69.29555,6.19088
Defy  oven,Kitchen/Dining,67.08873,14.6921835
Defy  refrigerator,Kitchen/Dining,-5.5387936,21.258669
Defy  single oven,Kitchen/Dining,65.79101,14.573476
Defy  stainless steel electric stove,Kitchen/Dining,70.62887,7.6388097
Defy  stainless steel oven,Kitchen/Dining,67.772675,11.435849
Defy  stainless steel wood-burning stove,Kitchen/Dining,70.66486,8.217898
Defy  stove,Kitchen/Dining,70.09007,5.801176
Defy & Elba stainless steel gas stove,Kitchen/Dining,68.538284,7.46969
Defy & Elba stainless steel oven,Kitchen/Dining,67.27441,9.953134
Defy * Gas stainless steel oven,Kitchen/Dining,66.487656,11.661682
Defy - Convection Oven stainless steel single oven,Kitchen/Dining,63.88809,12.381729
Defy - a South African Original electric stove,Kitchen/Dining,70.37577,4.7862206
Defy - frost free refrigerator,Kitchen/Dining,-4.8684998,21.252436
Defy / HiSense oven,Kitchen/Dining,67.09913,15.711469
Defy 150l 2 door fridge and freezer refrigerator,Kitchen/Dining,-6.574842,19.90863
Defy 2 pcs refrigerator,Kitchen/Dining,-5.168714,20.595594
Defy 30 litre mini oven with 2x hotplates (coutertop)  electric stove,Kitchen/Dining,72.37759,3.3579533
Defy 4 plates electric stove,Kitchen/Dining,67.08018,-28.85725
Defy 4-ring electric hob stainless steel electric stove,Kitchen/Dining,67.542435,5.1250825
Defy 600 Built in Oven  oven,Kitchen/Dining,68.12673,15.841527
Defy 600 Built in oven  oven,Kitchen/Dining,68.12673,15.841527
Defy DD (Refrigerator/Freezer) refrigerator,Kitchen/Dining,-6.2108765,22.0972
Defy Fan Oven oven,Kitchen/Dining,68.34497,14.634005
Defy Gas Hob gas stove,Kitchen/Dining,67.8617,5.883401
Defy Gas Stove // Electric oven stainless steel gas stove,Kitchen/Dining,69.22503,7.976466
Defy Gas oven oven,Kitchen/Dining,65.941864,13.242019
Defy Gas oven stainless steel single oven,Kitchen/Dining,66.1596,12.0616045
Defy Gas single oven,Kitchen/Dining,65.66174,13.170073
Defy Gas stainless steel single oven,Kitchen/Dining,66.23636,11.9762335
Defy Gemini Chef stainless steel electric stove,Kitchen/Dining,71.59967,8.48514
Defy Gemini Double Oven electric stove,Kitchen/Dining,64.668205,17.13064
Defy Gemini Double oven oven,Kitchen/Dining,64.61248,17.15371
Defy Gemini double oven,Kitchen/Dining,64.584206,17.185722
Defy Glass Top electric stove,Kitchen/Dining,69.47149,4.0106926
Defy Hob  Glass Top electric stove,Kitchen/Dining,68.194016,3.940479
Defy Hob stainless steel single oven,Kitchen/Dining,65.39302,11.138585
Defy Induction stove,Kitchen/Dining,72.60271,6.276338
Defy Mini Oven / Stove Combo electric stove,Kitchen/Dining,71.88228,4.0252633
Defy Oven & Hob oven,Kitchen/Dining,66.99407,14.297538
Defy Petit chef single oven,Kitchen/Dining,64.9057,14.7943535
Defy Slimline single oven,Kitchen/Dining,65.65879,14.697856
Defy Table Top refrigerator,Kitchen/Dining,-5.744086,22.081738
Defy Table Top stainless steel oven,Kitchen/Dining,68.31813,11.43544
Defy Thermofan stainless steel single oven,Kitchen/Dining,67.18489,12.13066
Defy and outdoor fridge Kic refrigerator,Kitchen/Dining,-5.2330136,20.251163
Defy bar fridge with small freezer refrigerator,Kitchen/Dining,-8.152695,20.590223
Defy ceramic 5 hob touch control electric stove,Kitchen/Dining,67.89421,3.0672915
Defy convection microwave stainless steel single oven,Kitchen/Dining,63.728226,12.369092
Defy double door refrigerator,Kitchen/Dining,-7.011394,17.962212
Defy double door refrigerator  refrigerator,Kitchen/Dining,-6.9975777,17.998308
Defy double eye level oven stove,Kitchen/Dining,70.413826,11.90938
Defy double oven,Kitchen/Dining,65.85511,15.41612
"Defy electric oven, Air gas hob stainless steel gas stove",Kitchen/Dining,67.69374,7.2745957
Defy electric stove,Kitchen/Dining,70.676506,5.231638
"Defy fan assisted oven, bakes super well stainless steel oven",Kitchen/Dining,68.66019,14.4682665
Defy fridge and freezer  refrigerator,Kitchen/Dining,-6.4365153,20.909044
Defy fridge and freezer refrigerator,Kitchen/Dining,-6.4364915,20.909248
Defy fridge freezer refrigerator,Kitchen/Dining,-6.7453074,21.102663
Defy gas  stainless steel single oven,Kitchen/Dining,66.23636,11.9762335
Defy gas hob and elec oven  stainless steel single oven,Kitchen/Dining,65.41945,11.256833
Defy gas stove,Kitchen/Dining,69.29673,6.1917763
Defy gas stove stainless steel electric stove,Kitchen/Dining,69.82667,7.619211
Defy gas stove/electric oven stainless steel oven,Kitchen/Dining,68.78775,8.437353
Defy glass top  electric stove,Kitchen/Dining,69.47149,4.0106926
Defy hob and oven electric stove,Kitchen/Dining,67.38231,4.1121283
Defy hob stainless steel gas stove,Kitchen/Dining,67.38739,5.743675
Defy induction stove,Kitchen/Dining,72.60266,6.2762895
Defy mini kitchen  stainless steel electric stove,Kitchen/Dining,71.05081,7.13178
Defy mini kitchen  stainless steel single oven,Kitchen/Dining,66.9748,11.144366
Defy mirror front refrigerator,Kitchen/Dining,-5.601507,19.472622
Defy oven,Kitchen/Dining,67.08743,14.692193
Defy refrigerator,Kitchen/Dining,-5.5387936,21.258669
Defy single oven,Kitchen/Dining,65.79101,14.573476
Defy small fridge refrigerator,Kitchen/Dining,-7.21906,21.015272
Defy stainless steel double oven,Kitchen/Dining,67.82206,12.392609
Defy stainless steel electric stove,Kitchen/Dining,70.62887,7.6388097
Defy stainless steel gas stove,Kitchen/Dining,69.8595,7.717455
Defy stainless steel induction stove,Kitchen/Dining,72.38205,7.1270037
Defy stainless steel oven,Kitchen/Dining,67.772675,11.435849
Defy stainless steel single oven,Kitchen/Dining,67.19144,11.799309
Defy stainless steel stove,Kitchen/Dining,70.45578,7.877502
Defy stove,Kitchen/Dining,70.08978,5.8015203
Defy stove with electric burners and oven oven,Kitchen/Dining,71.338524,4.969392
Defy with freezer compartment  refrigerator,Kitchen/Dining,-6.940058,21.778458
Defy with fridge and freezer refrigerator,Kitchen/Dining,-6.5686674,21.156979
Defy with water compartment refrigerator,Kitchen/Dining,-6.85858,22.213352
"Defy,  flat top with oven oven",Kitchen/Dining,67.25273,14.864384
"Defy, fridge and freezer refrigerator",Kitchen/Dining,-5.9708242,20.638144
"Defy, fridge/freezer refrigerator",Kitchen/Dining,-5.897956,20.893158
Dell refrigerator,Kitchen/Dining,-8.302274,6.6632786
Dell stainless steel electric stove,Kitchen/Dining,61.727844,-13.283232
Dell stainless steel oven,Kitchen/Dining,40.76559,-5.660372
Delonghi stainless steel electric stove,Kitchen/Dining,60.4095,-11.82854
Delonghi stainless steel gas stove,Kitchen/Dining,60.405838,-11.824616
Delonghi stainless steel oven,Kitchen/Dining,43.4379,3.5667093
Deluxe refrigerator,Kitchen/Dining,2.3851976,4.5365396
Deluxe sound system with Bluetooth and aux,Entertainment/Tech,-41.64969,48.098213
Denon  Bluetooth sound system,Entertainment/Tech,-32.343628,47.82539
Denon & Polke  Bluetooth sound system,Entertainment/Tech,-32.11595,48.191486
Denon Bluetooth sound system,Entertainment/Tech,-32.34356,47.824825
Denon Heos Bluetooth sound system,Entertainment/Tech,-32.325867,47.72764
Denon HiFi / Klipsch Speakers sound system with aux,Entertainment/Tech,-33.252533,48.123272
Denon sound system,Entertainment/Tech,-32.309788,47.37365
Denon sound system with Bluetooth and aux,Entertainment/Tech,-32.75471,47.998314
Depending on what is available body soap,Bathroom/Bedroom,3.5517204,63.800304
Depends what is there.. :-) body soap,Bathroom/Bedroom,3.7623434,63.649925
Desert view,Other,6.543092,-29.284426
Detol body soap,Bathroom/Bedroom,-7.601736,67.9924
Dettol  body soap,Bathroom/Bedroom,-7.7480206,67.93947
Dettol Shower Gel body soap,Bathroom/Bedroom,-12.357355,52.3222
Dettol body soap,Bathroom/Bedroom,-7.748835,67.93965
Dettol body wash body soap,Bathroom/Bedroom,-6.5064793,69.39582
Dettol soap body soap,Bathroom/Bedroom,-7.784631,67.87727
"Dettol, Lux body soap",Bathroom/Bedroom,-9.09318,67.490456
Devy induction stove,Kitchen/Dining,71.991905,-17.151861
Devy refrigerator,Kitchen/Dining,1.1406109,1.0764294
Devy stainless steel electric stove,Kitchen/Dining,57.135044,-11.6036825
Devy stainless steel single oven,Kitchen/Dining,45.61348,-0.80102366
Dewhot stainless steel gas stove,Kitchen/Dining,55.101917,-13.7360525
Dey oven,Kitchen/Dining,36.6901,-10.952983
Different body soap,Bathroom/Bedroom,1.0227965,65.61227
Dify refrigerator,Kitchen/Dining,4.404967,0.8328745
Dining table,Other,13.37734,-21.697594
Dishes and silverware,Kitchen/Dining,17.328367,-15.747758
Dishwasher,Laundry/Closet,21.453115,7.1925297
Diverse merken shampo en gel  body soap,Bathroom/Bedroom,0.27462444,55.562714
Dixon Mini Fridge  refrigerator,Kitchen/Dining,-0.98230153,5.680589
Dixon electric stove,Kitchen/Dining,56.829308,-23.876602
Dixon oven,Kitchen/Dining,37.598476,-11.192653
Dixon refrigerator,Kitchen/Dining,-0.6233875,5.547415
Dixon sound system with Bluetooth and aux,Entertainment/Tech,-39.55379,45.654564
Dixon sound system with aux,Entertainment/Tech,-39.544754,45.459225
Diğer gas stove,Kitchen/Dining,52.796444,-21.362003
Domestic  single oven,Kitchen/Dining,35.235016,-6.8245544
Dont know body soap,Bathroom/Bedroom,4.342177,65.45691
Double Door Samsung drawer Freezer refrigerator,Kitchen/Dining,-8.349264,14.277683
Double door Samsung refrigerator,Kitchen/Dining,-8.944352,14.806955
Double door fridge refrigerator,Kitchen/Dining,-7.0449653,15.125392
Double fridge refrigerator,Kitchen/Dining,-6.8315344,15.00154
Double odoor fridge/freeer with water & ice ma refrigerator,Kitchen/Dining,-7.5575852,13.725935
Double oven,Kitchen/Dining,40.340122,3.275193
Dove  body soap,Bathroom/Bedroom,-15.451073,70.34209
Dove  shampoo,Bathroom/Bedroom,34.91514,61.477562
Dove Aloe vera body soap,Bathroom/Bedroom,-16.1236,70.95991
Dove Bar Soap body soap,Bathroom/Bedroom,-16.694067,69.98535
Dove Clinic body soap,Bathroom/Bedroom,-15.521686,70.541855
Dove Shower & Bath Gel body soap,Bathroom/Bedroom,-12.955176,51.65059
Dove Soap  body soap,Bathroom/Bedroom,-15.535884,70.23921
Dove and Miss Lynn products body soap,Bathroom/Bedroom,-15.365901,69.42707
Dove bar soap body soap,Bathroom/Bedroom,-16.694067,69.98535
Dove body soap,Bathroom/Bedroom,-15.451642,70.342186
Dove conditioner,Other,28.501959,33.533287
Dove or Nest body soap,Bathroom/Bedroom,-15.346117,71.61985
Dove or similar body soap,Bathroom/Bedroom,-14.948271,70.3785
Dove or similar conditioner,Other,28.509636,33.528263
Dove or similar shampoo,Bathroom/Bedroom,34.906086,61.477226
Dove shampoo,Bathroom/Bedroom,34.915283,61.477562
Dove soap  body soap,Bathroom/Bedroom,-15.535884,70.23921
Dove soap body soap,Bathroom/Bedroom,-15.535625,70.23986
Dove soap or body wash available body soap,Bathroom/Bedroom,-13.886248,70.812294
"Dove, lux or similar or quality body soap",Bathroom/Bedroom,-14.046261,69.14402
Dove/ Lux body soap,Bathroom/Bedroom,-14.133222,69.149895
Dove/glycerine/woolworths/pears /similar brand body soap,Bathroom/Bedroom,-8.577465,76.268616
Dr Bronner's Soap body soap,Bathroom/Bedroom,-0.64213866,64.431885
Dry hair shampoo shampoo,Bathroom/Bedroom,35.800808,51.65109
Dryer,Bathroom/Bedroom,20.528252,11.376453
Dryer – In building,Bathroom/Bedroom,21.595848,10.96292
Dryer – In unit,Bathroom/Bedroom,21.341524,10.69734
Drying rack for clothing,Climate Control,11.444179,-7.078666
Démêlants  shampoo,Bathroom/Bedroom,36.868954,53.310177
ELBA  ---GAS HOB AND ELECTRIC OVEN stainless steel stove,Kitchen/Dining,61.38199,5.135122
ELBA double oven,Kitchen/Dining,58.71859,7.1086435
ELBA stainless steel gas stove,Kitchen/Dining,60.922127,5.685412
ELBA stainless steel oven,Kitchen/Dining,59.22676,7.3315964
ELITE body soap,Bathroom/Bedroom,3.186924,61.881195
ELITE conditioner,Other,23.365839,24.917446
ELITE shampoo,Bathroom/Bedroom,38.08826,57.102676
EV charger,Other,58.56706,-31.115517
EV charger - level 1,Access/Parking,58.584206,-31.102894
EV charger - level 2,Access/Parking,58.59173,-31.101395
"EV charger - level 2, tesla only",Access/Parking,58.601215,-31.096424
EXCLUSIVE conditioner,Other,30.53127,19.868572
EXCLUSIVE shampoo,Bathroom/Bedroom,42.531895,58.276356
Earth Ant  shampoo,Bathroom/Bedroom,39.04376,46.004383
Earth Ant body soap,Bathroom/Bedroom,1.1538538,81.875046
Earth Ant conditioner,Other,38.71794,21.269976
Earth Benefits Biological Products  body soap,Bathroom/Bedroom,0.8901873,79.720665
Earth conditioner,Other,38.273712,21.820864
Earth shampoo,Bathroom/Bedroom,39.550865,46.46547
EarthSap conditioner,Other,38.426136,22.441862
EarthSap shampoo,Bathroom/Bedroom,40.21454,46.15218
Earthsap (Biodegradable Products) body soap,Bathroom/Bedroom,2.4596546,80.49677
Earthsap body soap,Bathroom/Bedroom,1.9962139,80.88024
Earthsap conditioner,Other,38.42616,22.441809
Earthsap shampoo,Bathroom/Bedroom,40.214462,46.15376
"Earthsap, biodegradable  conditioner",Other,38.40967,23.690388
"Earthsap, biodegradable  shampoo",Bathroom/Bedroom,40.995907,45.894794
Eco  body soap,Bathroom/Bedroom,3.2615004,77.811714
Eco body soap,Bathroom/Bedroom,3.262141,77.81208
Eco natural  body soap,Bathroom/Bedroom,2.5762308,77.23149
Eco shampoo,Bathroom/Bedroom,42.782585,47.266552
Eco-friendly  body soap,Bathroom/Bedroom,2.194623,78.04943
Eco-friendly  conditioner,Other,36.097954,26.273077
Eco-friendly body soap,Bathroom/Bedroom,2.19472,78.049286
Eco-friendly shampoo,Bathroom/Bedroom,42.863388,47.121094
Ecoco body soap,Bathroom/Bedroom,3.4934547,77.94066
Ecoco conditioner,Other,36.158936,26.203737
Ecoco natural  shampoo,Bathroom/Bedroom,42.782913,47.43026
Ecofair body soap,Bathroom/Bedroom,3.4956663,77.94112
Ecofair shampoo,Bathroom/Bedroom,42.796726,47.335056
Eden Haus  shampoo,Bathroom/Bedroom,23.08243,56.703518
Eden Haus body soap,Bathroom/Bedroom,22.719894,56.826195
Eden Haus conditioner,Other,22.967398,56.56366
Eden Haus shampoo,Bathroom/Bedroom,23.08243,56.703518
Elba  stainless steel oven,Kitchen/Dining,59.226788,7.331598
Elba 900cm stainless steel single oven,Kitchen/Dining,59.075047,7.574017
"Elba electric ,gas oven oven",Kitchen/Dining,59.271477,6.786737
Elba gas stove,Kitchen/Dining,60.72122,5.846392
Elba oven,Kitchen/Dining,59.161774,6.9109683
Elba stainless steel double oven,Kitchen/Dining,58.840706,7.3314786
Elba stainless steel gas stove,Kitchen/Dining,60.922127,5.685412
Elba stainless steel oven,Kitchen/Dining,59.226616,7.3315616
Elba stove,Kitchen/Dining,60.552376,5.9927683
Electric and Gas electric stove,Kitchen/Dining,55.88579,-22.452124
Electric and gas gas stove,Kitchen/Dining,55.574486,-22.333872
Electric oven,Kitchen/Dining,34.62549,-8.4972725
"Electric oven, gas hob single oven",Kitchen/Dining,50.27524,-1.5437019
Electric refrigerator,Kitchen/Dining,3.0174727,7.4288235
Electric single oven,Kitchen/Dining,34.941673,-7.5669103
Electric stainless steel oven,Kitchen/Dining,43.618042,-4.8045926
Electric stove,Kitchen/Dining,56.950043,-22.626076
Electric two plate stove electric stove,Kitchen/Dining,65.02999,-27.468088
Electrolux  refrigerator,Kitchen/Dining,5.841898,11.246938
Electrolux  stainless steel single oven,Kitchen/Dining,48.13573,-3.7128968
Electrolux electric stove,Kitchen/Dining,56.683197,-8.762215
Electrolux gas stove,Kitchen/Dining,56.64979,-8.770034
Electrolux oven,Kitchen/Dining,48.19837,-3.6740773
Electrolux refrigerator,Kitchen/Dining,5.8424664,11.246918
Electrolux single oven,Kitchen/Dining,48.17621,-3.6284156
Electrolux stainless steel electric stove,Kitchen/Dining,56.4636,-8.9119625
Electrolux stainless steel gas stove,Kitchen/Dining,56.42123,-8.914249
Electrolux stainless steel single oven,Kitchen/Dining,48.13573,-3.7128968
Elements body soap,Bathroom/Bedroom,1.5748631,64.8544
Elements of Africa body soap,Bathroom/Bedroom,10.53482,76.940384
Elements of Africa shampoo,Bathroom/Bedroom,36.788113,43.811672
Elevator,Access/Parking,0.38933423,-17.700096
Elle conditioner,Other,14.850452,36.216408
Elveve conditioner,Other,32.70864,19.995104
Elveve shampoo,Bathroom/Bedroom,32.851353,60.713432
Elvive conditioner,Other,32.68859,20.010695
Elvive shampoo,Bathroom/Bedroom,32.853584,60.705837
Enchantrix organic conditioner  conditioner,Other,36.699497,28.908968
Enchantrix organic shampoo shampoo,Bathroom/Bedroom,42.127087,43.200108
Environmentally friendly  body soap,Bathroom/Bedroom,1.8354771,78.295654
Environmentally friendly body soap,Bathroom/Bedroom,1.8354622,78.29681
Essenial body soap,Bathroom/Bedroom,3.0660748,67.99047
Essential 2 plate burner stove  electric stove,Kitchen/Dining,63.66802,-27.493298
Essentials,Other,-1.368708,31.514881
Essentials  body soap,Bathroom/Bedroom,3.5278072,71.94747
Essentials  conditioner,Other,29.655762,23.996902
Essentials electric stove,Kitchen/Dining,58.585056,-24.32478
Essentials oven,Kitchen/Dining,40.360817,-13.054002
Essentials stainless steel oven,Kitchen/Dining,40.432205,-13.061383
Ethernet connection,Entertainment/Tech,-55.108437,-44.272858
Euro Gas stainless steel gas stove,Kitchen/Dining,54.270145,-11.14513
Euro Gas stainless steel oven,Kitchen/Dining,49.03762,-6.3590064
Euro gas stainless steel electric stove,Kitchen/Dining,54.342293,-11.017089
Eurogas  stainless steel electric stove,Kitchen/Dining,53.99071,-9.920383
Eurogas  stainless steel gas stove,Kitchen/Dining,53.886738,-9.955501
Eurogas & Smeg stainless steel double oven,Kitchen/Dining,49.01601,2.2723777
"Eurogas (Gas Top, Electric oven) stainless steel gas stove",Kitchen/Dining,53.735943,-9.815821
Eurogas + Smeg stainless steel gas stove,Kitchen/Dining,54.110455,-9.412254
Eurogas electric oven and 5 plate gas top stove,Kitchen/Dining,50.866894,-6.109364
Eurogas gas stove,Kitchen/Dining,53.654984,-9.7252445
Eurogas oven,Kitchen/Dining,50.191525,-5.4436984
Eurogas stainless steel double oven,Kitchen/Dining,48.585587,1.885311
Eurogas stainless steel gas stove,Kitchen/Dining,53.887062,-9.955348
Eurogas stainless steel oven,Kitchen/Dining,49.778675,-5.185688
Eurogas stainless steel single oven,Kitchen/Dining,49.74222,-4.9432335
Eurogas with electric oven and gas hob stainless steel oven,Kitchen/Dining,50.302273,-5.508963
Eurogas/electric oven oven,Kitchen/Dining,50.289124,-5.5371804
Eurolux stainless steel oven,Kitchen/Dining,48.42636,-4.6194396
Eurolux stainless steel stove,Kitchen/Dining,55.872288,-9.145613
Evolve body soap,Bathroom/Bedroom,5.7309175,68.107994
Evolve shampoo,Bathroom/Bedroom,40.456146,51.252598
Exclusive  body soap,Bathroom/Bedroom,2.2321243,61.91721
Exclusive  conditioner,Other,30.53127,19.868572
Exclusive  shampoo,Bathroom/Bedroom,42.53196,58.278996
Exclusive body soap,Bathroom/Bedroom,2.2317882,61.917156
Exclusive conditioner,Other,30.531271,19.868572
Exclusive shampoo,Bathroom/Bedroom,42.53196,58.278996
Exercise equipment,Other,-14.442832,-16.406923
Exercise equipment: elliptical,Other,-12.653826,-16.601767
"Exercise equipment: elliptical, free weights",Other,-10.92039,-16.718775
"Exercise equipment: elliptical, free weights, stationary bike",Other,-11.471752,-16.281717
"Exercise equipment: elliptical, free weights, stationary bike, treadmill",Other,-11.539476,-15.8816185
"Exercise equipment: elliptical, free weights, stationary bike, treadmill, workout bench",Other,-11.213256,-15.700487
"Exercise equipment: elliptical, free weights, stationary bike, treadmill, workout bench, rowing",Other,-10.844585,-15.490781
"Exercise equipment: elliptical, free weights, stationary bike, treadmill, yoga mat",Other,-12.001278,-14.515615
"Exercise equipment: elliptical, free weights, stationary bike, treadmill, yoga mat, rowing",Other,-11.262055,-14.775687
"Exercise equipment: elliptical, free weights, stationary bike, treadmill, yoga mat, workout bench",Other,-11.5797825,-14.749898
"Exercise equipment: elliptical, free weights, stationary bike, treadmill, yoga mat, workout bench, rowing",Other,-11.136025,-14.877416
"Exercise equipment: elliptical, free weights, stationary bike, workout bench, rowing",Other,-10.773731,-15.633638
"Exercise equipment: elliptical, free weights, stationary bike, yoga mat",Other,-12.1135845,-14.3246565
"Exercise equipment: elliptical, free weights, stationary bike, yoga mat, workout bench",Other,-11.6398535,-14.621833
"Exercise equipment: elliptical, free weights, treadmill, workout bench, rowing",Other,-10.642752,-15.5933
"Exercise equipment: elliptical, free weights, treadmill, yoga mat",Other,-12.035551,-14.197885
"Exercise equipment: elliptical, free weights, treadmill, yoga mat, workout bench",Other,-11.6082735,-14.529993
"Exercise equipment: elliptical, free weights, workout bench",Other,-10.928909,-16.478823
"Exercise equipment: elliptical, free weights, workout bench, rowing",Other,-10.586717,-15.820738
"Exercise equipment: elliptical, free weights, yoga mat",Other,-12.037073,-14.125307
"Exercise equipment: elliptical, free weights, yoga mat, workout bench",Other,-11.624029,-14.484192
"Exercise equipment: elliptical, stationary bike",Other,-12.820737,-16.451693
"Exercise equipment: elliptical, stationary bike, treadmill",Other,-12.904662,-16.221243
"Exercise equipment: elliptical, stationary bike, treadmill, yoga mat",Other,-13.131158,-14.3623085
"Exercise equipment: elliptical, stationary bike, workout bench",Other,-12.147368,-17.108377
"Exercise equipment: elliptical, treadmill, workout bench",Other,-12.115982,-17.231464
"Exercise equipment: elliptical, workout bench",Other,-12.060961,-17.268948
Exercise equipment: free weights,Other,-8.147282,-14.632421
"Exercise equipment: free weights, stationary bike",Other,-9.029059,-15.273391
"Exercise equipment: free weights, stationary bike, treadmill",Other,-9.164631,-15.039447
"Exercise equipment: free weights, stationary bike, treadmill, workout bench",Other,-9.378736,-14.5012665
"Exercise equipment: free weights, stationary bike, treadmill, workout bench, rowing",Other,-9.734503,-13.954133
"Exercise equipment: free weights, stationary bike, treadmill, yoga mat",Other,-11.577175,-12.893205
"Exercise equipment: free weights, stationary bike, treadmill, yoga mat, rowing",Other,-10.461684,-13.053812
"Exercise equipment: free weights, stationary bike, treadmill, yoga mat, workout bench",Other,-11.062265,-13.192994
"Exercise equipment: free weights, stationary bike, treadmill, yoga mat, workout bench, rowing",Other,-10.4469385,-13.352863
"Exercise equipment: free weights, stationary bike, workout bench",Other,-9.195953,-14.513136
"Exercise equipment: free weights, stationary bike, workout bench, rowing",Other,-9.551744,-13.891797
"Exercise equipment: free weights, stationary bike, yoga mat",Other,-11.733086,-12.64917
"Exercise equipment: free weights, stationary bike, yoga mat, workout bench",Other,-11.19609,-12.933489
"Exercise equipment: free weights, stationary bike, yoga mat, workout bench, rowing",Other,-10.468887,-13.120126
"Exercise equipment: free weights, treadmill",Other,-8.502192,-14.774322
"Exercise equipment: free weights, treadmill, workout bench",Other,-8.90928,-14.238701
"Exercise equipment: free weights, treadmill, workout bench, rowing",Other,-9.388171,-13.464536
"Exercise equipment: free weights, treadmill, yoga mat",Other,-11.578915,-12.31947
"Exercise equipment: free weights, treadmill, yoga mat, rowing",Other,-10.16443,-12.374255
"Exercise equipment: free weights, treadmill, yoga mat, workout bench",Other,-11.137642,-12.668521
"Exercise equipment: free weights, treadmill, yoga mat, workout bench, rowing",Other,-10.193226,-12.794775
"Exercise equipment: free weights, workout bench",Other,-8.570569,-14.126925
"Exercise equipment: free weights, workout bench, rowing",Other,-9.183763,-13.356042
"Exercise equipment: free weights, yoga mat",Other,-11.596525,-12.055527
"Exercise equipment: free weights, yoga mat, rowing",Other,-10.14312,-12.18245
"Exercise equipment: free weights, yoga mat, workout bench",Other,-11.162274,-12.31985
"Exercise equipment: free weights, yoga mat, workout bench, rowing",Other,-10.204442,-12.52522
Exercise equipment: rowing,Other,-15.295563,-14.8262
Exercise equipment: stationary bike,Other,-14.253549,-15.438278
"Exercise equipment: stationary bike, rowing",Other,-14.923527,-14.96781
"Exercise equipment: stationary bike, treadmill",Other,-14.163811,-15.582934
"Exercise equipment: stationary bike, treadmill, rowing",Other,-14.798524,-14.991839
"Exercise equipment: stationary bike, treadmill, yoga mat",Other,-13.637007,-13.500654
"Exercise equipment: stationary bike, treadmill, yoga mat, workout bench",Other,-13.489454,-13.713625
"Exercise equipment: stationary bike, treadmill, yoga mat, workout bench, rowing",Other,-13.6191635,-14.0180025
"Exercise equipment: stationary bike, yoga mat",Other,-13.819699,-13.092409
Exercise equipment: treadmill,Other,-14.308345,-16.267874
"Exercise equipment: treadmill, workout bench",Other,-12.413013,-17.906155
"Exercise equipment: treadmill, yoga mat",Other,-13.453769,-12.841509
"Exercise equipment: treadmill, yoga mat, workout bench",Other,-13.282812,-13.310713
Exercise equipment: workout bench,Other,-12.28563,-18.128664
Exercise equipment: yoga mat,Other,-13.548406,-12.5337
Exterior or entryway security camera present,Other,13.531576,-29.675692
Exterior security cameras on property,Other,13.538247,-29.699419
Extra Special body soap,Bathroom/Bedroom,3.072058,65.19834
Extra pillows and blankets,Other,10.608384,-10.313284
FOR DRY HAIR  conditioner,Other,41.79039,34.289745
FOR NORMAL TO DRY HAIR shampoo,Bathroom/Bedroom,36.03498,51.372696
Faber stainless steel gas stove,Kitchen/Dining,46.314827,-11.226388
Faber stainless steel oven,Kitchen/Dining,45.778442,-10.773716
Faber stainless steel single oven,Kitchen/Dining,45.72465,-10.718197
Falco gas stove,Kitchen/Dining,53.8976,-19.833288
Falcon oven,Kitchen/Dining,36.282154,-10.28012
Fast wifi – 100 Mbps,Entertainment/Tech,-39.13118,-51.118355
Fast wifi – 101 Mbps,Entertainment/Tech,-38.889484,-51.826412
Fast wifi – 102 Mbps,Entertainment/Tech,-38.754547,-52.182827
Fast wifi – 103 Mbps,Entertainment/Tech,-39.47211,-52.833405
Fast wifi – 104 Mbps,Entertainment/Tech,-40.8,-51.80742
Fast wifi – 105 Mbps,Entertainment/Tech,-39.846455,-50.77171
Fast wifi – 106 Mbps,Entertainment/Tech,-37.802784,-53.306614
Fast wifi – 107 Mbps,Entertainment/Tech,-41.5572,-51.146797
Fast wifi – 108 Mbps,Entertainment/Tech,-41.729095,-51.57934
Fast wifi – 109 Mbps,Entertainment/Tech,-41.138107,-51.687286
Fast wifi – 110 Mbps,Entertainment/Tech,-41.52799,-53.305195
Fast wifi – 111 Mbps,Entertainment/Tech,-37.051846,-53.34678
Fast wifi – 113 Mbps,Entertainment/Tech,-38.390236,-53.88731
Fast wifi – 114 Mbps,Entertainment/Tech,-38.11179,-53.905636
Fast wifi – 115 Mbps,Entertainment/Tech,-40.115635,-54.411526
Fast wifi – 116 Mbps,Entertainment/Tech,-37.679768,-54.177956
Fast wifi – 117 Mbps,Entertainment/Tech,-37.51131,-54.440098
Fast wifi – 118 Mbps,Entertainment/Tech,-37.413193,-54.366615
Fast wifi – 123 Mbps,Entertainment/Tech,-38.375885,-55.364708
Fast wifi – 124 Mbps,Entertainment/Tech,-38.600548,-55.541367
Fast wifi – 125 Mbps,Entertainment/Tech,-40.067875,-55.167015
Fast wifi – 127 Mbps,Entertainment/Tech,-34.983624,-55.678303
Fast wifi – 128 Mbps,Entertainment/Tech,-36.085167,-55.44556
Fast wifi – 130 Mbps,Entertainment/Tech,-39.27391,-55.3242
Fast wifi – 131 Mbps,Entertainment/Tech,-38.650013,-54.713017
Fast wifi – 133 Mbps,Entertainment/Tech,-37.682472,-57.253628
Fast wifi – 134 Mbps,Entertainment/Tech,-37.147575,-55.595882
Fast wifi – 136 Mbps,Entertainment/Tech,-36.72073,-58.20339
Fast wifi – 137 Mbps,Entertainment/Tech,-37.687096,-56.14157
Fast wifi – 138 Mbps,Entertainment/Tech,-37.415672,-55.33008
Fast wifi – 140 Mbps,Entertainment/Tech,-40.263527,-55.944244
Fast wifi – 141 Mbps,Entertainment/Tech,-38.961758,-56.333725
Fast wifi – 142 Mbps,Entertainment/Tech,-39.03718,-56.578217
Fast wifi – 143 Mbps,Entertainment/Tech,-38.6138,-57.11473
Fast wifi – 144 Mbps,Entertainment/Tech,-37.433395,-57.31916
Fast wifi – 145 Mbps,Entertainment/Tech,-39.4738,-56.622395
Fast wifi – 146 Mbps,Entertainment/Tech,-39.506405,-56.2936
Fast wifi – 147 Mbps,Entertainment/Tech,-38.930122,-56.472572
Fast wifi – 148 Mbps,Entertainment/Tech,-38.586258,-56.5802
Fast wifi – 149 Mbps,Entertainment/Tech,-40.478203,-57.434696
Fast wifi – 150 Mbps,Entertainment/Tech,-40.688736,-56.307236
Fast wifi – 151 Mbps,Entertainment/Tech,-40.545074,-56.39517
Fast wifi – 152 Mbps,Entertainment/Tech,-39.867985,-56.982708
Fast wifi – 156 Mbps,Entertainment/Tech,-38.835327,-58.044067
Fast wifi – 157 Mbps,Entertainment/Tech,-39.242016,-57.999496
Fast wifi – 158 Mbps,Entertainment/Tech,-38.859875,-58.132103
Fast wifi – 159 Mbps,Entertainment/Tech,-39.181057,-58.00824
Fast wifi – 160 Mbps,Entertainment/Tech,-40.80595,-56.51424
Fast wifi – 164 Mbps,Entertainment/Tech,-38.40349,-57.92217
Fast wifi – 166 Mbps,Entertainment/Tech,-39.216362,-58.99395
Fast wifi – 167 Mbps,Entertainment/Tech,-38.892834,-58.612995
Fast wifi – 171 Mbps,Entertainment/Tech,-38.452694,-58.598938
Fast wifi – 172 Mbps,Entertainment/Tech,-34.89162,-58.950855
Fast wifi – 173 Mbps,Entertainment/Tech,-35.76345,-57.835926
Fast wifi – 175 Mbps,Entertainment/Tech,-39.966923,-57.518604
Fast wifi – 177 Mbps,Entertainment/Tech,-40.15081,-60.049137
Fast wifi – 178 Mbps,Entertainment/Tech,-39.000416,-59.414795
Fast wifi – 179 Mbps,Entertainment/Tech,-38.68796,-62.986946
Fast wifi – 180 Mbps,Entertainment/Tech,-41.7686,-53.96316
Fast wifi – 182 Mbps,Entertainment/Tech,-40.167877,-61.145195
Fast wifi – 183 Mbps,Entertainment/Tech,-36.22214,-56.7893
Fast wifi – 184 Mbps,Entertainment/Tech,-38.13562,-60.22108
Fast wifi – 185 Mbps,Entertainment/Tech,-38.53991,-60.965252
Fast wifi – 186 Mbps,Entertainment/Tech,-37.48155,-60.375397
Fast wifi – 187 Mbps,Entertainment/Tech,-38.08308,-60.252453
Fast wifi – 188 Mbps,Entertainment/Tech,-37.181664,-60.46705
Fast wifi – 189 Mbps,Entertainment/Tech,-36.96361,-60.946896
Fast wifi – 190 Mbps,Entertainment/Tech,-36.759945,-61.490124
Fast wifi – 191 Mbps,Entertainment/Tech,-36.72064,-60.73945
Fast wifi – 192 Mbps,Entertainment/Tech,-35.05915,-55.665966
Fast wifi – 193 Mbps,Entertainment/Tech,-36.86274,-59.622242
Fast wifi – 194 Mbps,Entertainment/Tech,-36.370987,-60.588543
Fast wifi – 195 Mbps,Entertainment/Tech,-37.90756,-61.01582
Fast wifi – 196 Mbps,Entertainment/Tech,-37.05289,-60.09395
Fast wifi – 197 Mbps,Entertainment/Tech,-36.031246,-59.479095
Fast wifi – 198 Mbps,Entertainment/Tech,-36.254066,-59.554836
Fast wifi – 199 Mbps,Entertainment/Tech,-37.404545,-50.619972
Fast wifi – 200 Mbps,Entertainment/Tech,-38.332924,-65.96598
Fast wifi – 202 Mbps,Entertainment/Tech,-37.939747,-65.4539
Fast wifi – 203 Mbps,Entertainment/Tech,-37.688404,-65.25886
Fast wifi – 205 Mbps,Entertainment/Tech,-38.492474,-64.86567
Fast wifi – 206 Mbps,Entertainment/Tech,-37.186543,-62.948692
Fast wifi – 207 Mbps,Entertainment/Tech,-37.306656,-64.01021
Fast wifi – 208 Mbps,Entertainment/Tech,-36.41287,-64.01074
Fast wifi – 209 Mbps,Entertainment/Tech,-37.16713,-63.24002
Fast wifi – 210 Mbps,Entertainment/Tech,-37.882195,-63.21272
Fast wifi – 211 Mbps,Entertainment/Tech,-38.252335,-63.35
Fast wifi – 212 Mbps,Entertainment/Tech,-41.394913,-67.14776
Fast wifi – 213 Mbps,Entertainment/Tech,-39.079563,-62.964466
Fast wifi – 214 Mbps,Entertainment/Tech,-38.070198,-62.490376
Fast wifi – 215 Mbps,Entertainment/Tech,-39.015133,-61.103733
Fast wifi – 217 Mbps,Entertainment/Tech,-39.01957,-59.431984
Fast wifi – 219 Mbps,Entertainment/Tech,-39.336216,-62.52123
Fast wifi – 222 Mbps,Entertainment/Tech,-41.442993,-67.03981
Fast wifi – 223 Mbps,Entertainment/Tech,-41.797844,-61.16356
Fast wifi – 224 Mbps,Entertainment/Tech,-41.753635,-66.64383
Fast wifi – 226 Mbps,Entertainment/Tech,-37.780388,-61.481075
Fast wifi – 227 Mbps,Entertainment/Tech,-41.965084,-65.99135
Fast wifi – 229 Mbps,Entertainment/Tech,-38.4628,-61.410976
Fast wifi – 230 Mbps,Entertainment/Tech,-39.383625,-66.079796
Fast wifi – 232 Mbps,Entertainment/Tech,-40.773796,-59.434452
Fast wifi – 233 Mbps,Entertainment/Tech,-41.790108,-62.529762
Fast wifi – 234 Mbps,Entertainment/Tech,-38.06802,-61.4375
Fast wifi – 236 Mbps,Entertainment/Tech,-38.74039,-61.61799
Fast wifi – 239 Mbps,Entertainment/Tech,-41.45004,-61.90375
Fast wifi – 242 Mbps,Entertainment/Tech,-40.738693,-65.428635
Fast wifi – 243 Mbps,Entertainment/Tech,-42.60067,-61.729145
Fast wifi – 244 Mbps,Entertainment/Tech,-41.008224,-61.42647
Fast wifi – 245 Mbps,Entertainment/Tech,-39.630516,-65.1617
Fast wifi – 250 Mbps,Entertainment/Tech,-39.412422,-65.58062
Fast wifi – 252 Mbps,Entertainment/Tech,-39.550976,-65.25217
Fast wifi – 254 Mbps,Entertainment/Tech,-45.54665,-61.93649
Fast wifi – 255 Mbps,Entertainment/Tech,-40.536064,-64.576035
Fast wifi – 257 Mbps,Entertainment/Tech,-40.849728,-63.71093
Fast wifi – 259 Mbps,Entertainment/Tech,-42.480392,-63.450367
Fast wifi – 260 Mbps,Entertainment/Tech,-41.498478,-64.29271
Fast wifi – 261 Mbps,Entertainment/Tech,-43.298447,-62.752132
Fast wifi – 262 Mbps,Entertainment/Tech,-42.253838,-64.13401
Fast wifi – 263 Mbps,Entertainment/Tech,-44.25046,-61.820465
Fast wifi – 265 Mbps,Entertainment/Tech,-42.4629,-63.17436
Fast wifi – 267 Mbps,Entertainment/Tech,-42.464935,-62.548203
Fast wifi – 268 Mbps,Entertainment/Tech,-44.516155,-63.03618
Fast wifi – 272 Mbps,Entertainment/Tech,-41.25547,-63.07071
Fast wifi – 273 Mbps,Entertainment/Tech,-36.194798,-63.332558
Fast wifi – 274 Mbps,Entertainment/Tech,-39.875973,-62.936035
Fast wifi – 275 Mbps,Entertainment/Tech,-41.328964,-63.74751
Fast wifi – 276 Mbps,Entertainment/Tech,-43.39961,-63.360554
Fast wifi – 277 Mbps,Entertainment/Tech,-43.767593,-64.34368
Fast wifi – 283 Mbps,Entertainment/Tech,-42.948128,-61.808346
Fast wifi – 285 Mbps,Entertainment/Tech,-41.499123,-63.1448
Fast wifi – 286 Mbps,Entertainment/Tech,-43.934486,-63.790325
Fast wifi – 287 Mbps,Entertainment/Tech,-40.60535,-62.340477
Fast wifi – 288 Mbps,Entertainment/Tech,-41.70617,-62.75913
Fast wifi – 290 Mbps,Entertainment/Tech,-44.566475,-65.636765
Fast wifi – 291 Mbps,Entertainment/Tech,-43.22834,-64.741844
Fast wifi – 292 Mbps,Entertainment/Tech,-43.818577,-61.16771
Fast wifi – 293 Mbps,Entertainment/Tech,-42.0195,-62.656067
Fast wifi – 296 Mbps,Entertainment/Tech,-45.036015,-63.99927
Fast wifi – 301 Mbps,Entertainment/Tech,-43.527348,-53.522106
Fast wifi – 302 Mbps,Entertainment/Tech,-46.473217,-65.369896
Fast wifi – 303 Mbps,Entertainment/Tech,-46.248234,-64.85544
Fast wifi – 304 Mbps,Entertainment/Tech,-45.793907,-64.85759
Fast wifi – 306 Mbps,Entertainment/Tech,-44.663807,-63.38738
Fast wifi – 309 Mbps,Entertainment/Tech,-45.762302,-63.544025
Fast wifi – 311 Mbps,Entertainment/Tech,-46.786377,-63.959156
Fast wifi – 312 Mbps,Entertainment/Tech,-46.7798,-62.72057
Fast wifi – 315 Mbps,Entertainment/Tech,-44.125095,-60.77135
Fast wifi – 318 Mbps,Entertainment/Tech,-45.3798,-61.9733
Fast wifi – 319 Mbps,Entertainment/Tech,-44.68349,-62.022575
Fast wifi – 320 Mbps,Entertainment/Tech,-46.74824,-63.92609
Fast wifi – 321 Mbps,Entertainment/Tech,-45.803413,-62.261913
Fast wifi – 323 Mbps,Entertainment/Tech,-46.252087,-62.099052
Fast wifi – 327 Mbps,Entertainment/Tech,-44.383625,-60.845417
Fast wifi – 329 Mbps,Entertainment/Tech,-44.522713,-64.08261
Fast wifi – 331 Mbps,Entertainment/Tech,-45.819416,-62.7178
Fast wifi – 338 Mbps,Entertainment/Tech,-42.768307,-59.473293
Fast wifi – 340 Mbps,Entertainment/Tech,-46.81397,-61.037266
Fast wifi – 341 Mbps,Entertainment/Tech,-46.1812,-61.507328
Fast wifi – 342 Mbps,Entertainment/Tech,-43.680653,-56.301476
Fast wifi – 347 Mbps,Entertainment/Tech,-43.691956,-56.300373
Fast wifi – 352 Mbps,Entertainment/Tech,-42.358448,-57.285976
Fast wifi – 353 Mbps,Entertainment/Tech,-43.798344,-56.413776
Fast wifi – 354 Mbps,Entertainment/Tech,-47.104984,-62.088352
Fast wifi – 356 Mbps,Entertainment/Tech,-45.26288,-63.14127
Fast wifi – 359 Mbps,Entertainment/Tech,-43.81799,-56.421124
Fast wifi – 360 Mbps,Entertainment/Tech,-42.393337,-53.96912
Fast wifi – 365 Mbps,Entertainment/Tech,-46.05083,-55.60664
Fast wifi – 369 Mbps,Entertainment/Tech,-49.550304,-54.828926
Fast wifi – 372 Mbps,Entertainment/Tech,-51.0962,-53.590103
Fast wifi – 375 Mbps,Entertainment/Tech,-42.91572,-59.582634
Fast wifi – 376 Mbps,Entertainment/Tech,-51.049942,-53.59799
Fast wifi – 386 Mbps,Entertainment/Tech,-50.61945,-54.313896
Fast wifi – 387 Mbps,Entertainment/Tech,-50.59733,-54.45772
Fast wifi – 389 Mbps,Entertainment/Tech,-50.549736,-54.583626
Fast wifi – 390 Mbps,Entertainment/Tech,-44.6428,-65.01558
Fast wifi – 391 Mbps,Entertainment/Tech,-50.572773,-55.25981
Fast wifi – 392 Mbps,Entertainment/Tech,-50.5874,-55.28166
Fast wifi – 394 Mbps,Entertainment/Tech,-50.473873,-55.26072
Fast wifi – 395 Mbps,Entertainment/Tech,-45.936047,-59.10484
Fast wifi – 398 Mbps,Entertainment/Tech,-50.58571,-55.249573
Fast wifi – 401 Mbps,Entertainment/Tech,-47.32185,-59.785797
Fast wifi – 402 Mbps,Entertainment/Tech,-43.577057,-64.96283
Fast wifi – 404 Mbps,Entertainment/Tech,-44.02682,-58.447613
Fast wifi – 407 Mbps,Entertainment/Tech,-46.84242,-59.755814
Fast wifi – 411 Mbps,Entertainment/Tech,-45.971874,-60.750877
Fast wifi – 414 Mbps,Entertainment/Tech,-50.702854,-56.286022
Fast wifi – 415 Mbps,Entertainment/Tech,-47.432243,-59.279697
Fast wifi – 420 Mbps,Entertainment/Tech,-45.09187,-59.478024
Fast wifi – 421 Mbps,Entertainment/Tech,-44.92482,-59.840225
Fast wifi – 425 Mbps,Entertainment/Tech,-47.08488,-58.44701
Fast wifi – 432 Mbps,Entertainment/Tech,-50.62446,-56.16718
Fast wifi – 447 Mbps,Entertainment/Tech,-49.304684,-55.918484
Fast wifi – 463 Mbps,Entertainment/Tech,-48.925198,-56.332264
Fast wifi – 467 Mbps,Entertainment/Tech,-48.971508,-56.263496
Fast wifi – 475 Mbps,Entertainment/Tech,-46.630627,-58.115887
Fast wifi – 50 Mbps,Entertainment/Tech,-44.90205,-53.760498
Fast wifi – 502 Mbps,Entertainment/Tech,-44.89654,-53.784378
Fast wifi – 51 Mbps,Entertainment/Tech,-45.682503,-54.346897
Fast wifi – 515 Mbps,Entertainment/Tech,-45.72346,-54.388
Fast wifi – 52 Mbps,Entertainment/Tech,-47.189854,-55.25045
Fast wifi – 520 Mbps,Entertainment/Tech,-46.37729,-57.65103
Fast wifi – 522 Mbps,Entertainment/Tech,-47.359943,-55.387184
Fast wifi – 524 Mbps,Entertainment/Tech,-47.395058,-55.40971
Fast wifi – 525 Mbps,Entertainment/Tech,-46.376183,-57.748657
Fast wifi – 527 Mbps,Entertainment/Tech,-47.46877,-55.395027
Fast wifi – 529 Mbps,Entertainment/Tech,-47.464245,-55.44908
Fast wifi – 53 Mbps,Entertainment/Tech,-47.114807,-53.275074
Fast wifi – 531 Mbps,Entertainment/Tech,-47.198193,-53.483025
Fast wifi – 54 Mbps,Entertainment/Tech,-48.1944,-53.56804
Fast wifi – 541 Mbps,Entertainment/Tech,-48.273006,-53.64664
Fast wifi – 55 Mbps,Entertainment/Tech,-46.661137,-52.78179
Fast wifi – 56 Mbps,Entertainment/Tech,-46.841637,-52.293903
Fast wifi – 560 Mbps,Entertainment/Tech,-46.362244,-52.816563
Fast wifi – 565 Mbps,Entertainment/Tech,-46.93926,-52.692123
Fast wifi – 57 Mbps,Entertainment/Tech,-47.217728,-52.236523
Fast wifi – 578 Mbps,Entertainment/Tech,-47.35218,-52.281242
Fast wifi – 58 Mbps,Entertainment/Tech,-46.906166,-52.06362
Fast wifi – 59 Mbps,Entertainment/Tech,-47.209,-51.85563
Fast wifi – 60 Mbps,Entertainment/Tech,-47.012882,-51.395042
Fast wifi – 61 Mbps,Entertainment/Tech,-47.383892,-51.17698
Fast wifi – 62 Mbps,Entertainment/Tech,-46.26669,-51.706116
Fast wifi – 63 Mbps,Entertainment/Tech,-45.489784,-50.048832
Fast wifi – 64 Mbps,Entertainment/Tech,-46.194633,-49.580666
Fast wifi – 65 Mbps,Entertainment/Tech,-45.340664,-50.464127
Fast wifi – 66 Mbps,Entertainment/Tech,-45.270176,-50.185513
Fast wifi – 67 Mbps,Entertainment/Tech,-45.225693,-50.11293
Fast wifi – 68 Mbps,Entertainment/Tech,-44.660652,-49.236183
Fast wifi – 69 Mbps,Entertainment/Tech,-44.541573,-49.290398
Fast wifi – 70 Mbps,Entertainment/Tech,-43.844723,-50.220177
Fast wifi – 71 Mbps,Entertainment/Tech,-43.59835,-49.87381
Fast wifi – 72 Mbps,Entertainment/Tech,-43.939934,-49.675766
Fast wifi – 728 Mbps,Entertainment/Tech,-43.8583,-49.363174
Fast wifi – 73 Mbps,Entertainment/Tech,-43.387924,-49.659607
Fast wifi – 732 Mbps,Entertainment/Tech,-43.14979,-49.537426
Fast wifi – 74 Mbps,Entertainment/Tech,-43.51047,-50.319344
Fast wifi – 75 Mbps,Entertainment/Tech,-44.01032,-50.933926
Fast wifi – 76 Mbps,Entertainment/Tech,-44.458237,-50.18306
Fast wifi – 77 Mbps,Entertainment/Tech,-43.54627,-50.014217
Fast wifi – 78 Mbps,Entertainment/Tech,-43.668537,-49.11282
Fast wifi – 79 Mbps,Entertainment/Tech,-41.81063,-49.28956
Fast wifi – 80 Mbps,Entertainment/Tech,-41.66416,-48.008976
Fast wifi – 81 Mbps,Entertainment/Tech,-41.44864,-47.6553
Fast wifi – 82 Mbps,Entertainment/Tech,-41.51959,-47.56896
Fast wifi – 83 Mbps,Entertainment/Tech,-41.60567,-47.38658
Fast wifi – 84 Mbps,Entertainment/Tech,-41.411953,-47.592545
Fast wifi – 85 Mbps,Entertainment/Tech,-41.477184,-47.800198
Fast wifi – 86 Mbps,Entertainment/Tech,-41.163242,-47.340233
Fast wifi – 87 Mbps,Entertainment/Tech,-40.794807,-47.421688
Fast wifi – 88 Mbps,Entertainment/Tech,-40.709644,-47.410763
Fast wifi – 89 Mbps,Entertainment/Tech,-40.61412,-48.31703
Fast wifi – 90 Mbps,Entertainment/Tech,-39.379948,-50.433002
Fast wifi – 91 Mbps,Entertainment/Tech,-40.154488,-49.246593
Fast wifi – 92 Mbps,Entertainment/Tech,-39.41526,-49.013126
Fast wifi – 93 Mbps,Entertainment/Tech,-39.402225,-49.308598
Fast wifi – 94 Mbps,Entertainment/Tech,-39.318653,-49.202473
Fast wifi – 95 Mbps,Entertainment/Tech,-39.31632,-49.606922
Fast wifi – 96 Mbps,Entertainment/Tech,-38.956337,-49.390236
Fast wifi – 97 Mbps,Entertainment/Tech,-38.852154,-49.40578
Fast wifi – 98 Mbps,Entertainment/Tech,-38.74102,-49.701756
Fast wifi – 99 Mbps,Entertainment/Tech,-38.63406,-50.182854
Fender Bluetooth sound system,Entertainment/Tech,-44.08999,52.72093
Ferre - electric stainless steel oven,Kitchen/Dining,44.450188,-2.8886514
Ferre gas stove,Kitchen/Dining,53.486115,-16.275137
Ferre oven,Kitchen/Dining,44.4652,-2.8366563
Ferre stainless steel gas stove,Kitchen/Dining,53.532284,-16.097113
Ferre stainless steel single oven,Kitchen/Dining,44.562595,-2.6618166
Fijn  Botanicals conditioner,Other,33.25677,32.875546
Fijn Botanical - but varies sometimes.  body soap,Bathroom/Bedroom,11.974891,61.820053
Fijn Botanical conditioner,Other,33.2859,32.92961
Fijn Botanicals body soap,Bathroom/Bedroom,11.959383,61.791798
Fijn Botanicals conditioner,Other,33.255684,32.875473
Fijn Botanicals shampoo,Bathroom/Bedroom,27.199072,46.93759
Fijn body soap,Bathroom/Bedroom,11.853127,61.8834
Fijn botanicals conditioner,Other,33.255833,32.875523
Fijn conditioner,Other,34.24879,24.922487
Fijn shampoo,Bathroom/Bedroom,27.259773,46.993484
Fire extinguisher,Safety,26.625343,-23.81482
Fire pit,Other,26.740805,-23.968962
Fireplace guards,Climate Control,27.393679,-25.13384
First aid kit,Safety,-0.072163604,30.400648
"Flavour of the month, but mostly Bodyshop Body Liquid Soap body soap",Bathroom/Bedroom,-0.440455,60.88847
Flavour of the month.. shampoo,Bathroom/Bedroom,26.01564,38.941147
Flavour of the month... conditioner,Other,26.00205,38.87844
Fleur body soap,Bathroom/Bedroom,-0.2793159,69.33968
Fleur conditioner,Other,29.017345,27.319128
Folding or convertible high chair,Other,-0.007035723,-12.270096
Folding or convertible high chair - always at the listing,Other,0.029197607,-12.332644
Folding or convertible high chair - available upon request,Other,-0.02523716,-12.418109
Foosball table,Other,12.805451,-22.912638
Four Plate Stove with Oven stainless steel electric stove,Kitchen/Dining,66.098045,-29.023117
Fragrance Free Sensitive Body Wash body soap,Bathroom/Bedroom,-3.1102242,71.430984
Fragrant Florals body soap,Bathroom/Bedroom,-2.1586425,70.68963
Fragrant bubbles.  body soap,Bathroom/Bedroom,-1.895911,70.11112
Free carport on premises,Other,-8.024155,-85.46536
Free carport on premises – 1 space,Climate Control,-8.265215,-85.66121
Free carport on premises – 2 spaces,Climate Control,-8.234037,-85.63648
Free carport on premises – 3 spaces,Climate Control,-8.2246275,-85.623825
Free carport on premises – 4 spaces,Climate Control,-8.224388,-85.62194
Free carport on premises – 5 spaces,Climate Control,-8.266197,-85.65763
Free carport on premises – 6 spaces,Climate Control,-8.232305,-85.62626
Free carport on premises – 7 spaces,Climate Control,-8.237469,-85.63025
Free driveway parking on premises,Access/Parking,-10.431377,-80.998985
Free driveway parking on premises – 1 space,Climate Control,-10.2918625,-81.69357
Free driveway parking on premises – 10 spaces,Climate Control,-10.22864,-82.09137
Free driveway parking on premises – 12 spaces,Climate Control,-10.150992,-82.03644
Free driveway parking on premises – 2 spaces,Climate Control,-10.506699,-81.74804
Free driveway parking on premises – 20 spaces,Climate Control,-10.280354,-82.076
Free driveway parking on premises – 3 spaces,Climate Control,-10.484351,-81.83251
Free driveway parking on premises – 4 spaces,Climate Control,-10.499053,-81.91126
Free driveway parking on premises – 5 spaces,Climate Control,-10.455847,-82.18198
Free driveway parking on premises – 6 spaces,Climate Control,-10.430089,-82.08097
Free driveway parking on premises – 7 spaces,Climate Control,-10.352757,-82.159546
Free driveway parking on premises – 8 spaces,Climate Control,-10.291256,-82.26132
Free dryer,Bathroom/Bedroom,20.910604,10.994124
Free dryer – In building,Bathroom/Bedroom,21.487753,10.895514
Free dryer – In unit,Bathroom/Bedroom,21.269655,10.701059
Free parking garage on premises,Access/Parking,-12.9702015,-85.564766
Free parking garage on premises – 1 space,Climate Control,-12.564853,-85.07936
Free parking garage on premises – 10 spaces,Climate Control,-12.517935,-84.773026
Free parking garage on premises – 100 spaces,Climate Control,-12.544193,-84.80779
Free parking garage on premises – 2 spaces,Climate Control,-12.587159,-84.99959
Free parking garage on premises – 3 spaces,Climate Control,-12.464919,-84.93456
Free parking garage on premises – 4 spaces,Climate Control,-12.480714,-84.891075
Free parking garage on premises – 5 spaces,Climate Control,-12.420804,-84.83514
Free parking garage on premises – 6 spaces,Climate Control,-12.390398,-84.84098
Free parking garage on premises – 7 spaces,Climate Control,-12.411855,-84.84704
Free parking on premises,Access/Parking,-11.520048,-80.90795
Free parking on premises – 1 space,Climate Control,-12.046895,-81.93149
Free parking on premises – 100 spaces,Climate Control,-11.9920225,-82.052025
Free parking on premises – 2 spaces,Climate Control,-12.1062155,-81.89078
Free parking on premises – 3 spaces,Climate Control,-11.972306,-81.94651
Free parking on premises – 4 spaces,Climate Control,-11.97452,-81.967545
Free parking on premises – 5 spaces,Climate Control,-11.946702,-82.07062
Free parking on premises – 6 spaces,Climate Control,-11.9196005,-82.000206
Free parking on premises – 9 spaces,Climate Control,-11.894898,-82.066986
Free residential garage on premises,Other,-12.083441,-86.88414
Free residential garage on premises – 1 space,Climate Control,-11.740385,-86.64469
Free residential garage on premises – 2 spaces,Climate Control,-11.648705,-86.5791
Free residential garage on premises – 3 spaces,Climate Control,-11.657982,-86.56634
Free residential garage on premises – 4 spaces,Climate Control,-11.646396,-86.54009
Free residential garage on premises – 42 spaces,Climate Control,-11.545832,-86.53688
Free residential garage on premises – 5 spaces,Climate Control,-11.522708,-86.53638
Free residential garage on premises – 6 spaces,Climate Control,-11.613558,-86.55283
Free resort access,Climate Control,2.3196921,-29.595634
Free standing Defy electric hob and oven  single oven,Kitchen/Dining,63.42569,10.271518
Free street parking,Access/Parking,-11.3196535,-80.48731
Free washer,Laundry/Closet,21.472296,8.188377
Free washer – In building,Laundry/Closet,21.822298,8.910072
Free washer – In unit,Laundry/Closet,21.447895,8.7854395
Freezer,Other,-0.72876,2.8854506
French Door Samsung  refrigerator,Kitchen/Dining,-10.120426,14.572305
French make stainless steel double oven,Kitchen/Dining,44.600895,2.6250544
French make stainless steel gas stove,Kitchen/Dining,54.33518,-11.929312
Fresh  body soap,Bathroom/Bedroom,4.7454066,67.69751
Fresh Hotel quality Body wash body soap,Bathroom/Bedroom,-4.594385,56.422626
Fresh Hotel quality conditioner  conditioner,Other,20.423231,25.837849
Fresh Hotel quality shampoo shampoo,Bathroom/Bedroom,47.695,56.51079
Fresh Organic Soaps body soap,Bathroom/Bedroom,-0.88848436,75.55686
Fresh body soap,Bathroom/Bedroom,4.745422,67.69776
Fresh conditioner,Other,27.000729,26.134396
Fresh shampoo,Bathroom/Bedroom,36.054947,53.258286
"Freshly Scented  - Hands, Body & Head. body soap",Bathroom/Bedroom,-2.774745,71.614365
Fridge + feezer refrigerator,Kitchen/Dining,1.1946644,5.785263
Fridge / small freezer on top refrigerator,Kitchen/Dining,-1.4979757,7.316679
Fridge Freezer Hi Sense 160 liter refrigerator,Kitchen/Dining,6.8541236,0.3330976
Fridge Freezer refrigerator,Kitchen/Dining,-0.65569115,8.3629875
Fridge and freezer  refrigerator,Kitchen/Dining,-1.0639153,8.659721
Fridge refrigerator,Kitchen/Dining,1.8518939,6.3066936
Fridge with small freezer refrigerator,Kitchen/Dining,-2.0393414,7.6223664
"Fridge, Freezer. Defy refrigerator",Kitchen/Dining,-5.9849763,20.580912
Fridge/Freezer Combo Hisense refrigerator,Kitchen/Dining,-2.59601,-1.6175853
Fridge/Freezer Medium Size refrigerator,Kitchen/Dining,-2.5694456,8.532424
Fridge/Freezer refrigerator,Kitchen/Dining,-0.67101634,8.280608
Fridge/freezer refrigerator,Kitchen/Dining,-0.670955,8.280553
From Hotels supplier shampoo,Bathroom/Bedroom,46.78531,56.04902
From Hotels supplier. conditioner,Other,19.584269,26.050268
Full  DSTV sound system,Entertainment/Tech,-38.68049,40.06665
Full single door frigde refrigerator,Kitchen/Dining,-7.247746,15.76017
Fyn body soap,Bathroom/Bedroom,-4.9282346,44.2618
Fyn conditioner,Other,16.323656,29.28362
Fyn shampoo,Bathroom/Bedroom,19.15376,45.575764
Fynbos Cape Camomile Conditioner conditioner,Other,26.08161,21.676058
GALA stove,Kitchen/Dining,49.28037,-20.169598
GE gas stove,Kitchen/Dining,52.991165,-19.843946
GE stainless steel electric stove,Kitchen/Dining,57.46023,-12.5882845
GENERIC BRAND body soap,Bathroom/Bedroom,-2.9598055,64.09217
GENERIC BRAND shampoo,Bathroom/Bedroom,44.39294,52.217613
GMC conditioner,Other,28.555902,22.032387
GPUNDIG double oven,Kitchen/Dining,41.302574,4.6656084
GRUNDIG refrigerator,Kitchen/Dining,9.47023,3.2570837
Gagenau stainless steel oven,Kitchen/Dining,42.134747,-5.5363193
Gaggenau  stainless steel oven,Kitchen/Dining,43.901966,1.0001836
Gaggenau electric stove,Kitchen/Dining,57.48136,-18.827538
Gaggenau gas stove,Kitchen/Dining,57.31146,-18.713182
Gaggenau induction stove,Kitchen/Dining,69.74597,-18.033554
Gaggenau oven,Kitchen/Dining,43.805836,0.90867954
Gaggenau refrigerator,Kitchen/Dining,7.671624,4.3295155
Gaggenau stainless steel double oven,Kitchen/Dining,43.983776,1.4492068
Gaggenau stainless steel electric stove,Kitchen/Dining,57.466354,-18.53993
Gaggenau stainless steel gas stove,Kitchen/Dining,57.329987,-18.474085
Gaggenau stainless steel oven,Kitchen/Dining,43.901676,0.9999091
Gala stainless steel oven,Kitchen/Dining,41.928253,-6.6975703
Game console,Other,-34.525642,26.684282
Game console: Nintendo Switch,Other,-33.91414,26.338604
Game console: Nintendo Switch and PS4,Other,-33.832306,26.46925
Game console: Nintendo Wii,Other,-34.359623,26.38288
Game console: PS2,Other,-34.480873,27.157446
Game console: PS3,Other,-34.58503,27.081661
Game console: PS3 and Xbox 360,Other,-35.07249,26.815462
Game console: PS4,Other,-34.3575,27.05229
Game console: PS4 and PS5,Other,-34.1576,27.214521
Game console: PS5,Other,-34.323753,27.203218
Game console: Xbox 360,Other,-34.954853,26.61831
Game console: Xbox 360 and Xbox One,Other,-35.33265,26.463955
Game console: Xbox One,Other,-35.11928,26.50889
Game console: Xbox One and Xbox Series X,Other,-35.442642,26.235603
Game console: Xbox Series X,Other,-35.304268,26.267992
Game room,Other,7.4825616,-20.73474
Garden view,Other,7.174178,-29.539469
Garnier conditioner,Other,28.176624,26.014507
Garnier shampoo,Bathroom/Bedroom,36.907764,57.19615
Gas & Electric  stainless steel gas stove,Kitchen/Dining,54.070415,-13.143587
Gas Defy single oven,Kitchen/Dining,65.62314,13.146176
Gas HOB stove,Kitchen/Dining,65.03591,2.6021006
Gas Hob only stainless steel stove,Kitchen/Dining,64.28095,3.002073
Gas Oven  oven,Kitchen/Dining,48.466248,-8.64397
Gas Stove oven,Kitchen/Dining,48.709007,-8.980157
Gas Stove stainless steel stove,Kitchen/Dining,54.086514,-13.323738
Gas Stove stove,Kitchen/Dining,52.530895,-20.576708
Gas Univa stainless steel single oven,Kitchen/Dining,47.586697,-0.90122193
Gas Univé single oven,Kitchen/Dining,48.85085,-1.1802145
Gas gas stove,Kitchen/Dining,52.535084,-20.451225
Gas hob & electric oven stainless steel gas stove,Kitchen/Dining,64.14752,2.9424698
Gas hob electric stove,Kitchen/Dining,65.14709,2.5995
Gas oven,Kitchen/Dining,48.387306,-8.639513
Gas oven stainless steel oven,Kitchen/Dining,48.729973,-7.343201
Gas stainless steel double oven,Kitchen/Dining,45.848606,2.4867315
Gas stainless steel single oven,Kitchen/Dining,47.241844,-0.74430245
Gas stainless steel stove,Kitchen/Dining,54.058052,-13.408825
Gas stove,Kitchen/Dining,52.619503,-20.245646
Gas stove and electric oven - 900 wide stainless steel oven,Kitchen/Dining,50.687656,-10.432927
Gas stove and oven stainless steel oven,Kitchen/Dining,50.90506,-10.42949
Gas stove electric oven stainless steel double oven,Kitchen/Dining,46.098297,2.408101
Gas stove stainless steel oven,Kitchen/Dining,51.11092,-10.704476
Gas stove stainless steel stove,Kitchen/Dining,54.086514,-13.323738
Gas stove stove,Kitchen/Dining,52.53104,-20.576942
Gas stovetop. Electric oven.  oven,Kitchen/Dining,33.90794,-9.1172495
Gas with ceramic surface stainless steel stove,Kitchen/Dining,53.45632,-12.99879
Gas/electric 5 burner large oven stainless steel stove,Kitchen/Dining,51.158634,-12.076387
Gated community,Other,2.5412016,-19.952627
Gated property,Other,2.5269804,-19.94097
Gemini oven,Kitchen/Dining,64.29724,17.496765
Geneic body soap,Bathroom/Bedroom,5.349297,73.22497
General Electric refrigerator,Kitchen/Dining,3.6175377,7.187604
General body soap,Bathroom/Bedroom,2.7815413,62.90763
General conditioner,Other,29.107397,21.774448
General conditioner conditioner,Other,29.44257,21.850687
General refrigerator,Kitchen/Dining,3.6913304,6.916704
General shampoo,Bathroom/Bedroom,38.316067,55.97976
General shampoo shampoo,Bathroom/Bedroom,38.35051,55.934216
General use shampoo,Bathroom/Bedroom,37.42008,54.12654
General washing gel body soap,Bathroom/Bedroom,-11.063585,54.25598
Generator,Other,4.5174093,-3.2586398
Generic  conditioner,Other,30.204372,18.660965
Generic  shampoo,Bathroom/Bedroom,44.44726,52.12444
Generic / organic brand conditioner,Other,38.11985,29.230347
Generic Bluetooth sound system,Entertainment/Tech,-43.693584,54.705467
Generic body soap,Bathroom/Bedroom,-2.857334,64.36429
Generic conditioner,Other,30.204386,18.660912
Generic oven,Kitchen/Dining,36.663826,-12.643572
Generic refrigerator,Kitchen/Dining,3.5515366,6.592635
Generic shampoo,Bathroom/Bedroom,44.44735,52.12439
Generic. body soap,Bathroom/Bedroom,-2.8986435,64.37266
Geneva Bluetooth sound system,Entertainment/Tech,-43.027306,53.982735
Geneva sound system with aux,Entertainment/Tech,-42.732014,41.27598
Genérico  oven,Kitchen/Dining,36.738983,-12.722871
German engineering Mièle large fridge freezer refrigerator,Kitchen/Dining,8.7918,10.594573
German stainless steel oven,Kitchen/Dining,41.059902,-4.2276406
Glass hob stainless steel oven,Kitchen/Dining,46.962307,11.266744
Glass hob with 4 plates electric stove,Kitchen/Dining,67.650185,-25.19583
Glass top Whirlpool  electric stove,Kitchen/Dining,72.82089,-6.9483857
Glass top electric stove,Kitchen/Dining,67.47062,-24.390947
GlemGas stainless steel gas stove,Kitchen/Dining,53.459663,-11.884961
GlemGas stainless steel single oven,Kitchen/Dining,47.39889,1.611229
Glemgas stainless steel double oven,Kitchen/Dining,47.416927,1.7471871
Glycerine body soap,Bathroom/Bedroom,-6.7215924,78.26036
Glycerine soap/dove/woolworths/pears/similar body soap,Bathroom/Bedroom,-8.514008,76.32273
Go Green - Eco-friendly  shampoo,Bathroom/Bedroom,42.93592,46.836166
Go Green Naturals body soap,Bathroom/Bedroom,1.1953017,76.76851
Go Green- Eco-friendly  body soap,Bathroom/Bedroom,1.417233,77.38129
Go Green- Eco-friendly  conditioner,Other,36.008526,26.375732
Godin gas stove,Kitchen/Dining,51.225475,-19.548185
Godin oven,Kitchen/Dining,37.586567,-9.828809
Goldair  electric stove,Kitchen/Dining,47.89392,-18.390388
Goldair  refrigerator,Kitchen/Dining,9.739962,0.24897285
Goldair  stainless steel gas stove,Kitchen/Dining,48.042786,-18.039959
Goldair 2 plate Gas Stove stainless steel gas stove,Kitchen/Dining,48.05259,-17.973404
Goldair gas stove,Kitchen/Dining,47.974644,-18.27539
Goldair oven,Kitchen/Dining,32.819218,0.8673116
Goldair stainless steel gas stove,Kitchen/Dining,48.041954,-18.039692
Goldair stainless steel single oven,Kitchen/Dining,32.87963,0.885282
Golf course view,Other,7.933294,-27.59162
Good Brands  body soap,Bathroom/Bedroom,-1.3975345,61.231277
Good Leaf body soap,Bathroom/Bedroom,9.338788,63.416843
Good Leaf conditioner,Other,30.86355,32.44047
Good Leaf shampoo,Bathroom/Bedroom,29.74707,55.380566
Good Stuff Extra Care and Repair Body Wash body soap,Bathroom/Bedroom,-6.054827,71.341515
Good earth  body soap,Bathroom/Bedroom,0.95794475,81.05271
Good quality - no sulphates shampoo,Bathroom/Bedroom,45.802845,46.146404
Good quality- no sulphates conditioner,Other,38.7977,26.74414
Google / Yamaha / B&W sound system with Bluetooth and aux,Entertainment/Tech,-43.492382,49.74854
Google Home Bluetooth sound system,Entertainment/Tech,-51.421852,54.77604
Google Nest Bluetooth sound system,Entertainment/Tech,-51.853596,56.742043
Google mini speaker Bluetooth sound system,Entertainment/Tech,-51.123623,55.00283
Google nest Bluetooth sound system,Entertainment/Tech,-51.853596,56.742043
Google pods Bluetooth sound system,Entertainment/Tech,-51.818447,54.338436
Google/Bose/Alexa Bluetooth sound system,Entertainment/Tech,-52.335945,46.97107
GrUndig refrigerator,Kitchen/Dining,9.47023,3.2570837
Green Bee Biodegradables Hand and Body Soap body soap,Bathroom/Bedroom,5.4975777,82.107666
Green Bee Biodegradables liquid body soap body soap,Bathroom/Bedroom,5.473405,82.095535
Green Bee Biodegradeables (a local brand) body soap,Bathroom/Bedroom,5.5519166,82.134865
Green Bee body soap,Bathroom/Bedroom,6.5998154,82.599
Green Bee conditioner,Other,30.424454,35.79999
Green Bee shampoo,Bathroom/Bedroom,30.697184,45.995
Green tap body soap,Bathroom/Bedroom,1.1269709,76.25637
Green tap conditioner,Other,35.22254,26.873299
Green tap shampoo,Bathroom/Bedroom,32.062782,44.94266
Greenbee Biodegradable Probiotic Body Wash body soap,Bathroom/Bedroom,5.173225,81.96021
Grundig  stainless steel electric stove,Kitchen/Dining,55.632957,-16.577543
Grundig  stainless steel gas stove,Kitchen/Dining,55.478317,-16.692356
Grundig  stainless steel single oven,Kitchen/Dining,42.738815,5.367159
Grundig gas stove,Kitchen/Dining,55.366158,-17.052073
Grundig refrigerator,Kitchen/Dining,9.470251,3.2570784
Grundig single oven,Kitchen/Dining,42.518898,5.443598
Grundig sound system,Entertainment/Tech,-35.77586,40.541985
Grundig stainless steel double oven,Kitchen/Dining,42.742027,5.275211
Grundig stainless steel gas stove,Kitchen/Dining,55.478317,-16.692356
Grundig stainless steel oven,Kitchen/Dining,42.787952,5.362487
Grunding refrigerator,Kitchen/Dining,9.575883,3.206476
Guest Amenities  body soap,Bathroom/Bedroom,-2.9401681,53.12168
Guest Amenities conditioner,Other,19.005367,23.006498
Guest Amenities shampoo,Bathroom/Bedroom,46.692455,58.825047
Guest House conditioner,Other,21.282948,23.173626
Guest House/ Hotel Grade shampoo,Bathroom/Bedroom,46.26929,58.276096
Guest House/Hotel Grade body soap,Bathroom/Bedroom,-3.5096369,54.27901
Guest House/Hotel Grade conditioner,Other,20.782736,23.416977
Guest house brand shampoo,Bathroom/Bedroom,45.763504,58.442513
Guesthouse  shampoo,Bathroom/Bedroom,45.814777,58.51756
Gym,Facilities/Outdoors,-4.989927,-16.942871
Gym in building,Facilities/Outdoors,-4.6988535,-17.645308
Gym nearby,Facilities/Outdoors,-5.2012525,-17.069038
HAS body soap,Bathroom/Bedroom,4.3480883,65.37143
HAS conditioner,Other,29.155577,24.058468
HAS shampoo,Bathroom/Bedroom,36.54435,54.155125
HASK or similar Brand conditioner,Other,25.357153,27.526485
HASK or similar brand shampoo,Bathroom/Bedroom,40.00328,53.906555
HDTV,Entertainment/Tech,-19.605043,-4.050705
HDTV with Amazon Prime Video,Entertainment/Tech,-57.58425,25.111588
"HDTV with Amazon Prime Video, Apple TV, Chromecast, Disney+, Fire TV, HBO Max, Hulu, Netflix, premium cable, Roku",Entertainment/Tech,-64.18845,21.099684
"HDTV with Amazon Prime Video, Apple TV, Chromecast, Disney+, Netflix",Entertainment/Tech,-65.41915,20.020527
"HDTV with Amazon Prime Video, Apple TV, Chromecast, Disney+, Netflix, premium cable",Entertainment/Tech,-64.70912,19.990572
"HDTV with Amazon Prime Video, Apple TV, Disney+, Fire TV, Hulu, Netflix",Entertainment/Tech,-59.123016,20.903393
"HDTV with Amazon Prime Video, Apple TV, Disney+, Hulu, Netflix, DVD player",Entertainment/Tech,-59.03013,20.653444
"HDTV with Amazon Prime Video, Apple TV, Disney+, Netflix",Entertainment/Tech,-59.757977,20.182158
"HDTV with Amazon Prime Video, Apple TV, Disney+, Netflix, premium cable",Entertainment/Tech,-56.91958,18.284346
"HDTV with Amazon Prime Video, Apple TV, Disney+, Netflix, standard cable",Entertainment/Tech,-56.036182,17.56236
"HDTV with Amazon Prime Video, Apple TV, Disney+, premium cable, Netflix",Entertainment/Tech,-57.23053,18.37435
"HDTV with Amazon Prime Video, Apple TV, Hulu, Netflix, standard cable",Entertainment/Tech,-53.515408,17.52553
"HDTV with Amazon Prime Video, Apple TV, Netflix",Entertainment/Tech,-56.61258,21.83275
"HDTV with Amazon Prime Video, Apple TV, Netflix, DVD player",Entertainment/Tech,-56.043503,22.182253
"HDTV with Amazon Prime Video, Apple TV, Netflix, Disney+",Entertainment/Tech,-59.798397,20.080267
"HDTV with Amazon Prime Video, Apple TV, Netflix, premium cable",Entertainment/Tech,-54.714386,18.984509
"HDTV with Amazon Prime Video, Apple TV, Netflix, standard cable",Entertainment/Tech,-53.597023,18.499388
"HDTV with Amazon Prime Video, Apple TV, premium cable, standard cable, Netflix",Entertainment/Tech,-54.332912,18.230251
"HDTV with Amazon Prime Video, Chromecast, Disney+, Fire TV, Netflix",Entertainment/Tech,-65.64805,20.246748
"HDTV with Amazon Prime Video, Chromecast, Netflix",Entertainment/Tech,-67.86651,20.01507
"HDTV with Amazon Prime Video, DVD player, Chromecast, Netflix",Entertainment/Tech,-67.28908,20.10374
"HDTV with Amazon Prime Video, DVD player, Netflix",Entertainment/Tech,-55.9447,23.112734
"HDTV with Amazon Prime Video, Disney+",Entertainment/Tech,-60.987934,22.38208
"HDTV with Amazon Prime Video, Disney+, HBO Max, Netflix",Entertainment/Tech,-60.984184,21.266073
"HDTV with Amazon Prime Video, Disney+, Netflix",Entertainment/Tech,-60.602245,21.900625
"HDTV with Amazon Prime Video, Fire TV, Hulu, Netflix",Entertainment/Tech,-58.956757,21.854486
"HDTV with Amazon Prime Video, Hulu, Disney+, Netflix",Entertainment/Tech,-59.740543,21.769964
"HDTV with Amazon Prime Video, Netflix",Entertainment/Tech,-57.049065,24.418009
"HDTV with Amazon Prime Video, Netflix, Apple TV",Entertainment/Tech,-56.616608,21.810413
"HDTV with Amazon Prime Video, Netflix, Chromecast",Entertainment/Tech,-67.921684,19.995377
"HDTV with Amazon Prime Video, Netflix, DVD player",Entertainment/Tech,-55.949303,23.130419
"HDTV with Amazon Prime Video, Netflix, Disney+",Entertainment/Tech,-60.584274,21.646416
"HDTV with Amazon Prime Video, Netflix, premium cable, standard cable",Entertainment/Tech,-52.388035,18.829607
"HDTV with Amazon Prime Video, Netflix, standard cable",Entertainment/Tech,-52.21066,19.599476
"HDTV with Amazon Prime Video, standard cable",Entertainment/Tech,-51.43728,19.950588
"HDTV with Amazon Prime Video, standard cable, Netflix",Entertainment/Tech,-52.298138,19.549303
HDTV with Apple TV,Entertainment/Tech,-53.08641,8.5785475
"HDTV with Apple TV, Amazon Prime Video, Disney+, Netflix",Entertainment/Tech,-59.54331,19.34242
"HDTV with Apple TV, Amazon Prime Video, Netflix",Entertainment/Tech,-56.680733,21.234821
"HDTV with Apple TV, Amazon Prime Video, Netflix, premium cable",Entertainment/Tech,-55.21983,19.01432
"HDTV with Apple TV, Amazon Prime Video, premium cable, DVD player, Chromecast, Netflix",Entertainment/Tech,-56.329765,19.193962
"HDTV with Apple TV, Chromecast, Hulu, Netflix",Entertainment/Tech,-69.26771,16.29634
"HDTV with Apple TV, DVD player",Entertainment/Tech,-53.255405,8.933902
"HDTV with Apple TV, DVD player, Chromecast, Netflix",Entertainment/Tech,-69.43114,16.194315
"HDTV with Apple TV, Disney+, Amazon Prime Video, Netflix",Entertainment/Tech,-59.58043,19.366463
"HDTV with Apple TV, Disney+, Amazon Prime Video, Netflix, standard cable",Entertainment/Tech,-56.67827,17.585987
"HDTV with Apple TV, Disney+, HBO Max, Netflix",Entertainment/Tech,-60.413002,16.895403
"HDTV with Apple TV, Disney+, Netflix",Entertainment/Tech,-60.618385,16.744112
"HDTV with Apple TV, Disney+, Netflix, premium cable, Amazon Prime Video",Entertainment/Tech,-57.53277,18.428946
"HDTV with Apple TV, Netflix",Entertainment/Tech,-52.51239,10.192105
"HDTV with Apple TV, Netflix, Amazon Prime Video",Entertainment/Tech,-56.75129,21.38677
"HDTV with Apple TV, Netflix, Amazon Prime Video, DVD player",Entertainment/Tech,-56.32913,20.740194
"HDTV with Apple TV, Netflix, DVD player",Entertainment/Tech,-53.147205,10.179578
"HDTV with Apple TV, Netflix, Disney+",Entertainment/Tech,-60.617725,16.784737
"HDTV with Apple TV, Netflix, premium cable",Entertainment/Tech,-51.13122,12.989135
"HDTV with Apple TV, Netflix, premium cable, standard cable",Entertainment/Tech,-51.264793,12.521834
"HDTV with Apple TV, Netflix, standard cable",Entertainment/Tech,-51.491756,11.7972355
"HDTV with Apple TV, premium cable, Netflix, standard cable",Entertainment/Tech,-51.2326,12.621504
"HDTV with Apple TV, standard cable",Entertainment/Tech,-52.67388,6.4688697
HDTV with Chromecast,Entertainment/Tech,-75.372986,15.277543
"HDTV with Chromecast, DVD player",Entertainment/Tech,-74.45349,15.691343
"HDTV with Chromecast, Disney+, Netflix",Entertainment/Tech,-71.68468,18.184597
"HDTV with Chromecast, Disney+, Netflix, standard cable",Entertainment/Tech,-71.6977,17.073622
"HDTV with Chromecast, Netflix",Entertainment/Tech,-73.95159,16.91216
"HDTV with Chromecast, Netflix, Amazon Prime Video",Entertainment/Tech,-68.05065,19.934082
"HDTV with Chromecast, Netflix, Apple TV, Disney+",Entertainment/Tech,-71.31339,18.152824
"HDTV with Chromecast, Netflix, DVD player",Entertainment/Tech,-73.668655,16.084734
"HDTV with Chromecast, Netflix, Disney+",Entertainment/Tech,-71.63182,18.206968
"HDTV with Chromecast, Netflix, Hulu, HBO Max, Disney+, Apple TV, Amazon Prime Video",Entertainment/Tech,-64.462944,21.008045
"HDTV with Chromecast, Netflix, Roku",Entertainment/Tech,-73.38594,16.895203
"HDTV with Chromecast, Netflix, premium cable, DVD player",Entertainment/Tech,-72.49413,15.676976
"HDTV with Chromecast, Netflix, premium cable, standard cable",Entertainment/Tech,-72.316795,14.88441
"HDTV with Chromecast, Netflix, standard cable",Entertainment/Tech,-72.6363,14.927072
"HDTV with Chromecast, premium cable",Entertainment/Tech,-74.31315,13.71255
"HDTV with Chromecast, premium cable, standard cable",Entertainment/Tech,-74.11432,13.653532
"HDTV with Chromecast, standard cable",Entertainment/Tech,-74.645836,13.471753
"HDTV with Chromecast, standard cable, Amazon Prime Video, Netflix",Entertainment/Tech,-71.49324,15.699228
"HDTV with Chromecast, standard cable, Apple TV",Entertainment/Tech,-73.537186,13.925282
HDTV with DVD player,Entertainment/Tech,-33.340176,5.002962
"HDTV with DVD player, Amazon Prime Video, Netflix, Apple TV, standard cable, Disney+",Entertainment/Tech,-56.753128,16.613102
"HDTV with DVD player, Netflix",Entertainment/Tech,-42.02394,8.045587
"HDTV with DVD player, Netflix, Amazon Prime Video",Entertainment/Tech,-55.843323,23.173285
"HDTV with DVD player, Netflix, Amazon Prime Video, Disney+, premium cable",Entertainment/Tech,-56.88448,16.665197
"HDTV with DVD player, Netflix, Disney+, standard cable",Entertainment/Tech,-58.888233,12.674249
"HDTV with DVD player, premium cable",Entertainment/Tech,-36.705723,12.408972
"HDTV with DVD player, standard cable",Entertainment/Tech,-34.704033,10.239307
HDTV with Disney+,Entertainment/Tech,-61.920506,12.832162
"HDTV with Disney+, Amazon Prime Video, Apple TV, Netflix",Entertainment/Tech,-59.98001,19.510681
"HDTV with Disney+, Amazon Prime Video, Netflix",Entertainment/Tech,-60.811073,21.88738
"HDTV with Disney+, Amazon Prime Video, Netflix, Apple TV",Entertainment/Tech,-59.965836,19.45762
"HDTV with Disney+, Apple TV, Netflix",Entertainment/Tech,-60.711426,16.564524
"HDTV with Disney+, Netflix",Entertainment/Tech,-61.962257,13.366454
"HDTV with Disney+, Netflix, Amazon Prime Video",Entertainment/Tech,-60.789005,22.046614
"HDTV with Disney+, Netflix, Amazon Prime Video, Apple TV, DVD player",Entertainment/Tech,-59.527416,18.901106
"HDTV with Disney+, Netflix, Apple TV",Entertainment/Tech,-60.695908,16.584286
"HDTV with Disney+, Netflix, DVD player",Entertainment/Tech,-61.83275,13.3187
"HDTV with Disney+, Netflix, premium cable",Entertainment/Tech,-60.28749,12.749938
"HDTV with Disney+, Netflix, standard cable",Entertainment/Tech,-59.60071,12.325378
"HDTV with Disney+, premium cable",Entertainment/Tech,-60.601944,12.60542
HDTV with Fire TV,Entertainment/Tech,-38.24323,-0.65826243
"HDTV with Fire TV, DVD player",Entertainment/Tech,-38.22059,-0.54365194
"HDTV with Fire TV, Netflix",Entertainment/Tech,-39.236427,-0.3936054
"HDTV with Fire TV, Netflix, DVD player, premium cable, Apple TV",Entertainment/Tech,-48.09763,16.643036
"HDTV with Fire TV, Netflix, premium cable",Entertainment/Tech,-47.36847,16.282656
"HDTV with Fire TV, Netflix, premium cable, DVD player",Entertainment/Tech,-47.702988,16.524626
"HDTV with Fire TV, premium cable",Entertainment/Tech,-37.131916,0.045925
"HDTV with Fire TV, premium cable, Amazon Prime Video, Netflix",Entertainment/Tech,-47.767605,16.622751
HDTV with HBO Max,Entertainment/Tech,-33.18017,-11.962276
"HDTV with HBO Max, Chromecast, Disney+, Apple TV, Fire TV, Amazon Prime Video, Hulu, Netflix",Entertainment/Tech,-64.224594,21.187443
"HDTV with HBO Max, Netflix",Entertainment/Tech,-33.119587,-12.707345
"HDTV with HBO Max, standard cable, Apple TV, Hulu, Amazon Prime Video, Disney+, premium cable, Netflix",Entertainment/Tech,-57.924725,16.915182
HDTV with Hulu,Entertainment/Tech,-63.22106,14.609231
"HDTV with Hulu, Disney+, Amazon Prime Video, HBO Max, Chromecast, Netflix, Roku, Apple TV",Entertainment/Tech,-64.21937,21.140913
HDTV with Netflix,Entertainment/Tech,-42.350193,8.114732
"HDTV with Netflix, Amazon Prime Video",Entertainment/Tech,-57.045067,24.425358
"HDTV with Netflix, Amazon Prime Video, Apple TV",Entertainment/Tech,-56.755875,21.506392
"HDTV with Netflix, Amazon Prime Video, Apple TV, Disney+",Entertainment/Tech,-59.96234,19.555355
"HDTV with Netflix, Amazon Prime Video, Apple TV, Disney+, Chromecast",Entertainment/Tech,-65.51443,19.894308
"HDTV with Netflix, Amazon Prime Video, Apple TV, standard cable",Entertainment/Tech,-53.65742,18.26392
"HDTV with Netflix, Amazon Prime Video, Chromecast",Entertainment/Tech,-68.013535,19.90045
"HDTV with Netflix, Amazon Prime Video, Disney+",Entertainment/Tech,-60.75863,21.417086
"HDTV with Netflix, Amazon Prime Video, Fire TV",Entertainment/Tech,-55.54652,24.453495
"HDTV with Netflix, Amazon Prime Video, HBO Max, Disney+",Entertainment/Tech,-61.18202,21.011059
"HDTV with Netflix, Amazon Prime Video, premium cable, Disney+, Apple TV",Entertainment/Tech,-57.458447,18.106924
"HDTV with Netflix, Amazon Prime Video, standard cable",Entertainment/Tech,-52.192028,19.62178
"HDTV with Netflix, Amazon Prime Video, standard cable, Apple TV",Entertainment/Tech,-53.833206,18.290857
"HDTV with Netflix, Apple TV",Entertainment/Tech,-52.487095,10.220605
"HDTV with Netflix, Apple TV, Amazon Prime Video",Entertainment/Tech,-56.78564,21.619802
"HDTV with Netflix, Apple TV, DVD player",Entertainment/Tech,-53.130253,10.337397
"HDTV with Netflix, Apple TV, Disney+, Amazon Prime Video",Entertainment/Tech,-59.79427,20.108225
"HDTV with Netflix, Apple TV, premium cable",Entertainment/Tech,-51.05669,13.014759
"HDTV with Netflix, Apple TV, standard cable",Entertainment/Tech,-51.464188,11.762932
"HDTV with Netflix, Chromecast",Entertainment/Tech,-73.96015,16.98116
"HDTV with Netflix, Chromecast, premium cable, Apple TV",Entertainment/Tech,-70.681816,15.652505
"HDTV with Netflix, Chromecast, premium cable, standard cable",Entertainment/Tech,-72.21846,14.899314
"HDTV with Netflix, DVD player",Entertainment/Tech,-42.10852,8.084135
"HDTV with Netflix, DVD player, premium cable",Entertainment/Tech,-42.505657,13.214335
"HDTV with Netflix, DVD player, standard cable",Entertainment/Tech,-42.438164,11.813501
"HDTV with Netflix, Disney+",Entertainment/Tech,-61.970505,13.430454
"HDTV with Netflix, Disney+, Amazon Prime Video",Entertainment/Tech,-60.679405,21.953192
"HDTV with Netflix, Disney+, Apple TV, standard cable",Entertainment/Tech,-58.26059,14.227466
"HDTV with Netflix, Disney+, Chromecast",Entertainment/Tech,-71.673904,18.21417
"HDTV with Netflix, Disney+, Hulu",Entertainment/Tech,-62.576836,14.142732
"HDTV with Netflix, Disney+, standard cable, Amazon Prime Video, Apple TV, premium cable",Entertainment/Tech,-56.845016,16.92169
"HDTV with Netflix, Disney+, standard cable, Apple TV",Entertainment/Tech,-58.30904,14.357334
"HDTV with Netflix, premium cable",Entertainment/Tech,-44.283367,14.131292
"HDTV with Netflix, premium cable, Amazon Prime Video",Entertainment/Tech,-51.868137,18.638027
"HDTV with Netflix, premium cable, Chromecast",Entertainment/Tech,-72.36908,15.534911
"HDTV with Netflix, premium cable, DVD player",Entertainment/Tech,-42.44494,13.178922
"HDTV with Netflix, premium cable, Disney+",Entertainment/Tech,-60.182163,12.972127
"HDTV with Netflix, premium cable, standard cable",Entertainment/Tech,-43.996025,12.922241
"HDTV with Netflix, standard cable",Entertainment/Tech,-44.42373,11.488732
"HDTV with Netflix, standard cable, Amazon Prime Video",Entertainment/Tech,-52.220524,19.552319
"HDTV with Netflix, standard cable, Apple TV",Entertainment/Tech,-51.4573,11.710068
"HDTV with Netflix, standard cable, DVD player",Entertainment/Tech,-42.478035,11.831796
"HDTV with Netflix, standard cable, Disney+",Entertainment/Tech,-59.600098,12.530128
"HDTV with Netflix, standard cable, premium cable",Entertainment/Tech,-43.994793,12.948407
"HDTV with Netflix, standard cable, premium cable, DVD player",Entertainment/Tech,-42.574295,12.715764
HDTV with Roku,Entertainment/Tech,-41.44694,4.158698
"HDTV with Roku, Netflix",Entertainment/Tech,-41.552364,4.42431
HDTV with premium cable,Entertainment/Tech,-35.35717,13.634637
"HDTV with premium cable, Apple TV",Entertainment/Tech,-50.697666,13.726941
"HDTV with premium cable, Apple TV, Amazon Prime Video, Netflix",Entertainment/Tech,-55.06122,18.609781
"HDTV with premium cable, Apple TV, Netflix, Amazon Prime Video",Entertainment/Tech,-54.976112,18.676006
"HDTV with premium cable, DVD player, Netflix, Apple TV, Amazon Prime Video",Entertainment/Tech,-55.23452,18.310843
"HDTV with premium cable, Disney+, Amazon Prime Video, Apple TV, standard cable, Netflix",Entertainment/Tech,-56.826027,16.888536
"HDTV with premium cable, Disney+, Netflix, DVD player",Entertainment/Tech,-59.9033,13.2889595
"HDTV with premium cable, Netflix",Entertainment/Tech,-44.29392,14.146663
"HDTV with premium cable, Netflix, Amazon Prime Video",Entertainment/Tech,-51.862244,18.44561
"HDTV with premium cable, Netflix, Apple TV",Entertainment/Tech,-50.94021,13.275326
"HDTV with premium cable, Netflix, DVD player, standard cable",Entertainment/Tech,-42.841114,13.11291
"HDTV with premium cable, Netflix, Disney+",Entertainment/Tech,-60.104195,13.051515
"HDTV with premium cable, standard cable",Entertainment/Tech,-35.024857,13.543466
"HDTV with premium cable, standard cable, DVD player",Entertainment/Tech,-36.675896,12.487057
"HDTV with premium cable, standard cable, Netflix",Entertainment/Tech,-43.870247,13.164698
"HDTV with premium cable, standard cable, Netflix, Amazon Prime Video",Entertainment/Tech,-52.034966,18.166872
HDTV with standard cable,Entertainment/Tech,-34.33376,12.443408
"HDTV with standard cable, Amazon Prime Video, Apple TV, Netflix, DVD player",Entertainment/Tech,-54.332947,17.543583
"HDTV with standard cable, Amazon Prime Video, Chromecast, Fire TV, Disney+, Netflix, DVD player",Entertainment/Tech,-56.522335,15.752071
"HDTV with standard cable, Amazon Prime Video, Disney+, Netflix",Entertainment/Tech,-55.918766,16.81959
"HDTV with standard cable, Amazon Prime Video, Netflix, Apple TV",Entertainment/Tech,-53.879562,17.937958
"HDTV with standard cable, Amazon Prime Video, Netflix, Hulu",Entertainment/Tech,-53.215652,17.202604
"HDTV with standard cable, Apple TV, Chromecast, Netflix",Entertainment/Tech,-71.21261,14.950367
"HDTV with standard cable, Apple TV, Disney+, Netflix",Entertainment/Tech,-58.18181,14.337979
"HDTV with standard cable, Apple TV, Netflix",Entertainment/Tech,-51.56649,11.975921
"HDTV with standard cable, Chromecast, DVD player",Entertainment/Tech,-73.62821,13.797073
"HDTV with standard cable, DVD player",Entertainment/Tech,-34.71961,10.331944
"HDTV with standard cable, DVD player, Netflix",Entertainment/Tech,-42.31474,11.833212
"HDTV with standard cable, Disney+, Netflix",Entertainment/Tech,-59.38849,12.4894705
"HDTV with standard cable, Netflix",Entertainment/Tech,-44.374744,11.537549
"HDTV with standard cable, Netflix, Apple TV, Chromecast, Disney+, premium cable",Entertainment/Tech,-57.413113,15.072212
"HDTV with standard cable, Netflix, DVD player",Entertainment/Tech,-42.331352,11.831901
"HDTV with standard cable, Netflix, premium cable",Entertainment/Tech,-43.867897,12.933189
"HDTV with standard cable, premium cable",Entertainment/Tech,-34.97601,13.477124
HISENSE 92L under-counter fridge with small freezer compartment refrigerator,Kitchen/Dining,-3.1549966,-2.0648372
HISENSE refrigerator,Kitchen/Dining,-0.47815588,-1.6948872
HK Bluetooth sound system,Entertainment/Tech,-34.96722,38.453945
HK sound system,Entertainment/Tech,-35.04766,38.548244
Haier refrigerator,Kitchen/Dining,5.2487407,8.037212
Hair Shampoo shampoo,Bathroom/Bedroom,35.735016,53.931343
Hair conditioner - various conditioner,Other,41.439228,34.745193
Hair dryer,Bathroom/Bedroom,20.364817,11.617097
Hammock,Other,8.475982,-23.102684
Hand and body wash body soap,Bathroom/Bedroom,-5.1452956,70.87226
Handmade Natural Soap body soap,Bathroom/Bedroom,0.40787384,71.75466
Handmade soap - allergy free body soap,Bathroom/Bedroom,0.21384253,71.40757
Handmade/ Simply Bee body soap,Bathroom/Bedroom,7.9145284,82.92923
Hangers,Laundry/Closet,8.792283,-17.130745
Harbor view,Other,5.626101,-29.667667
Harman Kandon Bluetooth sound system,Entertainment/Tech,-46.876415,53.5936
Harman Kardon Bluetooth sound system,Entertainment/Tech,-47.72005,52.773205
Harman Kardon Soundsticks Bluetooth sound system,Entertainment/Tech,-47.73382,52.837135
Harman Kardon sound system with Bluetooth and aux,Entertainment/Tech,-47.70435,52.473057
Harman/kardon sound system with aux,Entertainment/Tech,-45.68656,43.13537
HarmanKardon Bluetooth sound system,Entertainment/Tech,-46.769436,53.62458
Harmon Cardon Bluetooth Speakers Bluetooth sound system,Entertainment/Tech,-48.71645,54.72357
Harmon Cardon bluetooth speaker Bluetooth sound system,Entertainment/Tech,-48.71438,54.732475
Harmon Karden Bluetooth sound system,Entertainment/Tech,-49.6655,53.34215
Harmon Kardon Bluetooth sound system,Entertainment/Tech,-48.891106,53.094673
Harmon Kardon Onyx Studio Bluetooth sound system,Entertainment/Tech,-48.94466,53.14785
Harmon Kardon sound system with aux,Entertainment/Tech,-45.793407,43.12021
Harmon karden  Bluetooth sound system,Entertainment/Tech,-49.66217,53.33701
Hask Nourishing Conditioner: No sulfates/No parabens conditioner,Other,35.078674,36.33149
Hask Nourishing Shampoo: No sulfates/no parabens shampoo,Bathroom/Bedroom,35.106895,36.44936
"Have a huge stand up fridge , plus freezer  refrigerator",Kitchen/Dining,-1.5096536,4.4757314
Head & Shoulders 2-in-1 Shampoo & Conditioner shampoo,Bathroom/Bedroom,49.953735,41.47482
Head & Shoulders conditioner,Other,50.774467,40.318226
Head & Shoulders shampoo,Bathroom/Bedroom,50.535393,42.336502
Head and Shoulders  conditioner,Other,50.775703,40.32239
Head and Shoulders  shampoo,Bathroom/Bedroom,50.52254,42.307415
Head and Shoulders 2:1 shampoo,Bathroom/Bedroom,50.339943,42.03743
Head and Shoulders conditioner,Other,50.775703,40.322495
Head and Shoulders shampoo,Bathroom/Bedroom,50.522865,42.307148
Head and shoulders  shampoo,Bathroom/Bedroom,50.52347,42.30776
Head&Shoulder  shampoo,Bathroom/Bedroom,50.59346,42.405014
Head&Shoulders shampoo,Bathroom/Bedroom,50.53541,42.33653
Healing Earth   body soap,Bathroom/Bedroom,-1.0094535,81.32363
Healing Earth  conditioner,Other,39.85741,23.350407
Healing Earth BodyWash body soap,Bathroom/Bedroom,-1.2112452,81.31471
Healing Earth Bodywash body soap,Bathroom/Bedroom,-1.2112452,81.31471
Healing Earth body soap,Bathroom/Bedroom,-1.0094886,81.323906
Healing Earth conditioner,Other,39.85741,23.350407
Healing Earth shampoo,Bathroom/Bedroom,39.846855,46.101494
Healing earth  body soap,Bathroom/Bedroom,-1.0094886,81.323906
Healing earth Organic natural  conditioner,Other,39.97792,23.566385
Healing earth organic  body soap,Bathroom/Bedroom,-1.0781845,81.26331
Heated floors,Other,22.574091,-16.88533
Heating,Climate Control,22.57037,-16.644579
Heating - split type ductless system,Climate Control,20.710354,-3.1371486
Heavenly conditioner,Other,26.976236,28.286766
Heavenly shampoo,Bathroom/Bedroom,40.29721,60.890884
Heisens refrigerator,Kitchen/Dining,1.1687891,-2.1481934
Herbal soap body soap,Bathroom/Bedroom,1.4589864,71.85028
Herman Cardon Bluetooth sound system,Entertainment/Tech,-48.604073,55.003036
Hi Sense Fridge refrigerator,Kitchen/Dining,6.193327,1.0834079
Hi Sense refrigerator,Kitchen/Dining,5.9542127,1.3288014
Hi Sense sound system,Entertainment/Tech,-36.29069,41.26501
Hi sence  refrigerator,Kitchen/Dining,5.2468004,2.483669
Hi sense  refrigerator,Kitchen/Dining,5.9542127,1.3288019
Hi sense Bluetooth sound system,Entertainment/Tech,-44.05599,54.139606
Hi sense fridge/freezer refrigerator,Kitchen/Dining,6.4731574,0.7604584
Hi sense refrigerator,Kitchen/Dining,5.9540925,1.3285948
Hi-Sense refrigerator,Kitchen/Dining,5.812579,1.3613658
Hi-sense refrigerator,Kitchen/Dining,5.811849,1.3618696
Hi-sense stainless steel single oven,Kitchen/Dining,45.63451,-0.80320793
HiSence refrigerator,Kitchen/Dining,1.1391987,-1.4462214
HiSense 310 Litre refrigerator,Kitchen/Dining,-1.1646285,-4.089326
HiSense gas stove,Kitchen/Dining,50.704704,-14.402238
HiSense refrigerator,Kitchen/Dining,-0.47815624,-1.694886
HiSense single oven,Kitchen/Dining,37.794918,-8.1392145
HiSense stainless steel single oven,Kitchen/Dining,38.827854,-7.8530793
HiSense with icebox refrigerator,Kitchen/Dining,-2.4897733,-2.7991707
Hicense gas stove,Kitchen/Dining,52.510014,-19.513378
Hicense refrigerator,Kitchen/Dining,4.8912096,2.0522234
Hify refrigerator,Kitchen/Dining,4.772891,1.0740104
High chair,Other,0.47562727,-14.140682
High chair - always at the listing,Other,0.52814454,-13.640771
High chair - available upon request,Other,0.2392647,-13.608573
High end local brand body soap,Bathroom/Bedroom,-3.8394222,62.674385
High end local brand conditioner,Other,22.709858,27.479025
High end local brand shampoo,Bathroom/Bedroom,41.566353,53.29962
High quality sound system with Bluetooth and aux,Entertainment/Tech,-41.601326,48.292236
Himalaya body soap,Bathroom/Bedroom,14.886281,63.80487
Hiscence refrigerator,Kitchen/Dining,1.4652082,-1.5213991
Hisen refrigerator,Kitchen/Dining,0.7463348,-1.7168299
Hisence  refrigerator,Kitchen/Dining,1.1391987,-1.4462212
Hisence - medium size refrigerator,Kitchen/Dining,0.8023054,-0.45026028
Hisence oven,Kitchen/Dining,37.91203,-9.095537
Hisence refrigerator,Kitchen/Dining,1.1393825,-1.4466243
Hisence sound system,Entertainment/Tech,-35.486748,41.67571
Hisence stainless steel stove,Kitchen/Dining,56.07933,-12.290292
Hisene with water dispenser refrigerator,Kitchen/Dining,-1.5336747,-2.972199
Hisense  Bluetooth sound system,Entertainment/Tech,-37.318462,57.998573
Hisense  induction stove,Kitchen/Dining,70.91641,-17.570839
Hisense  refrigerator,Kitchen/Dining,-0.47798193,-1.694525
Hisense  stainless steel electric stove,Kitchen/Dining,50.95387,-13.921143
Hisense  stainless steel gas stove,Kitchen/Dining,50.902733,-14.065008
Hisense  stainless steel oven,Kitchen/Dining,38.951504,-7.9492264
Hisense - Multi oven single oven,Kitchen/Dining,37.22674,-7.730261
Hisense 160 litre refrigerator,Kitchen/Dining,-1.142539,-4.1089425
Hisense 161 Total net volume refrigerator,Kitchen/Dining,-1.1596868,-4.363237
Hisense 2024 model  sound system with Bluetooth and aux,Entertainment/Tech,-37.21133,58.308186
Hisense 223L Titan Inox Bottom Freezer H310BIT refrigerator,Kitchen/Dining,-3.517896,-2.636549
Hisense 4.5l air fryer oven,Kitchen/Dining,25.851904,-2.641531
Hisense 42l Bar Fridge  refrigerator,Kitchen/Dining,-2.7171752,-0.5749496
Hisense 90cm 5 burner gas / oven is electric stainless steel stove,Kitchen/Dining,50.89168,-13.419809
Hisense Black Mirror refrigerator,Kitchen/Dining,-0.35139298,-2.5491695
Hisense Bluetooth sound system,Entertainment/Tech,-37.318756,58.00026
Hisense Electric stainless steel single oven,Kitchen/Dining,38.818085,-7.8046093
Hisense Extra Large refrigerator,Kitchen/Dining,-0.98404384,-2.308773
Hisense Fridge Freezer refrigerator,Kitchen/Dining,-2.3181407,-1.8977617
Hisense Fridge Freezer.  Total Net Volume 161 Litres. refrigerator,Kitchen/Dining,-1.191208,-4.513156
Hisense Fridge- Freezer refrigerator,Kitchen/Dining,-2.2204838,-1.8504838
Hisense Fridge/Freezer refrigerator,Kitchen/Dining,-2.1892898,-1.7865713
Hisense Refrigerator/Freezer refrigerator,Kitchen/Dining,-2.1896594,-1.8030251
Hisense Soundbar Bluetooth sound system,Entertainment/Tech,-37.16763,57.72934
Hisense bar fridge and freezer combo refrigerator,Kitchen/Dining,-3.213751,-1.0650028
Hisense bar fridge refrigerator,Kitchen/Dining,-2.5588133,-0.6585653
Hisense fridge / Freezer  refrigerator,Kitchen/Dining,-2.1894674,-1.7867689
Hisense fridge / frezer refrigerator,Kitchen/Dining,-1.3861021,-0.9524444
Hisense fridge refrigerator,Kitchen/Dining,-1.2242247,-1.4925481
Hisense full fridge refrigerator,Kitchen/Dining,-1.3667223,-1.7950928
"Hisense ice, crushed ice and water dispenser refrigerator",Kitchen/Dining,-2.5819798,-3.0715039
Hisense mini bar fridge with a small ice compartment  refrigerator,Kitchen/Dining,-3.93065,-0.72037244
Hisense oven,Kitchen/Dining,38.005054,-8.577701
Hisense refrigerator,Kitchen/Dining,-0.47793552,-1.6948336
Hisense single oven,Kitchen/Dining,37.79408,-8.139007
Hisense small fridge refrigerator,Kitchen/Dining,-1.3263588,-1.5611079
Hisense sound system with Bluetooth and aux,Entertainment/Tech,-37.24143,58.211494
Hisense stainless steel gas stove,Kitchen/Dining,50.903057,-14.064899
Hisense stainless steel oven,Kitchen/Dining,38.952465,-7.9500704
Hisense stainless steel single oven,Kitchen/Dining,38.827385,-7.85291
Hisense surround system  Bluetooth sound system,Entertainment/Tech,-37.378334,58.06589
Hissen refrigerator,Kitchen/Dining,2.9233506,0.3916784
Hitense refrigerator,Kitchen/Dining,-0.47563422,-0.19030778
Hockey rink,Other,10.999349,-24.079124
Home Choice stainless steel double oven,Kitchen/Dining,45.038036,2.8925207
Home body soap,Bathroom/Bedroom,0.22955702,64.36258
Home brand body soap,Bathroom/Bedroom,-0.668935,63.45243
Home conditioner,Other,23.107563,24.0044
Home made body soap,Bathroom/Bedroom,1.1609364,68.439026
Homemade body soap,Bathroom/Bedroom,0.9445845,68.60052
Honey  body soap,Bathroom/Bedroom,4.1714907,68.808945
Honey shampoo,Bathroom/Bedroom,34.15587,55.144432
Hospitality  body soap,Bathroom/Bedroom,-3.607922,56.105125
Hospitality  shampoo,Bathroom/Bedroom,46.358055,57.109432
Hospitality Brand body soap,Bathroom/Bedroom,-3.733694,56.71461
Hospitality Brand conditioner,Other,20.839203,26.126461
Hospitality Brand shampoo,Bathroom/Bedroom,46.13424,56.48794
Hospitality body soap,Bathroom/Bedroom,-3.6080832,56.10562
Hospitality conditioner,Other,20.396236,25.144255
Hospitality exclusive  shampoo,Bathroom/Bedroom,46.292103,57.215313
Hospitality products from Linon & Woolworths body soap,Bathroom/Bedroom,-13.74904,60.273296
Hospitality shampoo,Bathroom/Bedroom,46.3582,57.110054
Host greets you,Other,33.00119,38.555298
Hosted  body soap,Bathroom/Bedroom,-6.934491,64.11676
Hosted  conditioner,Other,24.794735,18.705935
Hosted  shampoo,Bathroom/Bedroom,48.79869,59.164104
Hosted Property Management conditioner,Other,24.156933,17.831896
Hosted Property Management shampoo,Bathroom/Bedroom,49.695015,58.657803
Hosted Property body soap,Bathroom/Bedroom,-6.954298,64.12587
Hosted Property conditioner,Other,24.22619,17.906538
Hosted Property shampoo,Bathroom/Bedroom,49.669716,58.675484
Hosted body soap,Bathroom/Bedroom,-6.9344926,64.11664
Hosted conditioner,Other,24.794777,18.706074
Hosted shampoo,Bathroom/Bedroom,48.798477,59.166485
Hot Plate electric stove,Kitchen/Dining,66.9709,-27.42719
Hot plate - electrical stove,Kitchen/Dining,66.98983,-27.428167
Hot plate/oven combo oven,Kitchen/Dining,29.284292,-13.803847
Hot tub,Facilities/Outdoors,-2.6167758,-32.78225
"Hot tub - available all year, open 24 hours",Facilities/Outdoors,-4.081581,-34.66069
"Hot tub - available all year, open specific hours",Facilities/Outdoors,-4.1077614,-35.0919
Hot water,Bathroom/Bedroom,22.11711,-19.052092
Hot water kettle,Bathroom/Bedroom,22.146261,-19.070883
Hotel Brand Shampoo shampoo,Bathroom/Bedroom,47.16299,56.28973
Hotel Brand Shower Gel body soap,Bathroom/Bedroom,-12.209148,51.319187
Hotel Brands conditioner,Other,20.199934,25.96303
Hotel Brands shampoo,Bathroom/Bedroom,47.048695,56.272057
Hotel Range body soap,Bathroom/Bedroom,-5.154281,53.774315
Hotel Range conditioner,Other,18.732544,25.140678
Hotel ammenities conditioner,Other,19.611712,24.840519
Hotel body soap,Bathroom/Bedroom,-4.2490735,54.819466
Hotel brand body soap,Bathroom/Bedroom,-4.234409,55.248016
Hotel brand conditioner,Other,20.225264,25.943832
Hotel brand shampoo,Bathroom/Bedroom,46.99866,56.33285
Hotel brand shower gel body soap,Bathroom/Bedroom,-12.209148,51.319187
Hotel branded conditioner conditioner,Other,20.496113,25.766827
Hotel branded shampoo shampoo,Bathroom/Bedroom,47.14032,56.235844
Hotel conditioner,Other,19.850805,25.298477
Hotel quality small soap body soap,Bathroom/Bedroom,-5.429114,55.293156
Hotel shampoo,Bathroom/Bedroom,47.100624,56.59227
Hotel soap body soap,Bathroom/Bedroom,-4.2806835,54.85581
Hotel soaps  body soap,Bathroom/Bedroom,-4.285815,54.87076
Hotel style soaps body soap,Bathroom/Bedroom,-4.3492155,54.949745
Hotplate induction  induction stove,Kitchen/Dining,73.32332,-19.227678
House  conditioner,Other,22.95746,23.935055
House Brand  shampoo,Bathroom/Bedroom,41.286102,54.840378
House Brand body soap,Bathroom/Bedroom,-0.67710537,63.319042
House Brand conditioner,Other,23.542633,26.33131
House Brand shampoo,Bathroom/Bedroom,41.28695,54.839344
House body soap,Bathroom/Bedroom,-0.09454185,63.879185
House brand  body soap,Bathroom/Bedroom,-0.67719454,63.320206
House brand  conditioner,Other,23.543121,26.331589
House brand  shampoo,Bathroom/Bedroom,41.285713,54.84023
House brand body soap,Bathroom/Bedroom,-0.6771965,63.32021
House brand conditioner,Other,23.542633,26.33131
House brand shampoo,Bathroom/Bedroom,41.28666,54.84037
House conditioner,Other,22.957417,23.935156
House shampoo,Bathroom/Bedroom,39.925236,55.802357
Housebrand body soap,Bathroom/Bedroom,-0.63191456,62.573196
Housebrand conditioner,Other,23.72121,26.035526
Housebrand shampoo,Bathroom/Bedroom,40.993275,55.216866
Housebrands body soap,Bathroom/Bedroom,-0.6650133,62.541298
Household shampoo,Bathroom/Bedroom,39.706005,55.718964
Housekeeping - available at extra cost,Other,26.343824,-70.47213
Housekeeping available 1 day a week,Other,47.897606,-46.755684
Housekeeping available 1 day a week - available at extra cost,Other,47.51276,-49.15186
Housekeeping available 1 hour a day - available at extra cost,Other,57.432114,-47.701633
"Housekeeping available 1 hour a day, 1 day a week - available at extra cost",Other,54.415325,-47.179325
"Housekeeping available 1 hour a day, 3 days a week - available at extra cost",Other,54.907223,-46.910233
"Housekeeping available 1 hour a day, 5 days a week - available at extra cost",Other,53.726692,-47.657833
"Housekeeping available 1 hour a day, Monday to Thursday - available at extra cost",Other,59.094685,-54.95924
"Housekeeping available 1 hour a day, Monday, Thursday - available at extra cost",Other,59.112865,-54.990765
"Housekeeping available 1 hour a day, Sunday, Tuesday, Friday",Other,59.621487,-56.112705
"Housekeeping available 1 hour a day, Tuesday to Wednesday",Other,59.58356,-56.12576
"Housekeeping available 1 hour a day, every day",Other,54.221554,-43.955166
"Housekeeping available 10 hours a day, every day - available at extra cost",Other,51.114998,-50.159836
Housekeeping available 2 days a week,Other,47.895058,-46.71446
Housekeeping available 2 days a week - available at extra cost,Other,47.644817,-49.238476
Housekeeping available 2 hours a day,Other,53.947105,-43.816433
Housekeeping available 2 hours a day - available at extra cost,Other,57.138596,-47.58702
"Housekeeping available 2 hours a day, 1 day a week",Other,52.936596,-44.259857
"Housekeeping available 2 hours a day, 1 day a week - available at extra cost",Other,55.755207,-47.361347
"Housekeeping available 2 hours a day, 2 days a week - available at extra cost",Other,55.95319,-47.37354
"Housekeeping available 2 hours a day, 3 days a week",Other,52.602844,-44.29279
"Housekeeping available 2 hours a day, 3 days a week - available at extra cost",Other,55.576244,-46.977993
"Housekeeping available 2 hours a day, 6 days a week",Other,51.365585,-44.78186
"Housekeeping available 2 hours a day, Monday to Friday",Other,60.92757,-55.543148
"Housekeeping available 2 hours a day, Monday to Friday - available at extra cost",Other,60.96451,-54.098827
"Housekeeping available 2 hours a day, Monday to Thursday - available at extra cost",Other,61.027184,-54.22013
"Housekeeping available 2 hours a day, Monday, Thursday",Other,60.929977,-55.694664
"Housekeeping available 2 hours a day, Monday, Wednesday, Friday",Other,60.915524,-55.6136
"Housekeeping available 2 hours a day, Monday, Wednesday, Friday - available at extra cost",Other,60.98809,-54.412285
"Housekeeping available 2 hours a day, Monday, Wednesday, Thursday, Friday - available at extra cost",Other,60.92522,-54.57477
"Housekeeping available 2 hours a day, Saturday to Sunday - available at extra cost",Other,60.799038,-53.636585
"Housekeeping available 2 hours a day, Sunday to Saturday - available at extra cost",Other,60.80499,-53.638157
"Housekeeping available 2 hours a day, Tuesday",Other,61.37706,-55.902752
"Housekeeping available 2 hours a day, Tuesday - available at extra cost",Other,61.72618,-54.057293
"Housekeeping available 2 hours a day, Tuesday to Friday - available at extra cost",Other,61.160316,-54.114445
"Housekeeping available 2 hours a day, Tuesday to Thursday - available at extra cost",Other,61.320896,-54.189255
"Housekeeping available 2 hours a day, Wednesday",Other,61.47277,-55.94759
"Housekeeping available 2 hours a day, Wednesday - available at extra cost",Other,61.835457,-54.0641
"Housekeeping available 2 hours a day, every day",Other,53.95644,-43.927723
"Housekeeping available 2 hours a day, every day - available at extra cost",Other,56.794113,-47.489895
Housekeeping available 24 hours,Other,47.913612,-54.167305
"Housekeeping available 24 hours, 1 day a week - available at extra cost",Other,49.14247,-52.357224
"Housekeeping available 24 hours, 2 days a week - available at extra cost",Other,49.11746,-52.3733
"Housekeeping available 24 hours, 3 days a week",Other,48.022213,-53.325058
"Housekeeping available 24 hours, 3 days a week - available at extra cost",Other,49.088783,-52.357075
"Housekeeping available 24 hours, 4 days a week",Other,47.99755,-53.392513
"Housekeeping available 24 hours, Monday to Friday - available at extra cost",Other,50.753674,-55.510468
"Housekeeping available 24 hours, Monday to Saturday - available at extra cost",Other,50.77474,-55.50469
"Housekeeping available 24 hours, Sunday to Saturday",Other,48.209366,-55.507423
"Housekeeping available 24 hours, Tuesday, Friday",Other,48.153866,-55.540874
"Housekeeping available 24 hours, every day",Other,47.97085,-53.841576
"Housekeeping available 24 hours, every day - available at extra cost",Other,49.01667,-52.647327
Housekeeping available 3 days a week,Other,47.92805,-46.6846
Housekeeping available 3 days a week - available at extra cost,Other,47.68694,-49.255074
Housekeeping available 3 hours a day - available at extra cost,Other,56.74599,-46.57757
"Housekeeping available 3 hours a day, 1 day a week",Other,52.421085,-44.31245
"Housekeeping available 3 hours a day, 1 day a week - available at extra cost",Other,55.261906,-46.725025
"Housekeeping available 3 hours a day, 2 days a week",Other,52.462917,-44.295692
"Housekeeping available 3 hours a day, 2 days a week - available at extra cost",Other,55.44871,-46.74709
"Housekeeping available 3 hours a day, 3 days a week",Other,52.310284,-44.2777
"Housekeeping available 3 hours a day, 3 days a week - available at extra cost",Other,55.425064,-46.551888
"Housekeeping available 3 hours a day, 5 days a week",Other,51.920208,-45.302258
"Housekeeping available 3 hours a day, 6 days a week",Other,51.565746,-44.707806
"Housekeeping available 3 hours a day, 7 days a week - available at extra cost",Other,54.7669,-47.160034
"Housekeeping available 3 hours a day, Monday - available at extra cost",Other,61.40265,-50.475193
"Housekeeping available 3 hours a day, Monday to Friday - available at extra cost",Other,61.38898,-50.874302
"Housekeeping available 3 hours a day, Monday to Saturday",Other,62.14753,-51.217922
"Housekeeping available 3 hours a day, Monday, Wednesday, Saturday - available at extra cost",Other,61.501705,-51.26162
"Housekeeping available 3 hours a day, Monday, Wednesday, Thursday, Friday - available at extra cost",Other,61.493626,-51.478634
"Housekeeping available 3 hours a day, Thursday - available at extra cost",Other,60.75029,-51.047905
"Housekeeping available 3 hours a day, Tuesday to Friday - available at extra cost",Other,61.28562,-51.01434
"Housekeeping available 3 hours a day, Tuesday to Saturday - available at extra cost",Other,61.376015,-50.98445
"Housekeeping available 3 hours a day, Tuesday to Thursday - available at extra cost",Other,61.017757,-51.126614
"Housekeeping available 3 hours a day, Tuesday, Thursday, Saturday - available at extra cost",Other,61.375103,-51.358322
"Housekeeping available 3 hours a day, Wednesday, Friday",Other,62.023212,-51.691265
"Housekeeping available 3 hours a day, every day",Other,53.33747,-43.9679
"Housekeeping available 3 hours a day, every day - available at extra cost",Other,56.490578,-46.54386
Housekeeping available 4 days a week,Other,48.082455,-46.755066
Housekeeping available 4 days a week - available at extra cost,Other,47.83111,-49.216152
Housekeeping available 4 hours a day,Other,53.856014,-45.146442
Housekeeping available 4 hours a day - available at extra cost,Other,56.306725,-49.116104
"Housekeeping available 4 hours a day, 1 day a week",Other,53.059795,-45.343704
"Housekeeping available 4 hours a day, 1 day a week - available at extra cost",Other,54.89454,-48.41617
"Housekeeping available 4 hours a day, 2 days a week",Other,53.099133,-45.28835
"Housekeeping available 4 hours a day, 2 days a week - available at extra cost",Other,55.052334,-48.405758
"Housekeeping available 4 hours a day, 3 days a week - available at extra cost",Other,54.99834,-48.202297
"Housekeeping available 4 hours a day, 4 days a week - available at extra cost",Other,54.996048,-48.671116
"Housekeeping available 4 hours a day, 5 days a week",Other,52.448795,-45.948677
"Housekeeping available 4 hours a day, 5 days a week - available at extra cost",Other,54.33732,-48.626827
"Housekeeping available 4 hours a day, 7 days a week - available at extra cost",Other,54.302643,-48.80002
"Housekeeping available 4 hours a day, Monday to Friday - available at extra cost",Other,58.402073,-52.392025
"Housekeeping available 4 hours a day, Monday to Saturday",Other,58.27935,-52.815853
"Housekeeping available 4 hours a day, Monday, Thursday - available at extra cost",Other,58.52833,-52.111813
"Housekeeping available 4 hours a day, Monday, Wednesday, Friday - available at extra cost",Other,58.56298,-52.16167
"Housekeeping available 4 hours a day, Saturday to Sunday - available at extra cost",Other,58.339626,-52.616512
"Housekeeping available 4 hours a day, Thursday - available at extra cost",Other,58.423725,-51.535667
"Housekeeping available 4 hours a day, Tuesday, Friday - available at extra cost",Other,58.501114,-52.086395
"Housekeeping available 4 hours a day, Tuesday, Thursday - available at extra cost",Other,58.544445,-51.811543
"Housekeeping available 4 hours a day, Tuesday, Wednesday, Friday - available at extra cost",Other,58.576847,-51.953903
"Housekeeping available 4 hours a day, Wednesday",Other,58.149662,-50.866966
"Housekeeping available 4 hours a day, Wednesday - available at extra cost",Other,58.34352,-51.37359
"Housekeeping available 4 hours a day, every day",Other,53.886723,-44.980293
"Housekeeping available 4 hours a day, every day - available at extra cost",Other,56.006004,-48.95436
Housekeeping available 5 days a week,Other,48.890625,-46.89021
Housekeeping available 5 days a week - available at extra cost,Other,48.310474,-49.30405
Housekeeping available 5 hours a day - available at extra cost,Other,52.906113,-52.42738
"Housekeeping available 5 hours a day, 1 day a week",Other,51.508133,-46.393463
"Housekeeping available 5 hours a day, 1 day a week - available at extra cost",Other,53.124527,-48.05064
"Housekeeping available 5 hours a day, 2 days a week",Other,51.58091,-46.308517
"Housekeeping available 5 hours a day, 2 days a week - available at extra cost",Other,53.160076,-48.096313
"Housekeeping available 5 hours a day, 3 days a week",Other,51.60816,-46.101776
"Housekeeping available 5 hours a day, 3 days a week - available at extra cost",Other,53.160038,-48.02485
"Housekeeping available 5 hours a day, 5 days a week",Other,51.423397,-46.49971
"Housekeeping available 5 hours a day, 6 days a week",Other,51.313377,-46.337307
"Housekeeping available 5 hours a day, Monday, Friday",Other,53.722313,-56.16497
"Housekeeping available 5 hours a day, Monday, Thursday - available at extra cost",Other,53.780983,-54.2543
"Housekeeping available 5 hours a day, Monday, Wednesday, Friday",Other,53.761246,-56.201687
"Housekeeping available 5 hours a day, Saturday - available at extra cost",Other,53.58478,-53.86399
"Housekeeping available 5 hours a day, Sunday to Friday - available at extra cost",Other,53.69154,-54.013866
"Housekeeping available 5 hours a day, Sunday to Saturday - available at extra cost",Other,53.696213,-53.95939
"Housekeeping available 5 hours a day, Tuesday",Other,53.581852,-56.174553
"Housekeeping available 5 hours a day, Wednesday",Other,53.570976,-56.165825
"Housekeeping available 5 hours a day, Wednesday - available at extra cost",Other,53.410286,-53.96081
"Housekeeping available 5 hours a day, every day",Other,51.47057,-46.849205
"Housekeeping available 5 hours a day, every day - available at extra cost",Other,52.78417,-52.023544
Housekeeping available 6 days a week,Other,48.71808,-46.888752
Housekeeping available 6 days a week - available at extra cost,Other,48.3893,-49.313168
Housekeeping available 6 hours a day - available at extra cost,Other,53.811836,-51.266563
"Housekeeping available 6 hours a day, 1 day a week - available at extra cost",Other,53.63035,-50.089706
"Housekeeping available 6 hours a day, 2 days a week",Other,51.13622,-44.958942
"Housekeeping available 6 hours a day, 2 days a week - available at extra cost",Other,53.703518,-50.075706
"Housekeeping available 6 hours a day, 3 days a week",Other,51.198227,-44.902027
"Housekeeping available 6 hours a day, 4 days a week - available at extra cost",Other,53.748337,-50.06416
"Housekeeping available 6 hours a day, 6 days a week - available at extra cost",Other,53.649803,-50.385666
"Housekeeping available 6 hours a day, Monday to Friday - available at extra cost",Other,55.08176,-54.05153
"Housekeeping available 6 hours a day, Monday to Saturday - available at extra cost",Other,55.027737,-54.021313
"Housekeeping available 6 hours a day, Sunday - available at extra cost",Other,54.772274,-53.78717
"Housekeeping available 6 hours a day, Sunday, Monday, Wednesday",Other,55.42906,-56.336998
"Housekeeping available 6 hours a day, Tuesday, Saturday - available at extra cost",Other,55.13868,-54.163963
"Housekeeping available 6 hours a day, Wednesday",Other,55.301308,-56.24929
"Housekeeping available 6 hours a day, Wednesday - available at extra cost",Other,55.28663,-54.344757
"Housekeeping available 6 hours a day, Wednesday, Friday",Other,55.34938,-56.253384
"Housekeeping available 6 hours a day, Wednesday, Friday - available at extra cost",Other,55.299538,-54.371857
"Housekeeping available 6 hours a day, every day - available at extra cost",Other,53.657288,-50.97975
Housekeeping available 7 days a week,Other,48.62623,-47.010128
Housekeeping available 7 days a week - available at extra cost,Other,48.327065,-49.237514
"Housekeeping available 7 hours a day, 3 days a week - available at extra cost",Other,53.358593,-48.876247
"Housekeeping available 7 hours a day, 4 days a week - available at extra cost",Other,53.394848,-49.06878
"Housekeeping available 7 hours a day, 5 days a week",Other,51.07398,-47.138054
"Housekeeping available 7 hours a day, 6 days a week - available at extra cost",Other,53.110653,-49.40013
"Housekeeping available 7 hours a day, Friday - available at extra cost",Other,55.497322,-52.81309
"Housekeeping available 7 hours a day, Monday to Saturday - available at extra cost",Other,55.430687,-53.033928
"Housekeeping available 7 hours a day, Monday, Wednesday",Other,55.984512,-56.52699
"Housekeeping available 7 hours a day, Tuesday, Friday - available at extra cost",Other,55.562656,-52.93519
"Housekeeping available 7 hours a day, every day",Other,51.018936,-47.98205
"Housekeeping available 7 hours a day, every day - available at extra cost",Other,52.395447,-49.42183
Housekeeping available 8 hours a day - available at extra cost,Other,52.0244,-50.843227
"Housekeeping available 8 hours a day, 5 days a week - available at extra cost",Other,52.464558,-50.157345
"Housekeeping available 8 hours a day, 6 days a week - available at extra cost",Other,52.637657,-50.20195
"Housekeeping available 8 hours a day, Monday to Friday",Other,57.009834,-55.86488
"Housekeeping available 8 hours a day, Monday, Thursday",Other,56.997437,-55.88532
"Housekeeping available 8 hours a day, Monday, Thursday - available at extra cost",Other,57.12071,-54.632534
"Housekeeping available 8 hours a day, Tuesday to Thursday - available at extra cost",Other,57.13607,-54.581207
"Housekeeping available 8 hours a day, Wednesday - available at extra cost",Other,56.959106,-54.39738
"Housekeeping available 8 hours a day, every day",Other,50.98257,-48.835903
"Housekeeping available 8 hours a day, every day - available at extra cost",Other,51.888924,-50.560974
"Housekeeping available 9 hours a day, every day",Other,50.860058,-48.76845
"Housekeeping available 9 hours a day, every day - available at extra cost",Other,51.187717,-50.06584
Housekeeping available Friday,Other,31.64248,-72.50626
Housekeeping available Friday - available at extra cost,Other,26.283264,-71.8207
Housekeeping available Friday to Saturday,Other,30.530565,-73.0714
Housekeeping available Monday,Other,31.628551,-73.30978
Housekeeping available Monday - available at extra cost,Other,25.53862,-73.3478
Housekeeping available Monday to Friday,Other,30.551723,-73.84601
Housekeeping available Monday to Friday - available at extra cost,Other,25.890194,-73.466034
Housekeeping available Monday to Saturday,Other,30.399788,-73.88731
Housekeeping available Monday to Saturday - available at extra cost,Other,25.728374,-73.55761
Housekeeping available Monday to Thursday,Other,30.745169,-74.016594
Housekeeping available Monday to Thursday - available at extra cost,Other,26.155218,-73.535904
Housekeeping available Monday to Wednesday - available at extra cost,Other,26.067276,-73.518166
"Housekeeping available Monday, Friday",Other,31.430397,-73.66939
"Housekeeping available Monday, Thursday",Other,31.57731,-73.79054
"Housekeeping available Monday, Tuesday, Thursday, Friday",Other,31.661808,-74.563034
"Housekeeping available Monday, Tuesday, Wednesday, Friday, Saturday - available at extra cost",Other,26.201452,-75.15733
"Housekeeping available Monday, Wednesday",Other,32.000908,-73.559685
"Housekeeping available Monday, Wednesday, Friday",Other,31.782341,-74.036285
"Housekeeping available Monday, Wednesday, Friday - available at extra cost",Other,26.99845,-73.43843
"Housekeeping available Monday, Wednesday, Thursday - available at extra cost",Other,27.24191,-73.25785
"Housekeeping available Monday, Wednesday, Thursday, Saturday",Other,31.70528,-74.60162
Housekeeping available Saturday,Other,30.678898,-72.74353
Housekeeping available Saturday - available at extra cost,Other,25.66333,-72.499115
Housekeeping available Sunday,Other,30.834906,-72.503265
Housekeeping available Sunday - available at extra cost,Other,25.0826,-72.98226
"Housekeeping available Sunday, Monday, Wednesday, Friday, Saturday - available at extra cost",Other,26.179285,-75.21392
"Housekeeping available Sunday, Wednesday, Friday, Saturday",Other,31.70049,-74.819496
Housekeeping available Thursday,Other,31.945717,-72.56324
Housekeeping available Thursday - available at extra cost,Other,26.646736,-71.58522
Housekeeping available Thursday to Friday,Other,31.20145,-72.930565
Housekeeping available Thursday to Friday - available at extra cost,Other,26.529295,-72.33454
Housekeeping available Tuesday,Other,32.240025,-72.648056
Housekeeping available Tuesday - available at extra cost,Other,26.610634,-71.53946
Housekeeping available Tuesday to Friday - available at extra cost,Other,26.320599,-72.85755
Housekeeping available Tuesday to Thursday - available at extra cost,Other,26.802744,-72.58648
"Housekeeping available Tuesday, Friday",Other,31.82125,-73.208015
"Housekeeping available Tuesday, Friday - available at extra cost",Other,26.626839,-72.72292
"Housekeeping available Tuesday, Saturday - available at extra cost",Other,26.496893,-72.91571
"Housekeeping available Tuesday, Thursday",Other,32.03626,-73.08717
"Housekeeping available Tuesday, Thursday - available at extra cost",Other,27.005701,-72.31026
"Housekeeping available Tuesday, Wednesday, Friday - available at extra cost",Other,27.131672,-72.93165
Housekeeping available Wednesday,Other,32.313023,-72.51339
Housekeeping available Wednesday - available at extra cost,Other,26.601603,-71.29773
"Housekeeping available Wednesday, Saturday - available at extra cost",Other,26.626432,-72.61204
Housekeeping available every day,Other,45.85412,-48.434273
Housekeeping available every day - available at extra cost,Other,46.26752,-48.85039
"Housekeeping available from 10:00 AM to 11:00 AM, Monday",Other,41.393055,-79.80442
"Housekeeping available from 10:00 AM to 12:00 PM, 1 day a week",Other,31.082808,-40.536633
"Housekeeping available from 10:00 AM to 12:00 PM, Friday",Other,41.09461,-75.39365
"Housekeeping available from 10:00 AM to 12:00 PM, Monday to Friday - available at extra cost",Other,18.463,-78.36556
"Housekeeping available from 10:00 AM to 12:00 PM, Saturday to Sunday - available at extra cost",Other,19.889748,-83.047905
"Housekeeping available from 10:00 AM to 12:00 PM, Tuesday, Thursday - available at extra cost",Other,12.067216,-74.307365
"Housekeeping available from 10:00 AM to 12:00 PM, every day - available at extra cost",Other,22.146086,-57.60435
"Housekeeping available from 10:00 AM to 12:30 PM, Wednesday",Other,43.55143,-74.16683
"Housekeeping available from 10:00 AM to 12:30 PM, Wednesday - available at extra cost",Other,12.986854,-71.47473
"Housekeeping available from 10:00 AM to 1:00 AM, 3 days a week - available at extra cost",Other,32.551773,-51.366905
"Housekeeping available from 10:00 AM to 1:00 PM, 2 days a week",Other,32.035812,-41.19793
"Housekeeping available from 10:00 AM to 1:00 PM, 2 days a week - available at extra cost",Other,33.124966,-53.197693
"Housekeeping available from 10:00 AM to 1:00 PM, Friday",Other,41.101616,-75.36364
"Housekeeping available from 10:00 AM to 1:00 PM, Monday to Friday - available at extra cost",Other,18.259706,-78.36844
"Housekeeping available from 10:00 AM to 1:00 PM, Monday, Friday - available at extra cost",Other,18.254253,-78.03894
"Housekeeping available from 10:00 AM to 1:00 PM, Monday, Thursday, Friday - available at extra cost",Other,12.774105,-77.1813
"Housekeeping available from 10:00 AM to 1:00 PM, Monday, Wednesday, Friday",Other,42.88987,-78.00385
"Housekeeping available from 10:00 AM to 1:00 PM, Sunday, Wednesday, Friday, Saturday",Other,43.2965,-79.013245
"Housekeeping available from 10:00 AM to 1:30 PM, every day",Other,26.408585,-41.633488
"Housekeeping available from 10:00 AM to 2:00 AM, 4 days a week - available at extra cost",Other,32.727104,-53.814335
"Housekeeping available from 10:00 AM to 2:00 AM, every day - available at extra cost",Other,20.70022,-57.368782
Housekeeping available from 10:00 AM to 2:00 PM - available at extra cost,Other,16.338787,-64.884514
"Housekeeping available from 10:00 AM to 2:00 PM, 1 day a week",Other,31.598532,-40.885174
"Housekeeping available from 10:00 AM to 2:00 PM, 3 days a week",Other,32.825684,-41.43561
"Housekeeping available from 10:00 AM to 2:00 PM, 3 days a week - available at extra cost",Other,33.39236,-52.11416
"Housekeeping available from 10:00 AM to 2:00 PM, 6 days a week",Other,32.465897,-40.770584
"Housekeeping available from 10:00 AM to 2:00 PM, Monday to Friday - available at extra cost",Other,17.993223,-78.38069
"Housekeeping available from 10:00 AM to 2:00 PM, Monday, Thursday - available at extra cost",Other,12.500702,-75.78425
"Housekeeping available from 10:00 AM to 2:00 PM, Monday, Wednesday, Friday - available at extra cost",Other,13.174898,-77.96984
"Housekeeping available from 10:00 AM to 2:00 PM, Thursday - available at extra cost",Other,11.742376,-72.67531
"Housekeeping available from 10:00 AM to 2:00 PM, Tuesday - available at extra cost",Other,14.494164,-71.75539
"Housekeeping available from 10:00 AM to 2:00 PM, Tuesday, Thursday - available at extra cost",Other,12.149774,-74.435555
"Housekeeping available from 10:00 AM to 2:00 PM, Wednesday",Other,43.59219,-74.10951
"Housekeeping available from 10:00 AM to 2:00 PM, Wednesday - available at extra cost",Other,13.378438,-71.28616
"Housekeeping available from 10:00 AM to 2:00 PM, Wednesday, Friday",Other,42.88029,-76.55143
"Housekeeping available from 10:00 AM to 2:00 PM, every day",Other,26.376572,-41.377396
"Housekeeping available from 10:00 AM to 2:00 PM, every day - available at extra cost",Other,20.684471,-57.19243
Housekeeping available from 10:00 AM to 2:30 PM - available at extra cost,Other,16.213306,-64.699745
"Housekeeping available from 10:00 AM to 2:30 PM, 1 day a week - available at extra cost",Other,33.080093,-53.179886
"Housekeeping available from 10:00 AM to 2:30 PM, 3 days a week",Other,32.967327,-41.603634
"Housekeeping available from 10:00 AM to 2:30 PM, every day - available at extra cost",Other,19.79731,-56.14906
"Housekeeping available from 10:00 AM to 3:00 AM, Monday to Saturday - available at extra cost",Other,18.547813,-81.89992
"Housekeeping available from 10:00 AM to 3:00 AM, every day - available at extra cost",Other,20.392496,-56.794777
Housekeeping available from 10:00 AM to 3:00 PM - available at extra cost,Other,16.720177,-64.57684
"Housekeeping available from 10:00 AM to 3:00 PM, 1 day a week",Other,31.779902,-40.94095
"Housekeeping available from 10:00 AM to 3:00 PM, 2 days a week",Other,32.67149,-41.404644
"Housekeeping available from 10:00 AM to 3:00 PM, 2 days a week - available at extra cost",Other,33.42867,-52.34588
"Housekeeping available from 10:00 AM to 3:00 PM, 5 days a week",Other,33.393486,-41.362408
"Housekeeping available from 10:00 AM to 3:00 PM, Monday to Friday - available at extra cost",Other,18.30911,-78.916756
"Housekeeping available from 10:00 AM to 3:00 PM, Monday to Saturday - available at extra cost",Other,18.617102,-81.86521
"Housekeeping available from 10:00 AM to 3:00 PM, Monday, Wednesday, Friday",Other,42.95006,-77.99429
"Housekeeping available from 10:00 AM to 3:00 PM, Saturday to Sunday - available at extra cost",Other,19.529243,-83.283554
"Housekeeping available from 10:00 AM to 3:00 PM, Thursday, Saturday",Other,44.80732,-77.870285
"Housekeeping available from 10:00 AM to 3:00 PM, Tuesday to Thursday - available at extra cost",Other,12.414951,-74.17909
"Housekeeping available from 10:00 AM to 3:00 PM, Tuesday, Friday - available at extra cost",Other,17.898865,-77.48009
"Housekeeping available from 10:00 AM to 3:00 PM, Tuesday, Wednesday, Friday - available at extra cost",Other,13.104578,-77.86229
"Housekeeping available from 10:00 AM to 3:00 PM, Wednesday",Other,43.577343,-74.148476
"Housekeeping available from 10:00 AM to 3:00 PM, every day - available at extra cost",Other,20.268064,-56.606106
"Housekeeping available from 10:00 AM to 3:30 AM, Monday to Friday - available at extra cost",Other,18.125494,-80.068924
"Housekeeping available from 10:00 AM to 3:30 AM, Monday to Saturday - available at extra cost",Other,18.026081,-82.22918
Housekeeping available from 10:00 AM to 3:30 PM - available at extra cost,Other,16.456518,-64.43091
"Housekeeping available from 10:00 AM to 3:30 PM, Monday to Saturday - available at extra cost",Other,18.148315,-82.1567
"Housekeeping available from 10:00 AM to 3:30 PM, every day - available at extra cost",Other,19.664995,-55.82506
"Housekeeping available from 10:00 AM to 4:00 AM, every day - available at extra cost",Other,21.335672,-57.140385
"Housekeeping available from 10:00 AM to 4:00 PM, 2 days a week",Other,32.303967,-41.084488
"Housekeeping available from 10:00 AM to 4:00 PM, 2 days a week - available at extra cost",Other,33.047268,-53.643772
"Housekeeping available from 10:00 AM to 4:00 PM, 3 days a week",Other,33.048702,-41.206955
"Housekeeping available from 10:00 AM to 4:00 PM, 3 days a week - available at extra cost",Other,33.00299,-51.82844
"Housekeeping available from 10:00 AM to 4:00 PM, 6 days a week - available at extra cost",Other,31.689095,-53.985466
"Housekeeping available from 10:00 AM to 4:00 PM, Monday to Friday",Other,40.43876,-77.77389
"Housekeeping available from 10:00 AM to 4:00 PM, Monday to Friday - available at extra cost",Other,17.635082,-78.58974
"Housekeeping available from 10:00 AM to 4:00 PM, Monday, Thursday, Saturday - available at extra cost",Other,12.199174,-77.022804
"Housekeeping available from 10:00 AM to 4:00 PM, Monday, Wednesday, Friday",Other,42.9421,-77.973145
"Housekeeping available from 10:00 AM to 4:00 PM, Tuesday to Friday - available at extra cost",Other,17.358505,-78.40823
"Housekeeping available from 10:00 AM to 4:00 PM, every day",Other,25.96267,-41.31893
"Housekeeping available from 10:00 AM to 4:00 PM, every day - available at extra cost",Other,21.352436,-57.004257
"Housekeeping available from 10:00 AM to 4:30 PM, Monday to Friday - available at extra cost",Other,17.267603,-78.62002
"Housekeeping available from 10:00 AM to 5:00 AM, every day - available at extra cost",Other,21.64415,-57.572037
Housekeeping available from 10:00 AM to 5:00 PM - available at extra cost,Other,17.45648,-64.63692
"Housekeeping available from 10:00 AM to 5:00 PM, 2 days a week - available at extra cost",Other,32.787548,-53.26907
"Housekeeping available from 10:00 AM to 5:00 PM, 3 days a week",Other,33.3863,-41.349743
"Housekeeping available from 10:00 AM to 5:00 PM, every day - available at extra cost",Other,21.66611,-57.484894
"Housekeeping available from 10:30 AM to 12:30 PM, Thursday, Saturday - available at extra cost",Other,9.576831,-75.524574
"Housekeeping available from 10:30 AM to 1:00 PM, 2 days a week - available at extra cost",Other,33.470776,-53.232376
"Housekeeping available from 10:30 AM to 1:00 PM, Tuesday, Thursday - available at extra cost",Other,11.6983385,-74.683075
"Housekeeping available from 10:30 AM to 2:30 PM, Monday, Wednesday, Friday - available at extra cost",Other,11.129757,-77.78003
"Housekeeping available from 10:30 AM to 3:00 PM, Monday to Saturday",Other,39.97285,-79.67205
"Housekeeping available from 10:30 AM to 3:30 AM, Monday to Saturday - available at extra cost",Other,17.456291,-82.687775
"Housekeeping available from 10:30 AM to 3:30 AM, every day - available at extra cost",Other,19.023811,-54.98131
"Housekeeping available from 10:30 AM to 3:30 PM, every day - available at extra cost",Other,19.340122,-55.053555
"Housekeeping available from 10:30 AM to 5:30 PM, every day - available at extra cost",Other,19.790426,-54.105053
"Housekeeping available from 11:00 AM to 1:00 PM, Friday - available at extra cost",Other,19.351925,-77.62011
Housekeeping available from 11:00 AM to 2:00 PM - available at extra cost,Other,16.038355,-64.85603
"Housekeeping available from 11:00 AM to 2:00 PM, 3 days a week - available at extra cost",Other,34.022045,-51.98084
"Housekeeping available from 11:00 AM to 2:00 PM, Friday",Other,41.26015,-75.060745
"Housekeeping available from 11:00 AM to 2:00 PM, Monday to Saturday - available at extra cost",Other,19.134884,-81.390495
"Housekeeping available from 11:00 AM to 2:00 PM, Monday, Wednesday, Friday",Other,42.61142,-77.84947
"Housekeeping available from 11:00 AM to 2:00 PM, every day",Other,27.041775,-41.511684
"Housekeeping available from 11:00 AM to 3:00 PM, Monday to Friday - available at extra cost",Other,18.911415,-79.2927
"Housekeeping available from 11:00 AM to 3:00 PM, every day",Other,26.978048,-41.705055
"Housekeeping available from 11:00 AM to 3:00 PM, every day - available at extra cost",Other,19.718887,-56.67223
"Housekeeping available from 11:00 AM to 4:00 PM, Tuesday, Friday",Other,41.972946,-76.76851
"Housekeeping available from 11:00 AM to 4:00 PM, every day - available at extra cost",Other,21.949196,-55.346977
"Housekeeping available from 11:00 PM to 12:00 PM, Monday, Wednesday, Thursday, Friday - available at extra cost",Other,12.284501,-79.339096
Housekeeping available from 11:30 AM to 1:00 PM - available at extra cost,Other,16.220242,-64.41413
"Housekeeping available from 11:30 AM to 2:00 AM, 2 days a week - available at extra cost",Other,34.796383,-53.251404
"Housekeeping available from 11:30 AM to 4:00 PM, Monday, Thursday",Other,44.21248,-77.340355
"Housekeeping available from 12:00 AM to 3:00 AM, every day - available at extra cost",Other,19.526423,-57.520245
Housekeeping available from 12:00 AM to 3:30 PM - available at extra cost,Other,16.273855,-63.802715
"Housekeeping available from 12:00 PM to 2:00 PM, every day - available at extra cost",Other,19.239483,-57.650917
"Housekeeping available from 12:00 PM to 2:30 PM, Monday, Friday - available at extra cost",Other,16.554445,-77.35442
"Housekeeping available from 12:00 PM to 3:00 PM, Wednesday - available at extra cost",Other,13.138369,-70.849525
Housekeeping available from 12:00 PM to 3:30 PM - available at extra cost,Other,16.19062,-63.621754
"Housekeeping available from 12:00 PM to 3:30 PM, every day - available at extra cost",Other,19.11952,-57.25672
Housekeeping available from 1:00 AM to 4:30 AM - available at extra cost,Other,16.81643,-65.6352
"Housekeeping available from 2:00 AM to 4:00 AM, Tuesday - available at extra cost",Other,14.554967,-71.99398
Housekeeping available from 2:00 AM to 6:00 AM - available at extra cost,Other,16.101461,-65.6863
"Housekeeping available from 2:00 AM to 6:00 AM, Monday to Thursday - available at extra cost",Other,14.322125,-75.30641
"Housekeeping available from 2:00 PM to 4:00 PM, 1 day a week - available at extra cost",Other,34.445923,-54.44333
"Housekeeping available from 2:00 PM to 4:00 PM, 2 days a week - available at extra cost",Other,34.494007,-54.389973
"Housekeeping available from 2:00 PM to 4:30 PM, Friday - available at extra cost",Other,17.252394,-76.60878
"Housekeeping available from 2:00 PM to 5:00 PM, Monday to Friday - available at extra cost",Other,16.85449,-77.21981
"Housekeeping available from 2:30 AM to 6:00 AM, Monday to Thursday - available at extra cost",Other,14.216787,-75.345314
"Housekeeping available from 2:30 AM to 6:30 AM, Monday to Thursday - available at extra cost",Other,14.118726,-75.37145
"Housekeeping available from 2:30 PM to 6:00 PM, Monday to Friday - available at extra cost",Other,16.57638,-77.23173
"Housekeeping available from 2:30 PM to 6:00 PM, Monday to Thursday - available at extra cost",Other,15.026257,-75.68911
"Housekeeping available from 3:00 PM to 5:00 PM, Monday to Thursday - available at extra cost",Other,15.6122,-75.9404
"Housekeeping available from 7:00 AM to 1:00 PM, Monday to Friday",Other,39.613884,-77.54855
"Housekeeping available from 7:00 AM to 2:00 PM, Wednesday",Other,43.832508,-73.82911
"Housekeeping available from 7:00 AM to 5:00 PM, Monday to Saturday",Other,39.006653,-78.54382
"Housekeeping available from 7:00 AM to 9:00 PM, every day - available at extra cost",Other,23.41256,-56.251316
"Housekeeping available from 7:30 AM to 2:00 PM, Monday, Friday - available at extra cost",Other,15.456928,-78.59086
Housekeeping available from 8:00 AM to 10:00 AM - available at extra cost,Other,17.517473,-64.36403
"Housekeeping available from 8:00 AM to 10:00 AM, 2 days a week - available at extra cost",Other,32.689644,-53.960712
"Housekeeping available from 8:00 AM to 10:00 AM, 5 days a week",Other,32.363686,-38.26211
"Housekeeping available from 8:00 AM to 10:00 AM, every day",Other,25.26923,-41.20532
"Housekeeping available from 8:00 AM to 11:00 AM, Monday, Wednesday, Friday - available at extra cost",Other,13.038288,-79.484406
"Housekeeping available from 8:00 AM to 11:00 AM, every day - available at extra cost",Other,23.435148,-54.588577
Housekeeping available from 8:00 AM to 12:00 PM - available at extra cost,Other,16.814346,-63.761574
"Housekeeping available from 8:00 AM to 12:00 PM, Thursday",Other,44.927147,-75.31981
"Housekeeping available from 8:00 AM to 12:00 PM, Tuesday, Thursday - available at extra cost",Other,11.81865,-74.33005
"Housekeeping available from 8:00 AM to 12:00 PM, every day - available at extra cost",Other,23.11075,-54.48431
"Housekeeping available from 8:00 AM to 2:00 PM, Friday",Other,41.506615,-74.80514
"Housekeeping available from 8:00 AM to 2:00 PM, Saturday to Sunday - available at extra cost",Other,19.684458,-84.04529
"Housekeeping available from 8:00 AM to 2:00 PM, Tuesday",Other,44.328434,-73.18527
"Housekeeping available from 8:00 AM to 2:00 PM, every day - available at extra cost",Other,22.67847,-53.96874
"Housekeeping available from 8:00 AM to 2:30 PM, Monday to Friday - available at extra cost",Other,16.095522,-79.20124
"Housekeeping available from 8:00 AM to 2:30 PM, Monday, Wednesday, Friday - available at extra cost",Other,11.6175165,-78.134476
"Housekeeping available from 8:00 AM to 2:30 PM, Tuesday, Thursday - available at extra cost",Other,11.161558,-74.85382
Housekeeping available from 8:00 AM to 3:00 AM,Other,42.146095,-71.58129
"Housekeeping available from 8:00 AM to 3:00 PM, 1 day a week",Other,31.366568,-39.1438
"Housekeeping available from 8:00 AM to 3:00 PM, 3 days a week - available at extra cost",Other,34.133797,-50.613277
"Housekeeping available from 8:00 AM to 3:00 PM, 4 days a week",Other,34.504738,-39.516964
"Housekeeping available from 8:00 AM to 3:00 PM, 6 days a week",Other,34.42233,-39.255943
"Housekeeping available from 8:00 AM to 3:00 PM, Monday, Thursday",Other,44.29712,-77.29848
"Housekeeping available from 8:00 AM to 3:00 PM, Monday, Wednesday, Friday - available at extra cost",Other,12.482909,-78.586296
"Housekeeping available from 8:00 AM to 3:00 PM, Sunday to Saturday - available at extra cost",Other,19.495478,-83.92447
"Housekeeping available from 8:00 AM to 3:00 PM, Thursday",Other,44.761074,-75.44086
"Housekeeping available from 8:00 AM to 3:00 PM, every day - available at extra cost",Other,22.099407,-54.08367
"Housekeeping available from 8:00 AM to 3:30 AM, Monday, Thursday - available at extra cost",Other,11.030903,-76.10118
"Housekeeping available from 8:00 AM to 4:00 AM, every day - available at extra cost",Other,22.916418,-53.686443
Housekeeping available from 8:00 AM to 4:00 PM,Other,42.175632,-71.57857
Housekeeping available from 8:00 AM to 4:00 PM - available at extra cost,Other,17.380423,-65.29653
"Housekeeping available from 8:00 AM to 4:00 PM, 1 day a week",Other,31.408978,-38.92799
"Housekeeping available from 8:00 AM to 4:00 PM, 6 days a week - available at extra cost",Other,31.527905,-54.312305
"Housekeeping available from 8:00 AM to 4:00 PM, Monday",Other,41.31349,-79.396576
"Housekeeping available from 8:00 AM to 4:00 PM, Monday to Friday",Other,40.44223,-78.219536
"Housekeeping available from 8:00 AM to 4:00 PM, Monday to Friday - available at extra cost",Other,16.828527,-79.77476
"Housekeeping available from 8:00 AM to 4:00 PM, Monday, Tuesday, Thursday, Friday - available at extra cost",Other,11.421189,-79.21881
"Housekeeping available from 8:00 AM to 4:00 PM, Monday, Wednesday, Friday - available at extra cost",Other,12.158904,-78.87379
"Housekeeping available from 8:00 AM to 4:00 PM, Wednesday",Other,44.087265,-74.06439
"Housekeeping available from 8:00 AM to 4:00 PM, Wednesday, Saturday",Other,45.154316,-77.94934
"Housekeeping available from 8:00 AM to 4:00 PM, every day",Other,25.112087,-42.224052
"Housekeeping available from 8:00 AM to 4:00 PM, every day - available at extra cost",Other,22.600069,-53.73279
"Housekeeping available from 8:00 AM to 4:30 AM, Monday, Wednesday, Friday, Saturday - available at extra cost",Other,11.367205,-79.63159
"Housekeeping available from 8:00 AM to 4:30 PM, every day - available at extra cost",Other,21.933094,-53.558613
"Housekeeping available from 8:00 AM to 5:00 PM, Monday - available at extra cost",Other,15.84405,-81.34929
"Housekeeping available from 8:00 AM to 5:00 PM, Monday to Friday - available at extra cost",Other,16.938719,-80.12855
"Housekeeping available from 8:00 AM to 5:00 PM, Monday to Saturday",Other,39.158634,-78.71456
"Housekeeping available from 8:00 AM to 5:00 PM, Monday to Saturday - available at extra cost",Other,19.628218,-81.65458
"Housekeeping available from 8:00 AM to 5:00 PM, every day",Other,25.136778,-42.064034
"Housekeeping available from 8:00 AM to 5:00 PM, every day - available at extra cost",Other,22.717402,-54.024376
"Housekeeping available from 8:00 AM to 6:00 PM, every day - available at extra cost",Other,22.498838,-53.16533
"Housekeeping available from 8:00 AM to 6:30 PM, every day - available at extra cost",Other,21.873693,-53.102943
"Housekeeping available from 8:00 AM to 8:00 PM, every day",Other,24.952637,-42.158474
"Housekeeping available from 8:00 AM to 8:00 PM, every day - available at extra cost",Other,23.038507,-53.949944
Housekeeping available from 8:00 AM to 9:00 AM,Other,42.134674,-71.57121
"Housekeeping available from 8:00 AM to 9:00 AM, 1 day a week",Other,31.557163,-38.80444
"Housekeeping available from 8:00 AM to 9:30 AM, Tuesday",Other,44.7768,-72.80188
"Housekeeping available from 8:00 PM to 4:00 PM, Monday to Friday",Other,40.389297,-78.21464
"Housekeeping available from 8:30 AM to 11:00 AM, Tuesday",Other,44.7999,-72.78112
"Housekeeping available from 8:30 AM to 12:30 AM, Thursday",Other,45.586388,-75.32295
Housekeeping available from 8:30 AM to 12:30 PM - available at extra cost,Other,16.482859,-63.650757
"Housekeeping available from 8:30 AM to 2:30 AM, Monday, Wednesday, Friday - available at extra cost",Other,10.9083805,-77.80158
"Housekeeping available from 8:30 AM to 2:30 PM, 3 days a week - available at extra cost",Other,35.19866,-51.775536
"Housekeeping available from 8:30 AM to 2:30 PM, Monday, Thursday - available at extra cost",Other,11.043177,-76.04578
"Housekeeping available from 8:30 AM to 3:00 PM, Monday, Tuesday, Thursday, Friday - available at extra cost",Other,11.061646,-78.76274
"Housekeeping available from 8:30 AM to 3:00 PM, Tuesday to Thursday",Other,45.253513,-76.42651
"Housekeeping available from 8:30 AM to 3:00 PM, every day - available at extra cost",Other,21.347567,-53.787273
"Housekeeping available from 8:30 AM to 3:30 AM, Monday, Thursday - available at extra cost",Other,10.851382,-76.25857
"Housekeeping available from 8:30 AM to 3:30 PM, 3 days a week - available at extra cost",Other,35.189766,-51.50092
"Housekeeping available from 8:30 AM to 3:30 PM, Thursday - available at extra cost",Other,10.915306,-73.21673
"Housekeeping available from 8:30 AM to 3:30 PM, every day",Other,25.703632,-42.926456
"Housekeeping available from 8:30 AM to 4:00 AM, Thursday",Other,45.416286,-75.35107
"Housekeeping available from 8:30 AM to 4:00 PM, 1 day a week - available at extra cost",Other,33.215073,-54.782215
"Housekeeping available from 8:30 AM to 4:00 PM, 2 days a week - available at extra cost",Other,33.72415,-54.445
"Housekeeping available from 8:30 AM to 4:00 PM, Tuesday - available at extra cost",Other,14.094224,-72.41599
"Housekeeping available from 8:30 AM to 4:00 PM, Tuesday, Thursday - available at extra cost",Other,10.9332905,-74.89196
"Housekeeping available from 8:30 AM to 4:00 PM, every day",Other,25.313606,-42.643932
"Housekeeping available from 8:30 AM to 4:00 PM, every day - available at extra cost",Other,21.812092,-53.498276
"Housekeeping available from 8:30 AM to 4:30 PM, 3 days a week",Other,35.11236,-40.325516
"Housekeeping available from 8:30 AM to 4:30 PM, Monday to Friday - available at extra cost",Other,15.7415285,-79.47327
"Housekeeping available from 8:30 AM to 4:30 PM, Tuesday, Thursday - available at extra cost",Other,10.772664,-75.03509
"Housekeeping available from 8:30 AM to 4:30 PM, every day",Other,25.420391,-42.87678
"Housekeeping available from 8:30 AM to 5:00 PM, 5 days a week - available at extra cost",Other,30.885155,-53.56447
"Housekeeping available from 8:30 AM to 5:30 PM, every day - available at extra cost",Other,20.766891,-53.359898
"Housekeeping available from 8:30 AM to 6:30 PM, every day - available at extra cost",Other,21.158163,-53.099316
"Housekeeping available from 9:00 AM to 10:00 AM, Friday",Other,40.455704,-75.215645
"Housekeeping available from 9:00 AM to 10:00 AM, every day",Other,25.715277,-40.838314
"Housekeeping available from 9:00 AM to 11:00 AM, Friday",Other,40.439625,-75.12923
"Housekeeping available from 9:00 AM to 11:00 AM, Tuesday - available at extra cost",Other,15.140855,-71.754005
"Housekeeping available from 9:00 AM to 11:00 AM, Tuesday, Friday - available at extra cost",Other,19.516119,-78.10021
"Housekeeping available from 9:00 AM to 11:30 AM, Monday to Saturday",Other,39.637768,-79.54309
"Housekeeping available from 9:00 AM to 12:00 AM, every day",Other,26.486656,-40.70524
"Housekeeping available from 9:00 AM to 12:00 AM, every day - available at extra cost",Other,22.623108,-57.217564
Housekeeping available from 9:00 AM to 12:00 PM,Other,41.868538,-71.89254
"Housekeeping available from 9:00 AM to 12:00 PM, 1 day a week",Other,31.146147,-40.13791
"Housekeeping available from 9:00 AM to 12:00 PM, Monday to Friday",Other,40.050503,-77.558266
"Housekeeping available from 9:00 AM to 12:00 PM, Monday to Friday - available at extra cost",Other,18.674732,-78.78305
"Housekeeping available from 9:00 AM to 12:00 PM, Monday, Thursday",Other,43.99437,-77.428246
"Housekeeping available from 9:00 AM to 12:00 PM, Monday, Wednesday, Friday - available at extra cost",Other,13.187789,-78.79539
"Housekeeping available from 9:00 AM to 12:00 PM, Sunday, Wednesday, Friday, Saturday",Other,43.367676,-79.225685
"Housekeeping available from 9:00 AM to 12:00 PM, Tuesday, Thursday - available at extra cost",Other,11.954749,-74.272514
"Housekeeping available from 9:00 AM to 12:00 PM, every day",Other,26.581095,-40.92976
"Housekeeping available from 9:00 AM to 12:00 PM, every day - available at extra cost",Other,22.559326,-57.143684
"Housekeeping available from 9:00 AM to 12:30 AM, Thursday",Other,45.315224,-75.3196
"Housekeeping available from 9:00 AM to 12:30 PM, Thursday - available at extra cost",Other,11.508198,-72.92504
"Housekeeping available from 9:00 AM to 1:00 AM, Saturday - available at extra cost",Other,20.93141,-82.031876
"Housekeeping available from 9:00 AM to 1:00 PM, 3 days a week - available at extra cost",Other,33.12863,-51.161083
"Housekeeping available from 9:00 AM to 1:00 PM, 6 days a week",Other,33.56265,-39.050705
"Housekeeping available from 9:00 AM to 1:00 PM, Monday - available at extra cost",Other,15.822679,-81.378105
"Housekeeping available from 9:00 AM to 1:00 PM, Monday to Friday",Other,40.243156,-77.56268
"Housekeeping available from 9:00 AM to 1:00 PM, Monday to Friday - available at extra cost",Other,18.29535,-79.07534
"Housekeeping available from 9:00 AM to 1:00 PM, Monday, Friday",Other,41.384094,-77.52283
"Housekeeping available from 9:00 AM to 1:00 PM, Monday, Thursday - available at extra cost",Other,12.549757,-76.156265
"Housekeeping available from 9:00 AM to 1:00 PM, Thursday",Other,44.549217,-75.48813
"Housekeeping available from 9:00 AM to 1:00 PM, Thursday - available at extra cost",Other,11.615444,-72.62061
"Housekeeping available from 9:00 AM to 1:00 PM, every day - available at extra cost",Other,21.907005,-56.262383
"Housekeeping available from 9:00 AM to 1:30 PM, 6 days a week",Other,33.56632,-39.146168
"Housekeeping available from 9:00 AM to 1:30 PM, Monday, Thursday",Other,44.05458,-77.39892
"Housekeeping available from 9:00 AM to 2:00 AM, Saturday",Other,39.92428,-74.740555
"Housekeeping available from 9:00 AM to 2:00 AM, Wednesday - available at extra cost",Other,13.398638,-71.160324
"Housekeeping available from 9:00 AM to 2:00 PM, 1 day a week",Other,31.772694,-40.079563
"Housekeeping available from 9:00 AM to 2:00 PM, 1 day a week - available at extra cost",Other,32.329678,-52.569542
"Housekeeping available from 9:00 AM to 2:00 PM, 2 days a week - available at extra cost",Other,33.889835,-53.16779
"Housekeeping available from 9:00 AM to 2:00 PM, 3 days a week",Other,33.441113,-40.539665
"Housekeeping available from 9:00 AM to 2:00 PM, Monday to Friday",Other,40.240314,-77.53092
"Housekeeping available from 9:00 AM to 2:00 PM, Monday to Friday - available at extra cost",Other,17.929594,-79.183846
"Housekeeping available from 9:00 AM to 2:00 PM, Monday, Wednesday, Friday - available at extra cost",Other,13.216522,-78.41775
"Housekeeping available from 9:00 AM to 2:00 PM, every day",Other,26.21532,-41.484856
"Housekeeping available from 9:00 AM to 2:00 PM, every day - available at extra cost",Other,21.51787,-56.232536
"Housekeeping available from 9:00 AM to 2:30 PM, 5 days a week - available at extra cost",Other,32.646347,-52.918568
"Housekeeping available from 9:00 AM to 2:30 PM, Friday",Other,41.22964,-74.92906
"Housekeeping available from 9:00 AM to 2:30 PM, Monday, Thursday - available at extra cost",Other,12.111308,-75.98188
"Housekeeping available from 9:00 AM to 2:30 PM, Thursday",Other,44.7154,-75.484764
"Housekeeping available from 9:00 AM to 3:00 AM, 1 day a week - available at extra cost",Other,32.237865,-51.361942
"Housekeeping available from 9:00 AM to 3:00 AM, 2 days a week",Other,33.341564,-40.412918
"Housekeeping available from 9:00 AM to 3:00 AM, 3 days a week - available at extra cost",Other,33.17167,-50.604652
"Housekeeping available from 9:00 AM to 3:00 AM, Monday to Friday - available at extra cost",Other,18.67296,-79.74882
"Housekeeping available from 9:00 AM to 3:00 AM, Tuesday, Thursday - available at extra cost",Other,11.145436,-74.10459
"Housekeeping available from 9:00 AM to 3:00 AM, every day - available at extra cost",Other,20.899035,-56.122734
Housekeeping available from 9:00 AM to 3:00 PM - available at extra cost,Other,16.886692,-64.701614
"Housekeeping available from 9:00 AM to 3:00 PM, 1 day a week - available at extra cost",Other,32.376026,-51.6552
"Housekeeping available from 9:00 AM to 3:00 PM, 2 days a week - available at extra cost",Other,33.549896,-51.852222
"Housekeeping available from 9:00 AM to 3:00 PM, 3 days a week - available at extra cost",Other,33.472855,-50.810825
"Housekeeping available from 9:00 AM to 3:00 PM, Friday",Other,41.021755,-74.99302
"Housekeeping available from 9:00 AM to 3:00 PM, Monday to Friday - available at extra cost",Other,18.467276,-79.49683
"Housekeeping available from 9:00 AM to 3:00 PM, Monday to Saturday - available at extra cost",Other,18.97712,-82.058365
"Housekeeping available from 9:00 AM to 3:00 PM, Monday, Friday",Other,41.525608,-77.575905
"Housekeeping available from 9:00 AM to 3:00 PM, Monday, Friday - available at extra cost",Other,18.437637,-79.47755
"Housekeeping available from 9:00 AM to 3:00 PM, Monday, Thursday, Saturday",Other,43.82261,-78.51679
"Housekeeping available from 9:00 AM to 3:00 PM, Monday, Tuesday, Thursday",Other,43.792103,-77.97078
"Housekeeping available from 9:00 AM to 3:00 PM, Monday, Wednesday - available at extra cost",Other,13.632297,-77.57611
"Housekeeping available from 9:00 AM to 3:00 PM, Monday, Wednesday, Friday",Other,42.824146,-78.03867
"Housekeeping available from 9:00 AM to 3:00 PM, Monday, Wednesday, Friday - available at extra cost",Other,13.106303,-78.438286
"Housekeeping available from 9:00 AM to 3:00 PM, Saturday to Sunday - available at extra cost",Other,19.48243,-83.527466
"Housekeeping available from 9:00 AM to 3:00 PM, Tuesday, Thursday",Other,44.44889,-76.90074
"Housekeeping available from 9:00 AM to 3:00 PM, Wednesday - available at extra cost",Other,13.163853,-71.15032
"Housekeeping available from 9:00 AM to 3:00 PM, every day - available at extra cost",Other,20.844448,-56.01316
"Housekeeping available from 9:00 AM to 3:30 AM, Friday",Other,40.763306,-74.75036
Housekeeping available from 9:00 AM to 3:30 PM,Other,41.964912,-71.80834
"Housekeeping available from 9:00 AM to 3:30 PM, 3 days a week - available at extra cost",Other,33.965294,-50.975746
"Housekeeping available from 9:00 AM to 3:30 PM, 5 days a week",Other,34.071896,-40.66983
"Housekeeping available from 9:00 AM to 3:30 PM, Monday, Wednesday, Friday - available at extra cost",Other,12.4010515,-78.239975
"Housekeeping available from 9:00 AM to 3:30 PM, Sunday to Saturday - available at extra cost",Other,19.085817,-83.59265
"Housekeeping available from 9:00 AM to 3:30 PM, Thursday, Saturday - available at extra cost",Other,9.551602,-75.5211
"Housekeeping available from 9:00 AM to 3:30 PM, every day",Other,26.427296,-42.187737
"Housekeeping available from 9:00 AM to 3:30 PM, every day - available at extra cost",Other,20.220432,-55.427597
"Housekeeping available from 9:00 AM to 4:00 AM, 1 day a week",Other,32.00929,-39.067257
"Housekeeping available from 9:00 AM to 4:00 AM, 1 day a week - available at extra cost",Other,31.613699,-52.285294
"Housekeeping available from 9:00 AM to 4:00 AM, 3 days a week - available at extra cost",Other,32.681473,-50.843033
"Housekeeping available from 9:00 AM to 4:00 AM, every day",Other,25.603964,-41.132004
"Housekeeping available from 9:00 AM to 4:00 AM, every day - available at extra cost",Other,22.057705,-55.809814
Housekeeping available from 9:00 AM to 4:00 PM - available at extra cost,Other,17.329058,-65.19623
"Housekeeping available from 9:00 AM to 4:00 PM, 1 day a week - available at extra cost",Other,31.766945,-52.49205
"Housekeeping available from 9:00 AM to 4:00 PM, 2 days a week",Other,32.80041,-39.892925
"Housekeeping available from 9:00 AM to 4:00 PM, 2 days a week - available at extra cost",Other,33.5744,-53.588154
"Housekeeping available from 9:00 AM to 4:00 PM, 3 days a week",Other,33.584484,-40.145103
"Housekeeping available from 9:00 AM to 4:00 PM, 3 days a week - available at extra cost",Other,33.008533,-51.094498
"Housekeeping available from 9:00 AM to 4:00 PM, 5 days a week",Other,33.044735,-38.912365
"Housekeeping available from 9:00 AM to 4:00 PM, 5 days a week - available at extra cost",Other,31.329239,-53.21512
"Housekeeping available from 9:00 AM to 4:00 PM, 6 days a week",Other,33.544403,-38.89146
"Housekeeping available from 9:00 AM to 4:00 PM, Monday to Friday",Other,40.3341,-77.878456
"Housekeeping available from 9:00 AM to 4:00 PM, Monday to Friday - available at extra cost",Other,17.591658,-79.33526
"Housekeeping available from 9:00 AM to 4:00 PM, Monday to Saturday",Other,39.649994,-78.574585
"Housekeeping available from 9:00 AM to 4:00 PM, Monday to Saturday - available at extra cost",Other,19.312378,-82.10871
"Housekeeping available from 9:00 AM to 4:00 PM, Monday, Thursday - available at extra cost",Other,12.447112,-76.20799
"Housekeeping available from 9:00 AM to 4:00 PM, Monday, Tuesday, Wednesday, Friday, Saturday - available at extra cost",Other,11.5802145,-79.73509
"Housekeeping available from 9:00 AM to 4:00 PM, Monday, Wednesday, Friday",Other,42.784172,-77.975746
"Housekeeping available from 9:00 AM to 4:00 PM, Monday, Wednesday, Friday - available at extra cost",Other,12.883734,-78.62127
"Housekeeping available from 9:00 AM to 4:00 PM, Saturday to Sunday - available at extra cost",Other,19.731989,-83.42154
"Housekeeping available from 9:00 AM to 4:00 PM, Sunday, Wednesday - available at extra cost",Other,13.708797,-77.036896
"Housekeeping available from 9:00 AM to 4:00 PM, Thursday - available at extra cost",Other,11.540562,-72.6491
"Housekeeping available from 9:00 AM to 4:00 PM, Tuesday to Friday - available at extra cost",Other,17.245848,-79.09803
"Housekeeping available from 9:00 AM to 4:00 PM, Tuesday, Friday",Other,42.010735,-76.9962
"Housekeeping available from 9:00 AM to 4:00 PM, Tuesday, Thursday",Other,44.475597,-76.829956
"Housekeeping available from 9:00 AM to 4:00 PM, Wednesday",Other,43.849174,-74.26495
"Housekeeping available from 9:00 AM to 4:00 PM, Wednesday - available at extra cost",Other,13.060855,-71.44289
"Housekeeping available from 9:00 AM to 4:00 PM, every day",Other,25.776363,-41.420216
"Housekeeping available from 9:00 AM to 4:00 PM, every day - available at extra cost",Other,21.937017,-55.72074
"Housekeeping available from 9:00 AM to 4:30 AM, 1 day a week",Other,32.084988,-39.01343
"Housekeeping available from 9:00 AM to 4:30 AM, 2 days a week",Other,32.668686,-39.44253
"Housekeeping available from 9:00 AM to 4:30 AM, 5 days a week",Other,32.824223,-38.71741
"Housekeeping available from 9:00 AM to 4:30 AM, Wednesday to Thursday - available at extra cost",Other,10.634697,-73.88835
"Housekeeping available from 9:00 AM to 4:30 PM, Thursday",Other,44.861076,-75.548645
"Housekeeping available from 9:00 AM to 4:30 PM, every day - available at extra cost",Other,21.222551,-55.015957
"Housekeeping available from 9:00 AM to 5:00 AM, Monday to Saturday - available at extra cost",Other,19.688448,-81.87715
"Housekeeping available from 9:00 AM to 5:00 AM, every day - available at extra cost",Other,22.40649,-56.4985
Housekeeping available from 9:00 AM to 5:00 PM - available at extra cost,Other,17.516424,-64.74488
"Housekeeping available from 9:00 AM to 5:00 PM, 1 day a week",Other,31.799389,-39.75792
"Housekeeping available from 9:00 AM to 5:00 PM, 1 day a week - available at extra cost",Other,31.56334,-52.59604
"Housekeeping available from 9:00 AM to 5:00 PM, 2 days a week",Other,32.739716,-40.074623
"Housekeeping available from 9:00 AM to 5:00 PM, 3 days a week",Other,33.843414,-40.570522
"Housekeeping available from 9:00 AM to 5:00 PM, 3 days a week - available at extra cost",Other,33.354374,-51.10938
"Housekeeping available from 9:00 AM to 5:00 PM, 5 days a week - available at extra cost",Other,31.067192,-53.1058
"Housekeeping available from 9:00 AM to 5:00 PM, 6 days a week",Other,33.59123,-38.894833
"Housekeeping available from 9:00 AM to 5:00 PM, Monday to Friday",Other,39.86947,-77.89
"Housekeeping available from 9:00 AM to 5:00 PM, Monday to Saturday",Other,39.30908,-78.67231
"Housekeeping available from 9:00 AM to 5:00 PM, Monday, Wednesday, Friday - available at extra cost",Other,13.399168,-78.784485
"Housekeeping available from 9:00 AM to 5:00 PM, Saturday - available at extra cost",Other,20.783978,-82.07813
"Housekeeping available from 9:00 AM to 5:00 PM, every day",Other,25.813187,-41.572533
"Housekeeping available from 9:00 AM to 5:00 PM, every day - available at extra cost",Other,22.369255,-56.356434
"Housekeeping available from 9:00 AM to 5:30 PM, Wednesday",Other,43.560085,-74.149765
"Housekeeping available from 9:00 AM to 5:30 PM, every day - available at extra cost",Other,20.967474,-54.9788
"Housekeeping available from 9:00 AM to 6:00 PM, Monday to Saturday - available at extra cost",Other,19.445007,-81.87998
"Housekeeping available from 9:00 AM to 6:00 PM, every day - available at extra cost",Other,22.97312,-55.917778
"Housekeeping available from 9:00 AM to 7:00 PM, 3 days a week",Other,33.945854,-40.27345
"Housekeeping available from 9:00 AM to 7:00 PM, every day - available at extra cost",Other,23.365492,-56.251
"Housekeeping available from 9:00 AM to 8:00 AM, every day - available at extra cost",Other,23.349493,-54.905712
"Housekeeping available from 9:00 PM to 3:30 PM, every day",Other,26.540125,-42.327168
"Housekeeping available from 9:30 AM to 10:30 AM, Monday - available at extra cost",Other,15.866809,-82.16983
"Housekeeping available from 9:30 AM to 12:00 PM, every day",Other,26.661943,-41.206852
"Housekeeping available from 9:30 AM to 12:30 PM, every day - available at extra cost",Other,20.077127,-54.24292
"Housekeeping available from 9:30 AM to 1:30 PM, Tuesday, Friday",Other,42.64525,-77.090256
"Housekeeping available from 9:30 AM to 2:00 PM, Monday to Friday - available at extra cost",Other,16.385504,-78.970894
"Housekeeping available from 9:30 AM to 2:00 PM, Tuesday - available at extra cost",Other,14.345894,-71.924416
"Housekeeping available from 9:30 AM to 2:30 AM, Monday to Saturday - available at extra cost",Other,17.498465,-82.94437
"Housekeeping available from 9:30 AM to 2:30 AM, every day - available at extra cost",Other,19.249569,-54.34488
Housekeeping available from 9:30 AM to 2:30 PM - available at extra cost,Other,15.99269,-64.576904
"Housekeeping available from 9:30 AM to 2:30 PM, 2 days a week - available at extra cost",Other,34.671265,-53.023632
"Housekeeping available from 9:30 AM to 2:30 PM, Monday",Other,41.087376,-79.96936
"Housekeeping available from 9:30 AM to 2:30 PM, Monday to Friday - available at extra cost",Other,16.086826,-79.07129
"Housekeeping available from 9:30 AM to 2:30 PM, Monday, Wednesday, Friday - available at extra cost",Other,11.245489,-77.89879
"Housekeeping available from 9:30 AM to 2:30 PM, every day - available at extra cost",Other,19.693596,-54.460308
"Housekeeping available from 9:30 AM to 3:00 AM, Tuesday, Thursday - available at extra cost",Other,10.969636,-74.245575
"Housekeeping available from 9:30 AM to 3:00 PM, 5 days a week - available at extra cost",Other,33.882233,-51.361523
"Housekeeping available from 9:30 AM to 3:00 PM, Monday to Saturday - available at extra cost",Other,18.212809,-82.62274
"Housekeeping available from 9:30 AM to 3:00 PM, every day",Other,26.39828,-42.261517
"Housekeeping available from 9:30 AM to 3:00 PM, every day - available at extra cost",Other,20.155209,-55.232346
"Housekeeping available from 9:30 AM to 3:30 AM, Monday to Saturday",Other,39.836407,-79.94231
"Housekeeping available from 9:30 AM to 3:30 AM, Monday to Saturday - available at extra cost",Other,17.576962,-82.89323
"Housekeeping available from 9:30 AM to 3:30 PM, 2 days a week - available at extra cost",Other,34.84125,-52.304646
"Housekeeping available from 9:30 AM to 3:30 PM, 3 days a week",Other,34.788574,-40.868336
"Housekeeping available from 9:30 AM to 3:30 PM, 6 days a week - available at extra cost",Other,34.79971,-51.39846
"Housekeeping available from 9:30 AM to 3:30 PM, Monday to Saturday",Other,39.939716,-79.84839
"Housekeeping available from 9:30 AM to 3:30 PM, Monday to Saturday - available at extra cost",Other,17.756199,-82.82139
"Housekeeping available from 9:30 AM to 3:30 PM, every day - available at extra cost",Other,19.79139,-54.822865
"Housekeeping available from 9:30 AM to 4:00 AM, Monday to Saturday - available at extra cost",Other,18.497639,-82.71482
"Housekeeping available from 9:30 AM to 4:00 PM, 2 days a week - available at extra cost",Other,33.959225,-53.6932
"Housekeeping available from 9:30 AM to 4:00 PM, Monday to Friday",Other,40.57719,-78.49078
"Housekeeping available from 9:30 AM to 4:00 PM, Monday, Wednesday, Thursday, Friday - available at extra cost",Other,11.029123,-78.67327
"Housekeeping available from 9:30 AM to 4:00 PM, Tuesday to Wednesday - available at extra cost",Other,13.375782,-72.87063
"Housekeeping available from 9:30 AM to 4:30 PM, Monday to Friday",Other,40.5962,-78.8768
"Housekeeping available from 9:30 AM to 4:30 PM, Wednesday - available at extra cost",Other,12.783271,-71.85317
"Housekeeping available from 9:30 AM to 4:30 PM, every day - available at extra cost",Other,20.409021,-54.29552
"Housekeeping available from 9:30 AM to 5:00 PM, 3 days a week",Other,34.32074,-40.755917
"Housekeeping available from 9:30 AM to 5:30 PM, every day - available at extra cost",Other,20.209782,-54.199192
Husky Fridge  refrigerator,Kitchen/Dining,1.7156988,7.108993
Hybrid Bluetooth sound system,Entertainment/Tech,-43.371807,54.682186
I only supply animal cruelty free and vegan body wash.  body soap,Bathroom/Bedroom,-3.0391817,77.714775
IKEA  stainless steel induction stove,Kitchen/Dining,70.25819,-15.656215
ILVE stainless steel gas stove,Kitchen/Dining,54.485813,-14.873997
IRIS OHYAMA refrigerator,Kitchen/Dining,5.264477,3.0678697
Ice machine,Climate Control,-0.7043417,2.4337924
If you need this please tell me and I will supply body soap,Bathroom/Bedroom,4.8831663,63.163097
Ilve  double oven,Kitchen/Dining,40.689545,3.3039505
Ilve Electric stainless steel oven,Kitchen/Dining,43.912994,-4.510799
Ilve stainless steel gas stove,Kitchen/Dining,54.486675,-14.874186
Ilve stainless steel oven,Kitchen/Dining,43.917015,-4.5139413
Imagine body soap,Bathroom/Bedroom,5.549496,65.525826
Imagine conditioner,Other,29.492174,24.624754
Imagine shampoo,Bathroom/Bedroom,35.808376,55.42334
In house  shampoo,Bathroom/Bedroom,39.947746,56.05237
In house brand! conditioner,Other,23.124191,26.255243
Incense refrigerator,Kitchen/Dining,3.8813066,8.152244
Indoor bar,Other,10.578669,-16.70017
Indoor fireplace,Climate Control,28.816214,-25.71411
Indoor fireplace: electric,Climate Control,29.1126,-25.909523
"Indoor fireplace: electric, gas",Climate Control,29.16076,-26.17099
"Indoor fireplace: electric, pellet stove",Kitchen/Dining,29.807114,-25.70878
"Indoor fireplace: electric, wood-burning",Climate Control,28.608088,-25.990564
Indoor fireplace: ethanol,Climate Control,29.225946,-26.950089
"Indoor fireplace: ethanol, gas",Climate Control,29.221584,-26.897154
Indoor fireplace: gas,Climate Control,29.127213,-26.367527
"Indoor fireplace: gas, pellet stove",Kitchen/Dining,29.731846,-25.838966
"Indoor fireplace: gas, wood-burning",Climate Control,28.562796,-26.17457
Indoor fireplace: pellet stove,Kitchen/Dining,29.861805,-25.67505
"Indoor fireplace: pellet stove, wood-burning",Kitchen/Dining,29.515942,-25.702625
Indoor fireplace: wood-burning,Climate Control,28.406246,-25.982815
Indoor pool,Facilities/Outdoors,5.158977,-37.62191
Indoor wine bar,Other,11.464334,-16.968513
Induction  induction stove,Kitchen/Dining,72.15325,-18.017622
Induction (Yuppi chef); Airfryer  induction stove,Kitchen/Dining,73.49025,-16.556032
Induction 1 electric stove,Kitchen/Dining,72.09013,-18.997583
Induction Cooker induction stove,Kitchen/Dining,72.786,-18.086115
Induction Sunbeam cooking plate induction stove,Kitchen/Dining,74.6002,-19.106415
Induction cooker  stove,Kitchen/Dining,72.71014,-18.055296
Induction cooker induction stove,Kitchen/Dining,72.786,-18.086115
Induction hob stove,Kitchen/Dining,72.264435,-12.960084
Induction induction stove,Kitchen/Dining,72.15325,-18.017622
Induction plate   induction stove,Kitchen/Dining,73.476006,-19.794975
Induction plate induction stove,Kitchen/Dining,73.476006,-19.794975
Induction plate only induction stove,Kitchen/Dining,73.66757,-20.092173
Induction plate stove,Kitchen/Dining,73.44501,-19.890564
Induction stove,Kitchen/Dining,71.819176,-17.848782
Induction stove induction stove,Kitchen/Dining,72.31753,-18.093012
Induction two-plate stove,Kitchen/Dining,72.87621,-20.835125
Insense refrigerator,Kitchen/Dining,-0.56804585,0.017713578
Instant Airfryer single oven,Kitchen/Dining,28.474941,-4.025633
Integrated Whirlpool refrigerator,Kitchen/Dining,7.279923,16.79518
Integrated refrigerator,Kitchen/Dining,6.2646184,13.507304
Intermarket  body soap,Bathroom/Bedroom,0.43380934,59.455414
Intermarket Guest Amenities body soap,Bathroom/Bedroom,-2.9220865,53.09303
Intermarket Guest Amenities conditioner,Other,18.983328,23.00746
Intermarket body soap,Bathroom/Bedroom,0.43377098,59.45408
Intermarket conditioner,Other,26.161694,24.204727
Intermarket shampoo,Bathroom/Bedroom,41.332798,54.113968
Intermarket square soaps body soap,Bathroom/Bedroom,0.35388336,59.169773
Invisacook induction stove,Kitchen/Dining,70.48352,-18.226881
Iron,Laundry/Closet,39.631046,-21.481028
Ironing board,Laundry/Closet,39.637447,-21.48108
Iwori - Beauty without Cruelty shampoo,Bathroom/Bedroom,43.747692,43.716404
I’ll check what my wife allows  shampoo,Bathroom/Bedroom,38.140015,54.078693
JBL  Bluetooth sound system,Entertainment/Tech,-46.18026,62.76858
JBL (Harman)  Bluetooth sound system,Entertainment/Tech,-46.663204,62.633358
JBL (small portable speaker) Bluetooth sound system,Entertainment/Tech,-46.59971,61.400814
JBL 300  Bluetooth sound system,Entertainment/Tech,-46.277016,63.189365
JBL Blue tooth speaker  Bluetooth sound system,Entertainment/Tech,-45.949978,62.156555
JBL Bluetooth sound system,Entertainment/Tech,-46.18122,62.76921
JBL Boombox 2x/each room JBL colour Bluetooth sound system,Entertainment/Tech,-47.654423,63.37465
JBL Charge 3 Bluetooth sound system,Entertainment/Tech,-45.443485,64.425385
JBL Ext 3 Bluetooth sound system,Entertainment/Tech,-45.941525,63.530228
JBL Extreme  Bluetooth sound system,Entertainment/Tech,-46.507534,63.414974
JBL Extreme sound system,Entertainment/Tech,-47.07676,64.334755
JBL Flip sound system with Bluetooth and aux,Entertainment/Tech,-43.818012,61.77523
JBL Go Bluetooth sound system,Entertainment/Tech,-46.67857,63.03337
JBL Party Box  Bluetooth sound system,Entertainment/Tech,-47.77089,62.49033
JBL Speaker  Bluetooth sound system,Entertainment/Tech,-46.04963,62.25165
JBL Speaker sound system with Bluetooth and aux,Entertainment/Tech,-44.908894,62.085274
JBL Xtreme  Bluetooth sound system,Entertainment/Tech,-45.793102,63.176167
JBL bluetooth speaker/FM radio sound system with Bluetooth and aux,Entertainment/Tech,-44.57851,62.204376
JBL party box  Bluetooth sound system,Entertainment/Tech,-47.77089,62.49033
JBL party box 310 Bluetooth sound system,Entertainment/Tech,-47.923103,62.50829
"JBL portable Speaker, available on request Bluetooth sound system",Entertainment/Tech,-46.567665,61.347466
JBL sound Bar Bluetooth sound system,Entertainment/Tech,-45.643738,63.028877
JBL sound system,Entertainment/Tech,-47.014305,64.191376
JBL sound system with Bluetooth and aux,Entertainment/Tech,-44.619423,62.09246
JBL sound system with aux,Entertainment/Tech,-44.360924,61.383785
JBL speaker  Bluetooth sound system,Entertainment/Tech,-46.048523,62.25276
JBL speaker Bluetooth sound system,Entertainment/Tech,-46.04963,62.25165
JBL speaker sound system with Bluetooth and aux,Entertainment/Tech,-44.90899,62.08709
JCL speaker Bluetooth sound system,Entertainment/Tech,-45.792175,61.19123
JONK Natural Handcrafted Soap body soap,Bathroom/Bedroom,0.3198462,70.634155
JQL sound system with Bluetooth and aux,Entertainment/Tech,-43.990433,62.56427
JVC Bluetooth sound system,Entertainment/Tech,-43.2556,63.995377
JVC external Speaker Bluetooth sound system,Entertainment/Tech,-43.256187,63.991756
JVC sound system with Bluetooth and aux,Entertainment/Tech,-43.16421,63.91571
JVC sound system with aux,Entertainment/Tech,-46.09399,41.768047
Jambox  sound system with Bluetooth and aux,Entertainment/Tech,-41.250187,50.40301
Japanese organic brand body soap,Bathroom/Bedroom,-2.1330714,75.03274
Jbl Bluetooth sound system,Entertainment/Tech,-46.18122,62.76921
Jbl Flip3 & LP Record player sound system with Bluetooth and aux,Entertainment/Tech,-43.47662,61.643833
Jbl charge 4 Bluetooth sound system,Entertainment/Tech,-45.428364,64.4645
Jbl sound system with Bluetooth and aux,Entertainment/Tech,-44.619072,62.092194
Johnson &Johnson shower soap body soap,Bathroom/Bedroom,-0.085985176,50.52906
Johnson and Johnson  body soap,Bathroom/Bedroom,-0.067581445,50.53741
JukeBox Bluetooth sound system,Entertainment/Tech,-48.548862,61.909367
Just Lynne  body soap,Bathroom/Bedroom,-1.7236856,40.016735
Just Lynne body soap,Bathroom/Bedroom,-1.7236856,40.016735
K.I.C refrigerator,Kitchen/Dining,2.766592,2.1264033
K.I.C. refrigerator,Kitchen/Dining,2.7686641,2.1145399
KFC refrigerator,Kitchen/Dining,1.3231161,6.664995
KIC  double door refrigerator,Kitchen/Dining,-2.8550382,16.741005
KIC  refrigerator,Kitchen/Dining,-0.55900335,16.845263
KIC - Top fridge and bottom freezer refrigerator,Kitchen/Dining,-1.4648519,15.910863
KIC - full-size refrigerator,Kitchen/Dining,-0.94796884,16.90825
KIC Top freezer/bottom fridge refrigerator,Kitchen/Dining,-1.4144809,15.932311
KIC electric stove,Kitchen/Dining,58.395515,-10.502506
"KIC fridge top, freezer below with separate doors.  refrigerator",Kitchen/Dining,-1.6761109,15.807817
KIC fridge/freezer refrigerator,Kitchen/Dining,-0.97616357,16.351677
KIC full size fridge with Freezer section below refrigerator,Kitchen/Dining,-1.5649891,16.141354
KIC oven,Kitchen/Dining,43.433075,-9.693853
KIC refrigerator,Kitchen/Dining,-0.55900335,16.845263
KIC single oven,Kitchen/Dining,43.4291,-9.77907
KIC stainless steel electric stove,Kitchen/Dining,58.32645,-10.582859
KIC stainless steel oven,Kitchen/Dining,43.50178,-9.299972
Kalahari  shampoo,Bathroom/Bedroom,28.449781,53.631992
Kalahari body soap,Bathroom/Bedroom,11.086673,76.71374
Kalahari conditioner,Other,29.479652,31.553043
Kalahari shampoo,Bathroom/Bedroom,28.450611,53.631092
Kalyan Natural cleansing Bar body soap,Bathroom/Bedroom,1.7620035,72.68397
Kambrook AIRFRYER single oven,Kitchen/Dining,29.169792,-3.4738488
Karma conditioner,Other,31.956415,18.53343
Karma shampoo,Bathroom/Bedroom,31.107895,53.67872
Karoo Lavender body soap,Bathroom/Bedroom,2.015586,71.45017
Karoo Lavender conditioner,Other,30.490273,38.89154
Karoo Lavender shampoo,Bathroom/Bedroom,30.495682,38.992744
Kat Kult body soap,Bathroom/Bedroom,23.058643,41.750927
Kat Kult conditioner,Other,23.158192,41.502594
Kat Kult shampoo,Bathroom/Bedroom,23.09416,41.692616
Kayak,Other,3.9926763,-27.465578
Kci refrigerator,Kitchen/Dining,0.22248322,17.048208
Kec refrigerator,Kitchen/Dining,0.7347851,16.689438
Keff sound system,Entertainment/Tech,-35.83245,40.30564
Kelvernator refrigerator,Kitchen/Dining,1.1077708,16.588404
Kelvin refrigerator,Kitchen/Dining,2.2090282,9.716087
Kelvinator electric convection oven  stainless steel single oven,Kitchen/Dining,43.723225,-13.750943
Kelvinator electric stove,Kitchen/Dining,45.48218,-14.99817
Kelvinator oven,Kitchen/Dining,43.948914,-13.874302
Kelvinator refrigerator,Kitchen/Dining,2.2318907,9.742319
Kelvinator single oven,Kitchen/Dining,43.83833,-13.793772
Kelvinator stainless steel electric stove,Kitchen/Dining,45.587914,-14.949006
Kelvinator stainless steel gas stove,Kitchen/Dining,45.677147,-14.968224
Kelvinator stainless steel oven,Kitchen/Dining,44.03511,-13.875508
Kelvinator stainless steel single oven,Kitchen/Dining,43.906044,-13.799728
Kelvinator stainless steel stove,Kitchen/Dining,45.554592,-14.927269
Kelvinator stove,Kitchen/Dining,45.440037,-14.968247
Kenwood Air Fryer Oven stainless steel single oven,Kitchen/Dining,28.896282,-0.14575748
Kenwood Air Fryer oven,Kitchen/Dining,28.26107,-0.3238421
Kenwood airfryer oven oven,Kitchen/Dining,28.40335,-0.17402568
Kenwood induction stove,Kitchen/Dining,71.27626,-16.732851
Kenwood multifunctional airfryer & oven single oven,Kitchen/Dining,28.545914,-0.08201771
Kenwood oven/airfryer stainless steel single oven,Kitchen/Dining,29.06705,0.0051358296
Kerastase  conditioner,Other,31.738384,22.159153
Keypad,Other,5.0245667,-17.563744
KiC refrigerator,Kitchen/Dining,-0.5590382,16.84535
Kic refrigerator,Kitchen/Dining,-0.55900335,16.845263
Kic stainless steel oven,Kitchen/Dining,43.501102,-9.300318
Kind Earth body soap,Bathroom/Bedroom,0.8663535,81.09641
Kind Earth conditioner,Other,38.29011,21.769632
Kind Earth shampoo,Bathroom/Bedroom,39.53017,46.57504
Kitchen,Kitchen/Dining,15.62415,-18.300037
Kitchen Chef electric stove,Kitchen/Dining,56.724064,-22.39608
Kitchenette,Kitchen/Dining,15.608366,-18.083004
Klipsch  sound system with Bluetooth and aux,Entertainment/Tech,-42.89723,46.69349
Klipsch sound bar  sound system,Entertainment/Tech,-35.079815,52.232327
Klipsch sound system with aux,Entertainment/Tech,-42.924324,46.171154
Kloovenburg body soap,Kitchen/Dining,5.5538683,69.53176
L G fridge|freezer refrigerator,Kitchen/Dining,-4.838152,10.027362
L G refrigerator,Kitchen/Dining,-5.2472725,9.673134
L'Occitane body soap,Bathroom/Bedroom,12.173236,70.42202
L'Occitane conditioner,Other,32.348804,29.010593
L'Occitane shampoo,Bathroom/Bedroom,25.367971,62.26787
L'Oréal Paris conditioner,Other,32.016483,29.180672
LG  refrigerator,Kitchen/Dining,-5.9495063,10.070572
LG & SAMSUNG refrigerator,Kitchen/Dining,-6.69632,9.799989
LG Bluetooth sound system,Entertainment/Tech,-40.767773,53.779778
LG Double Door refrigerator,Kitchen/Dining,-8.071844,15.672135
LG Large refrigerator,Kitchen/Dining,-6.05117,9.845757
LG Mirror Finish Side By Side Double Door refrigerator,Kitchen/Dining,-8.261383,16.345068
LG SOLARDOME electric stove,Kitchen/Dining,59.909286,-20.277288
LG bar fridge in room for guest refrigerator,Kitchen/Dining,-7.0961733,3.0455513
LG convection  stainless steel oven,Kitchen/Dining,25.667349,-8.343726
LG convection stainless steel oven,Kitchen/Dining,25.667349,-8.343726
LG double door fridge freezer plus water dispenser refrigerator,Kitchen/Dining,-7.6531253,13.027186
LG double door fridge freezer with ice maker and another KIC standard size fridge freezer. refrigerator,Kitchen/Dining,-6.8461027,12.780371
LG double door fridge/freezer with ice/filtered water  refrigerator,Kitchen/Dining,-7.4801545,13.047336
LG electric stove,Kitchen/Dining,59.866535,-20.19269
LG fridge freezer refrigerator,Kitchen/Dining,-5.046668,10.507635
LG frost free refrigerator,Kitchen/Dining,-5.1112638,11.173454
LG gas stove,Kitchen/Dining,59.76882,-20.113867
LG mini fridge freezer refrigerator,Kitchen/Dining,-4.8011727,10.403353
LG oven,Kitchen/Dining,33.58754,-5.270182
LG refrigerator,Kitchen/Dining,-5.9498434,10.070602
LG single door refrigerator,Kitchen/Dining,-7.9145403,15.731814
LG single oven,Kitchen/Dining,33.58685,-5.268467
LG sound bar sound system with Bluetooth and aux,Entertainment/Tech,-37.525898,54.09676
LG sound system,Entertainment/Tech,-38.13615,43.32422
LG sound system with Bluetooth and aux,Entertainment/Tech,-40.189964,50.278244
LG stainless steel electric stove,Kitchen/Dining,60.52792,-18.746239
LG stainless steel gas stove,Kitchen/Dining,60.444218,-18.708529
LG stainless steel induction stove,Kitchen/Dining,69.76072,-14.836973
LG stainless steel oven,Kitchen/Dining,36.540752,-3.20083
LG stainless steel single oven,Kitchen/Dining,36.520554,-3.1700644
LG stove,Kitchen/Dining,59.810085,-20.165504
LG with Ice & Water plumbed in system. refrigerator,Kitchen/Dining,-6.136653,10.911975
LG with freezer refrigerator,Kitchen/Dining,-5.202384,10.634825
LIEBHERR refrigerator,Kitchen/Dining,5.7652893,8.782225
LUX body soap,Bathroom/Bedroom,-11.25278,66.16687
La Canche stainless steel gas stove,Kitchen/Dining,54.562454,-14.110219
La Germania  stainless steel gas stove,Kitchen/Dining,55.70613,-14.243523
La Germania 900 freestanding oven stainless steel oven,Kitchen/Dining,40.67457,-4.297374
LaCanche electric stove,Kitchen/Dining,52.385838,-26.906818
Lacanche gas stove,Kitchen/Dining,52.35612,-26.900969
Lacanche handmade in Burgundy  stove,Kitchen/Dining,52.32902,-26.970644
Lake access,Climate Control,5.459252,-31.191381
Lake view,Facilities/Outdoors,5.697223,-30.792725
Large Fridge &  Freezer  refrigerator,Kitchen/Dining,-2.4297373,8.553722
Large SMEG stove with both electric and gas plates & wide grill plate attatchment stainless steel gas stove,Kitchen/Dining,60.901512,-4.5956864
Laser tag,Other,26.248343,-23.382744
Laundromat nearby,Other,48.558273,53.1533
Le Natural amenities with Cape fynbos ingredients  body soap,Bathroom/Bedroom,7.6518574,52.912407
Le Naturel  conditioner,Other,32.275475,28.98881
Le Naturel amenities with Cape fynbos ingredients conditioner,Other,21.181652,31.005947
Le Naturel body soap,Bathroom/Bedroom,12.143244,70.44731
Le Naturel conditioner,Other,32.275925,28.989447
Le Naturel shampoo,Bathroom/Bedroom,27.458426,49.617065
Le Naturel shampoo with Cape fynbos ingredients shampoo,Bathroom/Bedroom,27.499918,49.711494
Lemon & Verbena Body Wash body soap,Bathroom/Bedroom,-4.955115,69.62067
Lg Bluetooth sound system,Entertainment/Tech,-40.767773,53.779778
Lg and bosch and defy refrigerator,Kitchen/Dining,-4.036832,20.615524
Lg refrigerator,Kitchen/Dining,-5.949694,10.070179
Lieber  refrigerator,Kitchen/Dining,6.5121074,8.129245
Lieber refrigerator,Kitchen/Dining,6.5121074,8.129245
Liebherr  refrigerator,Kitchen/Dining,5.765082,8.781924
Liebherr refrigerator,Kitchen/Dining,5.765088,8.782229
Liebner refrigerator,Kitchen/Dining,6.47489,8.522624
Life size games,Other,4.1407256,-23.68882
Lifebouy body soap,Bathroom/Bedroom,7.072046,65.31137
Liquid  body soap,Bathroom/Bedroom,-0.8384192,68.12465
Liquid Body Soap body soap,Bathroom/Bedroom,-0.8459311,67.80875
Liquid Soap body soap,Bathroom/Bedroom,-1.0695589,67.76917
Liquid and hard body soap,Bathroom/Bedroom,-1.1334103,68.3655
Liquid body soap,Bathroom/Bedroom,-0.8386148,68.124344
Liquid conditioner,Other,28.000797,25.426281
Liquid hand soap body soap,Bathroom/Bedroom,-1.4442629,67.836075
Liquid in dispenser shampoo,Bathroom/Bedroom,25.816902,54.092422
Liquid in dispensor body soap,Bathroom/Bedroom,-1.7077606,68.29736
Liquid soap  body soap,Bathroom/Bedroom,-1.0695539,67.76971
Liquid soap body soap,Bathroom/Bedroom,-1.0697601,67.769325
"Liquid soap, Miss Lynn. body soap",Bathroom/Bedroom,-0.1768572,41.939384
Local  body soap,Bathroom/Bedroom,-4.999367,63.35217
Local  conditioner,Other,28.642164,19.176283
Local  shampoo,Bathroom/Bedroom,40.673912,52.927593
Local Brand body soap,Bathroom/Bedroom,-4.071516,62.553116
Local Brand shampoo,Bathroom/Bedroom,41.236954,53.27203
Local and natural  body soap,Bathroom/Bedroom,-0.7419433,72.73659
Local body soap,Bathroom/Bedroom,-4.9993443,63.352203
Local brand  body soap,Bathroom/Bedroom,-4.070996,62.551556
Local brand  conditioner,Other,22.888018,27.42202
Local brand  shampoo,Bathroom/Bedroom,41.2362,53.27214
Local brand body soap,Bathroom/Bedroom,-4.071433,62.553253
Local brand conditioner,Other,22.88791,27.421947
Local brand shampoo,Bathroom/Bedroom,41.237118,53.27293
Local brands  body soap,Bathroom/Bedroom,-3.9876173,62.42448
Local brands body soap,Bathroom/Bedroom,-3.9876142,62.425285
Local conditioner,Other,28.642178,19.176184
Local deluxe body soap,Bathroom/Bedroom,-4.763599,62.34505
Local oven,Kitchen/Dining,35.999706,-11.420941
Local refrigerator,Kitchen/Dining,2.9387026,4.53453
Local shampoo,Bathroom/Bedroom,40.674004,52.928032
"Local, natural body soap is provided. body soap",Bathroom/Bedroom,-1.059743,72.75103
Locally produced Rooibos bath products. body soap,Bathroom/Bedroom,7.563529,75.44786
Locally sourced body soap,Bathroom/Bedroom,-5.219238,63.430996
Lock on bedroom door,Bathroom/Bedroom,5.4966273,-17.5565
Lockbox,Safety,5.3763533,-17.617329
Lofra gas stove,Kitchen/Dining,52.9361,-19.59283
Lofra stainless steel oven,Kitchen/Dining,42.982594,-5.9991403
Logic sound system with Bluetooth and aux,Entertainment/Tech,-40.625404,47.805683
Logitech  sound system with Bluetooth and aux,Entertainment/Tech,-40.826466,51.255146
Logitech Bluetooth sound system,Entertainment/Tech,-40.828587,51.540268
Long term stays allowed,Other,48.058884,-44.528454
Loreal body soap,Bathroom/Bedroom,7.127281,62.81638
Loreal conditioner,Other,27.120508,18.158968
Loreal shampoo,Bathroom/Bedroom,27.918873,57.379536
Loreale conditioner,Other,27.09089,18.14046
Loreale shampoo,Bathroom/Bedroom,27.894732,57.3809
Lotion conditioner,Other,26.631472,30.321854
Lu body soap,Bathroom/Bedroom,-9.856662,65.7208
Luggage dropoff allowed,Other,-30.971165,-52.274628
Lux  body soap,Bathroom/Bedroom,-11.253376,66.168526
Lux Brand body soap,Bathroom/Bedroom,-11.3427515,66.114105
Lux Moisturising Body Wash body soap,Bathroom/Bedroom,-10.993019,67.06506
Lux body soap,Bathroom/Bedroom,-11.253376,66.168526
Lux body soap body soap,Bathroom/Bedroom,-11.215537,66.201035
Lux conditioner,Other,26.12242,20.43773
Lux or other body wash body soap,Bathroom/Bedroom,-11.131139,66.87878
Lux shampoo,Bathroom/Bedroom,43.824497,56.716415
Lux soap body soap,Bathroom/Bedroom,-11.34737,66.13519
"Lux, Dove or Protex body soap",Bathroom/Bedroom,-13.11948,68.6848
Luxe body soap,Bathroom/Bedroom,-11.035371,66.04707
Luxe gas stove,Kitchen/Dining,52.871925,-15.244104
Luxe stainless steel gas stove,Kitchen/Dining,53.10743,-14.826248
Luxurious & nourishing Miss Lyn body soap. body soap,Bathroom/Bedroom,-3.3366103,47.28802
Luxurious & nourishing Miss Lyn conditioner. conditioner,Other,18.05746,29.455425
Luxurious & nourishing Miss Lyn shampoo. shampoo,Bathroom/Bedroom,17.28503,46.651524
Luxurious Brand body soap,Bathroom/Bedroom,-2.1460588,57.58257
Luxurious and nourishing Miss Lyn body soap for the ultimate shower experience body soap,Bathroom/Bedroom,-3.3543866,47.349518
Luxurious and nourishing Miss Lyn conditioner conditioner,Other,18.075851,29.42892
Luxurious and nourishing Miss Lyn shampoo shampoo,Bathroom/Bedroom,17.289436,46.684006
Luxurious brand shampoo,Bathroom/Bedroom,43.77987,55.323235
Luxurious nourishing Miss Lyn conditioner. conditioner,Other,18.059399,29.467659
Luxurious nourishing Miss Lyn shampoo. shampoo,Bathroom/Bedroom,17.297016,46.650433
Luxurious nourishing Miss Lyn soap. body soap,Bathroom/Bedroom,-3.3343248,47.269516
Luxury  body soap,Bathroom/Bedroom,-1.8082355,57.158028
Luxury Conditioner conditioner,Other,22.410194,25.207405
Luxury Hospitality conditioner,Other,20.908264,25.198996
Luxury Report body soap,Bathroom/Bedroom,-1.8930014,57.048206
Luxury Shampoo shampoo,Bathroom/Bedroom,43.856457,55.961086
Luxury Soap  conditioner,Bathroom/Bedroom,-1.2167436,56.49084
Luxury Soap body soap,Bathroom/Bedroom,-1.7167087,57.000786
Luxury Soap shampoo,Bathroom/Bedroom,44.069775,56.150368
Luxury body soap,Bathroom/Bedroom,-1.8082069,57.154095
Luxury conditioner,Other,22.080101,25.251503
Luxury hospitality body soap,Bathroom/Bedroom,-3.0582087,56.36254
Luxury shampoo,Bathroom/Bedroom,43.82796,55.983784
Luxury small soap body soap,Bathroom/Bedroom,-1.6551013,56.566326
Luxury sound system with Bluetooth and aux,Entertainment/Tech,-40.938526,48.666386
MIDEA single-plate induction cooker induction stove,Kitchen/Dining,74.244514,-20.782717
MIELE induction stove,Kitchen/Dining,57.42859,-4.9201183
MISS LYNN conditioner,Other,15.449061,37.321716
MISS LYNN shampoo,Bathroom/Bedroom,15.987462,42.125504
MIlton Brown body soap,Bathroom/Bedroom,13.3883095,51.79503
MK Boutique Hotels body soap,Bathroom/Bedroom,-3.1274743,54.9341
MK Boutique Hotels conditioner,Other,19.312504,25.567518
MK Boutique Hotels shampoo,Bathroom/Bedroom,47.337242,55.823658
MK Boutique Range conditioner,Other,18.389353,25.2152
MK Boutique Range shampoo,Bathroom/Bedroom,46.493336,53.433872
MK Boutique Soap body soap,Bathroom/Bedroom,0.7313888,57.65919
MK Boutique range shampoo,Bathroom/Bedroom,46.493446,53.43362
MK Boutique soap body soap,Bathroom/Bedroom,0.7319403,57.658947
MK boutique Range body soap,Bathroom/Bedroom,0.7306269,57.1392
MK conditioner,Other,28.209797,22.62928
MK shampoo,Bathroom/Bedroom,34.867184,55.811615
MODJADJI body soap,Bathroom/Bedroom,13.033913,65.44525
MODJADJI conditioner,Other,32.796394,17.818005
MUi STAYS  body soap,Bathroom/Bedroom,10.412323,65.68956
MUi STAYS  shampoo,Bathroom/Bedroom,34.74803,66.59077
MUi STAYS body soap,Bathroom/Bedroom,10.412323,65.68956
MUi STAYS shampoo,Bathroom/Bedroom,34.748123,66.59082
MUi body soap,Bathroom/Bedroom,10.228237,65.7155
MUi shampoo,Bathroom/Bedroom,34.697605,66.313896
Ma shampoo,Bathroom/Bedroom,33.77154,54.383
"Macadams, convection stainless steel oven",Kitchen/Dining,25.38271,-9.599881
Majority Bluetooth sound system,Entertainment/Tech,-43.683918,54.823402
Many body soap,Bathroom/Bedroom,4.779297,64.90121
Marantz  Bluetooth sound system,Entertainment/Tech,-40.7741,57.953197
Marantz Bluetooth sound system,Entertainment/Tech,-40.77421,57.954193
Maranz Bluetooth sound system,Entertainment/Tech,-40.825676,57.840687
Marchall  Bluetooth sound system,Entertainment/Tech,-43.610992,55.50414
Marina view,Other,5.7874665,-29.187803
Markenprodukt aus dem Spender shampoo,Bathroom/Bedroom,44.944435,54.924572
Marley Bluetooth sound system,Entertainment/Tech,-42.48938,57.992107
Marley Get Together  Bluetooth sound system,Entertainment/Tech,-42.47246,58.059788
Marshal Bluetooth sound system,Entertainment/Tech,-46.28269,51.43188
Marshal sound system,Entertainment/Tech,-37.326527,39.084213
Marshall  Bluetooth sound system,Entertainment/Tech,-46.339504,51.22778
Marshall  sound system,Entertainment/Tech,-37.369625,39.177074
Marshall  sound system with Bluetooth and aux,Entertainment/Tech,-46.11393,50.370758
Marshall Bluetooth sound system,Entertainment/Tech,-46.339767,51.227955
Marshall Bluetooth speaker Bluetooth sound system,Entertainment/Tech,-46.504173,51.18236
Marshall Speaker sound system with Bluetooth and aux,Entertainment/Tech,-46.16338,50.451637
Marshall sound system,Entertainment/Tech,-37.369625,39.17713
Marshall sound system with Bluetooth and aux,Entertainment/Tech,-46.11411,50.372883
Marshall speaker Bluetooth sound system,Entertainment/Tech,-46.476894,51.161716
Marshalls and Bose  sound system with Bluetooth and aux,Entertainment/Tech,-46.30989,49.66232
Massage table,Other,13.25258,-21.630003
Media room,Other,7.452252,-20.926197
Meg stainless steel oven,Kitchen/Dining,41.329746,-8.157235
Meiles stainless steel oven,Kitchen/Dining,45.641388,-7.814781
Meireles stainless steel oven,Kitchen/Dining,45.735832,-7.881616
Meireles stainless steel stove,Kitchen/Dining,45.983948,-8.085294
Mellaware stainless steel induction stove,Kitchen/Dining,75.4333,-16.211832
Mellerware  induction stove,Kitchen/Dining,75.47658,-16.533632
Mellerware (small size) stainless steel electric stove,Kitchen/Dining,63.212883,-10.188182
Mellerware (small size) stainless steel single oven,Kitchen/Dining,63.206673,-9.9604845
Mellerware Capri Induction cooker   induction stove,Kitchen/Dining,75.664604,-16.514948
Mellerware electric stove,Kitchen/Dining,63.252354,-10.33321
Mellerware induction stove,Kitchen/Dining,75.47658,-16.533632
Melleware single Induction plate induction stove,Kitchen/Dining,75.41687,-17.246761
Melreles stainless steel gas stove,Kitchen/Dining,52.771713,-14.262613
Mereilles induction stove,Kitchen/Dining,72.81485,-16.570492
Mereilles oven,Kitchen/Dining,39.25166,-10.434535
Mi Induction Cooker induction stove,Kitchen/Dining,74.92831,-14.436535
Micro wave  stainless steel oven,Kitchen/Dining,34.10091,-15.115477
Microwave,Other,31.086014,-7.953682
Microwave oven,Kitchen/Dining,31.274359,-8.044538
Microwave oven oven,Kitchen/Dining,31.25533,-8.126385
Midea refrigerator,Kitchen/Dining,3.8772013,5.4522133
Miele  refrigerator,Kitchen/Dining,9.618444,10.127644
Miele  stainless steel double oven,Kitchen/Dining,54.304493,-2.3661213
Miele  stainless steel oven,Kitchen/Dining,54.636856,-2.738384
Miele Airfryer  oven,Kitchen/Dining,54.04634,-3.5347502
Miele and Smeg refrigerator,Kitchen/Dining,10.451562,10.555649
Miele electric stove,Kitchen/Dining,56.392933,-4.4956746
Miele gas stove,Kitchen/Dining,56.268,-4.600294
Miele induction stove,Kitchen/Dining,57.428783,-4.920155
Miele oven,Kitchen/Dining,54.327244,-3.4131482
Miele refrigerator,Kitchen/Dining,9.618444,10.127644
Miele single oven,Kitchen/Dining,54.16105,-3.1233828
Miele stainless steel double oven,Kitchen/Dining,54.30484,-2.3659573
Miele stainless steel electric stove,Kitchen/Dining,56.585415,-4.735447
Miele stainless steel gas stove,Kitchen/Dining,56.512367,-4.816482
Miele stainless steel induction stove,Kitchen/Dining,57.43686,-4.970471
Miele stainless steel oven,Kitchen/Dining,54.636856,-2.738384
Miele stainless steel single oven,Kitchen/Dining,54.46869,-2.571043
Miele stainless steel stove,Kitchen/Dining,56.540813,-4.7302375
Miele stove,Kitchen/Dining,56.13691,-4.4736323
"Miele, glass ceramic electric stove",Kitchen/Dining,56.47553,-4.189078
Mielle oven,Kitchen/Dining,54.373447,-4.3318286
Mielle refrigerator,Kitchen/Dining,9.468657,9.606134
Mielle stove,Kitchen/Dining,54.944782,-4.773097
Miko conditioner,Other,27.512299,23.032017
Milex Airfryer oven,Kitchen/Dining,27.343035,-0.64559144
Milton Brown body soap,Bathroom/Bedroom,13.388316,51.79467
Milton Brown conditioner,Other,18.274525,35.566357
Milton Brown shampoo,Bathroom/Bedroom,15.009998,51.27973
Mini 2 Plate electric stove,Kitchen/Dining,64.23074,-28.404137
"Mini 3 in one oven, air fryer and microwave  single oven",Kitchen/Dining,30.57806,-12.282468
Mini Airfyer oven single oven,Kitchen/Dining,28.252863,-5.3372707
Mini Fridge refrigerator,Kitchen/Dining,-2.3566737,6.07119
Mini Fridge/ Freezer Combination refrigerator,Kitchen/Dining,-2.7902114,6.705472
Mini Kitchen Oven/Stove oven,Kitchen/Dining,32.020836,-13.141104
Mini Kithen Stove/Oven  stove,Kitchen/Dining,51.1613,-24.375887
Mini Oven single oven,Kitchen/Dining,31.588102,-12.310418
Mini convection oven not a full oven oven,Kitchen/Dining,29.364937,-11.312342
Mini electric stove,Kitchen/Dining,51.845547,-24.040094
Mini fridge,Kitchen/Dining,-2.5498385,5.7914906
Mini fridge refrigerator,Kitchen/Dining,-2.3567069,6.0712953
Mini gas stove,Kitchen/Dining,51.864243,-23.467278
Mini golf,Other,8.056405,-27.319918
Mini oven  oven,Kitchen/Dining,32.333828,-12.698578
Mini oven  stainless steel oven,Kitchen/Dining,33.214664,-14.227184
Mini oven and 2 plate stove oven,Kitchen/Dining,29.965633,-14.89744
Mini oven and stove stainless steel oven,Kitchen/Dining,33.00989,-14.11978
Mini oven electric stove,Kitchen/Dining,51.571205,-24.247284
Mini oven oven,Kitchen/Dining,32.333115,-12.699412
Mini oven single oven,Kitchen/Dining,31.588102,-12.310418
Mini oven with 2 plate stove - electric oven,Kitchen/Dining,29.900776,-15.085141
Mini oven with 2 small cooking plates oven,Kitchen/Dining,29.692863,-14.538273
Mini oven with fan stainless steel oven,Kitchen/Dining,32.920128,-14.269147
Mini oven with two hot plates  stainless steel single oven,Kitchen/Dining,29.766785,-14.187482
Mini oven with two hot plates oven,Kitchen/Dining,29.550558,-14.248448
Mini refrigerator,Kitchen/Dining,-2.465884,5.8466887
Mini stove single oven,Kitchen/Dining,31.483128,-12.6877365
Mini stove with two plates stainless steel electric stove,Kitchen/Dining,64.288025,-28.462234
Mini toaster oven with two electric plates on top. It is a small toaster oven . electric stove,Kitchen/Dining,33.424328,-9.470681
Mini- stove  electric stove,Kitchen/Dining,51.830994,-24.1133
Mini-oven oven,Kitchen/Dining,32.307804,-12.710063
Minkitchenol oven,Kitchen/Dining,33.026585,-12.5491495
Mireilles refrigerator,Kitchen/Dining,6.598608,4.272913
Mis Lyn body soap,Bathroom/Bedroom,-4.139685,44.520622
Miss LYNN- 2in1 combo earth friendly  shampoo,Bathroom/Bedroom,16.5778,41.71408
Miss Lin body soap,Bathroom/Bedroom,-1.2615632,43.00639
Miss Lun shampoo,Bathroom/Bedroom,16.720558,44.107235
Miss Lyn  body soap,Bathroom/Bedroom,-2.4146678,43.861134
Miss Lyn  conditioner,Other,16.765867,30.115627
Miss Lyn  shampoo,Bathroom/Bedroom,16.86038,44.66185
Miss Lyn Brand - Essential  body soap,Bathroom/Bedroom,-2.5145404,44.84356
Miss Lyn Cocao Butter shampoo,Bathroom/Bedroom,16.641722,44.890434
Miss Lyn Cocoa Butter body soap,Bathroom/Bedroom,-0.718163,46.360474
Miss Lyn Cocobutter Shampoo shampoo,Bathroom/Bedroom,16.410261,44.84181
Miss Lyn Fresh body soap,Bathroom/Bedroom,-2.3686655,44.232147
Miss Lyn Fresh hand and Body Wash body soap,Bathroom/Bedroom,-2.1776674,45.143192
Miss Lyn Hospitality Soap body soap,Bathroom/Bedroom,-2.5577948,44.251076
Miss Lyn and Charlotte Rhys body soap,Bathroom/Bedroom,6.48848,39.63544
Miss Lyn and Charlotte Rhys shampoo,Bathroom/Bedroom,11.241367,41.31437
Miss Lyn and our own brand body soap,Bathroom/Bedroom,-2.3424823,44.498272
Miss Lyn body soap,Bathroom/Bedroom,-2.4145458,43.860992
Miss Lyn conditioner,Other,16.765867,30.115646
Miss Lyn face and body shower gel  body soap,Bathroom/Bedroom,-2.5914004,45.52494
Miss Lyn n conditioner,Other,16.80394,30.237982
Miss Lyn or similar body soap,Bathroom/Bedroom,-2.7452166,44.323803
Miss Lyn or similar conditioner,Other,16.805956,30.120052
Miss Lyn shampoo,Bathroom/Bedroom,16.86074,44.66264
Miss Lyn | Fresh body soap,Bathroom/Bedroom,-2.3975139,44.21557
Miss Lyn | Fresh conditioner,Other,16.92905,30.147882
Miss Lyn | Fresh shampoo,Bathroom/Bedroom,17.025938,44.75646
Miss Lynn  body soap,Bathroom/Bedroom,-0.8100642,41.54431
Miss Lynn  shampoo,Bathroom/Bedroom,15.98721,42.12514
Miss Lynn - Fresh  body soap,Bathroom/Bedroom,-0.16019973,41.09535
Miss Lynn - conditioning shampoo lemongrass shampoo,Bathroom/Bedroom,16.636543,40.565365
Miss Lynn Fresh  conditioner,Other,15.6048765,37.528645
Miss Lynn Fresh  shampoo,Bathroom/Bedroom,16.135363,41.80553
Miss Lynn Shampoo conditioner shampoo,Bathroom/Bedroom,16.229061,40.3839
Miss Lynn and Charlotte Rhys conditioner,Other,11.378443,36.99009
Miss Lynn body soap,Bathroom/Bedroom,-0.8100642,41.54431
Miss Lynn conditioner,Other,15.449061,37.32165
Miss Lynn conditioning shampoo  conditioner,Bathroom/Bedroom,16.250706,39.817562
Miss Lynn or other shampoo,Bathroom/Bedroom,16.225939,41.732983
Miss Lynn or similar body soap,Bathroom/Bedroom,-0.44778484,41.637142
Miss Lynn or similar shampoo,Bathroom/Bedroom,16.255468,41.71742
Miss Lynn shampoo,Bathroom/Bedroom,15.987462,42.125504
Miss Lynne  body soap,Bathroom/Bedroom,-1.3307372,40.896534
Miss Lynne body soap,Bathroom/Bedroom,-1.3307372,40.896534
Miss Lynne conditioner,Other,15.2566185,37.069324
Miss Lynne shampoo,Bathroom/Bedroom,16.074316,42.61931
Miss lyn body soap,Bathroom/Bedroom,-2.4145458,43.860992
Miss lyn shampoo,Bathroom/Bedroom,16.86074,44.66264
"Miss lyn, one use on arrival body soap",Bathroom/Bedroom,-3.3019958,44.792706
Miss lynn body soap,Bathroom/Bedroom,-0.8100642,41.54431
Miss lynn brand body soap,Bathroom/Bedroom,-0.7528753,41.70875
Miss lynn conditioner,Other,15.449061,37.321716
Miss lynn shampoo,Bathroom/Bedroom,15.987462,42.125504
MissLyn body soap,Bathroom/Bedroom,-1.8611069,42.533596
MissLyn conditioner,Other,16.517122,30.912018
MissLynn body soap,Bathroom/Bedroom,-1.6071024,42.18068
Mission sound system with aux,Entertainment/Tech,-43.717495,42.547157
Mit Eisfach refrigerator,Kitchen/Dining,3.5884995,9.359779
Mix body soap,Bathroom/Bedroom,0.7520977,68.324295
Mix shampoo,Bathroom/Bedroom,35.415413,53.235783
Mk Boutique range body soap,Bathroom/Bedroom,0.7306994,57.140526
Modaji body soap,Bathroom/Bedroom,12.98573,65.46529
Modaji conditioner,Other,32.73488,17.88356
Modaji shampoo,Bathroom/Bedroom,31.09736,64.607086
Modjadji body soap,Bathroom/Bedroom,13.03388,65.44524
Modjadji conditioner,Other,32.796394,17.818005
Modjadji shampoo,Bathroom/Bedroom,31.062525,64.62519
Molten Brown body soap,Bathroom/Bedroom,-11.218468,72.7039
Molten brown and dove soap  body soap,Bathroom/Bedroom,-11.243609,72.693016
Molton Brown and Healing Earth body soap,Bathroom/Bedroom,12.297365,54.043083
Molton Brown body soap,Bathroom/Bedroom,12.449194,53.748436
Molton Brown conditioner,Other,19.537043,35.244816
Molton Brown of London body soap,Bathroom/Bedroom,12.598544,53.497643
Molton Brown of London conditioner,Other,19.476982,35.266666
Molton Brown of London or similar body soap,Bathroom/Bedroom,12.591989,53.506504
Molton Brown of London or similar shampoo,Bathroom/Bedroom,15.7156315,51.348953
Molton Brown of London shampoo,Bathroom/Bedroom,15.6778555,51.341755
Molton Brown shampoo,Bathroom/Bedroom,15.69299,51.347954
Molton brown of London or similar conditioner,Other,19.505913,35.26514
Monday conditioner,Other,24.539454,24.189953
Monday shampoo,Bathroom/Bedroom,35.234665,54.070377
"Monitor Audio, Yamaha and Sony sound system with aux",Entertainment/Tech,-42.195004,43.26733
Moo goo  conditioner,Other,28.522484,40.29931
Moo goo shampoo,Bathroom/Bedroom,28.547825,40.391598
Mora refrigerator,Kitchen/Dining,6.3994126,3.9195435
Mosquito net,Other,9.553305,63.387867
Moss Lyn  conditioner,Other,16.393656,29.38859
Mother Earth (natural) body soap,Bathroom/Bedroom,2.73621,76.04522
Mountain view,Other,6.713156,-29.423054
Movie theater,Climate Control,7.420371,-21.605825
Mrs Lyn body soap,Bathroom/Bedroom,-3.23111,43.64678
Ms Lyn body soap,Bathroom/Bedroom,-4.3183303,44.25543
Ms Lyn shampoo,Bathroom/Bedroom,18.209972,45.26021
Ms Lynn body soap,Bathroom/Bedroom,0.0016960988,41.878857
Ms Lynn conditioner,Other,15.9232645,37.19461
Ms. Lyn body soap,Bathroom/Bedroom,-4.2045875,44.252686
Ms. Lyn shampoo,Bathroom/Bedroom,18.177359,45.236076
Ms. Lynn body soap,Bathroom/Bedroom,0.0046464778,41.858868
Ms.Lyn  body soap,Bathroom/Bedroom,-4.2045875,44.252686
Ms.Lyn  shampoo,Bathroom/Bedroom,18.177359,45.236076
Ms.Lyn body soap,Bathroom/Bedroom,-4.2045875,44.252686
Ms.Lyn shampoo,Bathroom/Bedroom,18.177536,45.235462
Ms.Lynn conditioner,Other,15.886953,37.194523
Ms.Lynn shampoo,Bathroom/Bedroom,15.720342,41.774273
Mui STAYS body soap,Bathroom/Bedroom,10.412323,65.68956
Multicooker oven,Kitchen/Dining,36.48005,-7.235524
Multiple body soap,Bathroom/Bedroom,0.88422805,65.40237
MusiBee Bluetooth sound system,Entertainment/Tech,-45.215477,53.13066
Mustella body soap,Bathroom/Bedroom,8.813053,65.848236
My own shampoo,Bathroom/Bedroom,41.475395,56.57213
Míele oven,Kitchen/Dining,54.32861,-3.4131472
N/A body soap,Bathroom/Bedroom,4.9806366,65.88543
N/A refrigerator,Kitchen/Dining,2.9968827,2.9677575
N/A sound system,Entertainment/Tech,-36.647125,41.127926
NA refrigerator,Kitchen/Dining,5.1179223,4.441999
NA stainless steel oven,Kitchen/Dining,43.059887,-6.5625653
NA stainless steel stove,Kitchen/Dining,56.21557,-12.50293
NAD sound system,Entertainment/Tech,-38.67337,41.61479
NAD sound system with aux,Entertainment/Tech,-41.668655,41.69471
NATURE COLLECTION body soap,Bathroom/Bedroom,3.8625941,75.90895
Na refrigerator,Kitchen/Dining,5.1180663,4.4420476
Nad sound system,Entertainment/Tech,-38.673252,41.616055
National sound system,Entertainment/Tech,-36.582664,40.92971
Natural  body soap,Bathroom/Bedroom,1.0607285,73.14339
Natural  conditioning shampoo conditioner,Bathroom/Bedroom,36.28428,47.777523
Natural Organic body soap,Bathroom/Bedroom,-0.45665902,75.08441
Natural and Organic body soap,Bathroom/Bedroom,-0.28138012,74.847824
Natural biodegradable shampoo,Bathroom/Bedroom,42.218018,45.63421
Natural body soap,Bathroom/Bedroom,1.0605297,73.143036
Natural brand body soap,Bathroom/Bedroom,0.7215779,73.08062
Natural brands body soap,Bathroom/Bedroom,0.50883275,73.11892
Natural brands conditioner,Other,24.57291,28.061794
Natural brands shampoo,Bathroom/Bedroom,42.164818,50.628326
Natural conditioner,Other,31.902025,25.733513
Natural fynbos bee honey products body soap,Bathroom/Bedroom,27.558167,44.209377
Natural fynbos bee honey products conditioner,Other,27.628424,44.06353
Natural fynbos bee honey products shampoo,Bathroom/Bedroom,27.639025,44.274727
Natural glycerine soap body soap,Bathroom/Bedroom,-6.735159,78.170334
Natural organic body soap,Bathroom/Bedroom,-0.45769674,75.0845
Natural organic conditioner,Other,36.887917,29.9204
Natural organic shampoo,Bathroom/Bedroom,41.492847,42.871655
Natural shampoo,Bathroom/Bedroom,41.89566,50.197857
Natural soap body soap,Bathroom/Bedroom,0.815349,72.42326
Natural soaps body soap,Bathroom/Bedroom,0.8335536,72.61632
Naturals Beauty body soap,Bathroom/Bedroom,0.83691144,73.73272
"Nature nurture,green tea + aloe vera body soap",Bathroom/Bedroom,2.3684993,74.798546
Nature's Nourishment  body soap,Bathroom/Bedroom,3.3768804,75.25775
Natures Collection conditioner,Other,32.696537,25.335087
Natures Collection shampoo,Bathroom/Bedroom,42.04505,49.38286
Natures Nourishment body soap,Bathroom/Bedroom,3.3671536,75.23198
Natures nourishment conditioner,Other,32.279373,25.98807
Natures nourishment shampoo,Bathroom/Bedroom,42.316864,49.341457
Neff stainless steel oven,Kitchen/Dining,43.39867,-7.177929
Nescafe conditioner,Other,21.650513,19.66646
Nespresso  conditioner,Other,21.644304,19.680115
Nespresso conditioner,Other,21.64447,19.678774
Nest Bluetooth sound system,Entertainment/Tech,-51.823566,56.770824
Nest body soap,Bathroom/Bedroom,-15.229851,72.31558
Nest shampoo,Bathroom/Bedroom,34.445328,55.998978
Nesti Dante body soap,Bathroom/Bedroom,2.2854254,69.41177
New Hisense fridge refrigerator,Kitchen/Dining,-1.5292228,-1.646375
New refrigerator,Kitchen/Dining,2.151192,5.655024
Nice body soap,Bathroom/Bedroom,14.799038,72.37273
Nice by Nature shampoo,Bathroom/Bedroom,41.917206,49.497147
Nivea  shampoo,Bathroom/Bedroom,30.947695,61.322865
Nivea / other shampoo,Bathroom/Bedroom,30.954128,61.348392
Nivea Men/Ladies body soap,Bathroom/Bedroom,7.3672943,57.066345
Nivea Shower Gel body soap,Bathroom/Bedroom,-12.806214,52.109844
Nivea body soap,Bathroom/Bedroom,7.3648443,57.074066
Nivea conditioner,Other,31.56558,27.194334
Nivea or Tresemme shampoo,Bathroom/Bedroom,30.913761,61.10595
Nivea shampoo,Bathroom/Bedroom,30.947695,61.322865
Nivea/ other conditioner,Other,31.563238,27.197733
No  name body soap,Bathroom/Bedroom,4.7130866,58.22756
No Brand body soap,Bathroom/Bedroom,-3.6202292,59.736256
No Brand in Particular body soap,Bathroom/Bedroom,-3.5355265,59.744698
No brand body soap,Bathroom/Bedroom,-3.620136,59.73645
No brand conditioner,Other,23.673784,27.28127
No conditioner,Other,28.479904,23.862728
No name body soap,Bathroom/Bedroom,4.7130885,58.227528
No name brand  body soap,Bathroom/Bedroom,-3.9700894,60.279118
No name brand body soap,Bathroom/Bedroom,-3.9706435,60.278564
No name conditioner,Other,27.098309,22.256086
No oven stainless steel electric stove,Kitchen/Dining,51.97529,-9.073835
Noise decibel monitors on property,Other,-34.59613,41.022587
Non Scented body soap,Bathroom/Bedroom,-2.6364686,71.367805
Non specific  shampoo,Bathroom/Bedroom,37.964947,53.059917
NonBranded conditioner,Other,24.71012,26.65897
NonBranded shampoo,Bathroom/Bedroom,43.93105,53.26111
None body soap,Bathroom/Bedroom,4.673796,64.05044
None specific  conditioner,Other,29.570292,22.621252
Norma  oven,Kitchen/Dining,36.866806,-12.810975
Normal  body soap,Bathroom/Bedroom,-1.3922757,65.89802
Normal  gas stove,Kitchen/Dining,52.384502,-20.848452
Normal  refrigerator,Kitchen/Dining,0.7755666,8.2795515
Normal  shampoo,Bathroom/Bedroom,38.771824,52.429516
Normal fridge/freezer refrigerator,Kitchen/Dining,0.4158461,8.416521
Normally Lux body soap,Bathroom/Bedroom,-11.554025,66.196175
Not specified  body soap,Bathroom/Bedroom,2.184665,64.739624
Not sure shampoo,Bathroom/Bedroom,36.406635,54.569027
Nurturer body soap,Bathroom/Bedroom,5.6473684,71.495514
Nurturer conditioner,Other,33.49173,22.258883
Nurturer shampoo,Bathroom/Bedroom,35.708572,57.0124
O'Naturell Non-Toxic Body Care Brand body soap,Bathroom/Bedroom,2.6627338,73.75882
O'Naturell Non-Toxic Body Care Brand conditioner,Other,24.908281,29.26373
O'Naturell Non-Toxic Body Care Brand shampoo,Bathroom/Bedroom,43.296192,49.784477
ORGANICS conditioner,Other,36.973965,29.849493
ORGANICS shampoo,Bathroom/Bedroom,41.652103,42.163303
Ocean view,Other,5.498678,-29.551186
Oh So Heavenly  body soap,Bathroom/Bedroom,15.983917,73.146935
Oh So Heavenly body soap,Bathroom/Bedroom,15.983917,73.146935
Oh So Heavenly conditioner,Other,26.97381,28.329794
Oh So Heavenly hand wash and shower gel  body soap,Bathroom/Bedroom,-9.318135,53.508312
Oh So Heavenly shampoo,Bathroom/Bedroom,40.385464,61.091526
Oh So heavenly  body soap,Bathroom/Bedroom,15.983917,73.146935
Oh so Heavely body soap,Bathroom/Bedroom,16.00359,72.150986
Oh so Heavenly  body soap,Bathroom/Bedroom,15.983917,73.146935
Oh so Heavenly  shampoo,Bathroom/Bedroom,40.386337,61.091885
Oh so heavenly  body soap,Bathroom/Bedroom,15.983917,73.146935
Oh so heavenly body soap,Bathroom/Bedroom,15.984364,73.14677
Oh so lovely  shampoo,Bathroom/Bedroom,40.447033,61.225197
Oh so lovely body soap,Bathroom/Bedroom,15.076611,72.542
Ohsoheavenly body soap,Bathroom/Bedroom,6.681175,66.18543
One Samsung energy saving fridge/freezer with digital invertor and one Bosch energy saving full fridge.  refrigerator,Kitchen/Dining,-7.299838,7.8625326
"One in the main kitchen, second smaller fridge in the Boathouse refrigerator",Kitchen/Dining,-4.144871,6.139947
One plate induction stove electric stove,Kitchen/Dining,73.53727,-20.935946
One towel per guest will be supplied  body soap,Bathroom/Bedroom,-1.6651907,53.75467
One use soap on arrival body soap,Bathroom/Bedroom,6.208742,61.618732
Oneka Botanical Hair Treatment conditioner conditioner,Other,41.295536,34.80853
Onkyo & Jamo sound system with aux,Entertainment/Tech,-43.716774,45.244823
"Onkyo Amp, JVC Speakers 3 Zones  Surround sound TV sound system with Bluetooth and aux",Entertainment/Tech,-42.72281,63.643505
Onkyo Bluetooth sound system,Entertainment/Tech,-45.118076,53.976456
Only available for first night to facilitate onboarding body soap,Bathroom/Bedroom,6.927026,59.455395
Only available for first night to facilitate onboarding conditioner,Climate Control,24.472952,20.683172
Only available for first night to facilitate onboarding shampoo,Bathroom/Bedroom,47.056915,63.100197
Only for first night body soap,Bathroom/Bedroom,6.93726,59.45061
Only small hotel sized conditioner - one or two washes conditioner,Other,45.37978,35.526466
Only small hotel sized shampoo - one or two washes shampoo,Bathroom/Bedroom,48.727875,55.507965
Only small hotel sized soaps body soap,Bathroom/Bedroom,-5.695572,55.28345
Oranics shampoo,Bathroom/Bedroom,39.851303,43.73157
Organic  body soap,Bathroom/Bedroom,-1.1440661,75.76057
Organic  conditioner,Other,36.967087,29.833044
Organic  shampoo,Bathroom/Bedroom,41.654163,42.461452
Organic 2in1 shampoo and conditioner  conditioner,Bathroom/Bedroom,43.387016,39.05547
Organic 2in1 shampoo and conditioner  shampoo,Bathroom/Bedroom,43.34984,39.245544
Organic Cruelty Free body soap,Bathroom/Bedroom,-2.800252,77.34491
Organic Cruelty Free conditioner,Other,38.977287,30.699749
Organic Cruelty Free shampoo,Bathroom/Bedroom,43.270546,43.33518
Organic Honey Soap body soap,Bathroom/Bedroom,-1.3301303,75.59683
Organic Soap body soap,Bathroom/Bedroom,-1.1758482,75.63833
Organic body soap,Bathroom/Bedroom,-1.1440142,75.761154
Organic body wash  body soap,Bathroom/Bedroom,-1.3318529,76.52915
Organic brands  conditioner,Other,37.863213,29.478113
Organic brands shampoo,Bathroom/Bedroom,42.05889,42.478195
Organic conditioner,Other,36.967632,29.833332
Organic natural by healing earth  shampoo,Bathroom/Bedroom,41.23814,43.545105
Organic shampoo,Bathroom/Bedroom,41.654144,42.46155
Organics  conditioner,Other,36.973957,29.849463
Organics  shampoo,Bathroom/Bedroom,41.65213,42.16327
Organics - all hair type. shampoo,Bathroom/Bedroom,41.004917,41.91009
Organics 2 in 1 shampoo,Bathroom/Bedroom,42.710976,41.316284
Organics Daily Hair Care shampoo,Bathroom/Bedroom,41.61175,41.335434
Organics Daily Hair Shampoo shampoo,Bathroom/Bedroom,41.666454,41.36029
Organics Hair Repair conditioner,Other,41.352715,39.13543
Organics Hair Repair shampoo,Bathroom/Bedroom,41.28927,40.83321
Organics Nomal Hair & Matching Conditioner shampoo,Bathroom/Bedroom,42.335514,39.595554
Organics Shampoo and Conditioner  conditioner,Bathroom/Bedroom,42.770607,39.425884
Organics Shampoo and Conditioner conditioner,Bathroom/Bedroom,42.770607,39.425884
Organics Shampoo and Conditioner shampoo,Bathroom/Bedroom,42.677643,39.7899
Organics body soap,Bathroom/Bedroom,-1.145748,75.87519
Organics conditioner,Other,36.97429,29.849743
Organics or Tresemme shampoo,Bathroom/Bedroom,40.8509,42.49803
Organics or Woolworths products conditioner,Other,40.769848,29.370173
Organics or other conditioner,Other,37.22286,29.884909
Organics or other shampoo,Bathroom/Bedroom,41.139587,42.429142
Organics shampoo,Bathroom/Bedroom,41.65213,42.16327
Origins  conditioner,Other,28.893526,19.02615
Origins  shampoo,Bathroom/Bedroom,40.655903,51.879463
Other  conditioner,Other,28.589754,24.880005
Other Bluetooth sound system,Entertainment/Tech,-43.652332,54.678146
Other body soap,Bathroom/Bedroom,3.7873306,65.56195
Other conditioner,Other,28.588661,24.879875
Other electric stove,Kitchen/Dining,56.94611,-22.586843
Other gas stove,Kitchen/Dining,53.016476,-20.56213
Other induction stove,Kitchen/Dining,71.5847,-17.489944
Other shampoo,Bathroom/Bedroom,36.635395,53.878983
Other stainless steel electric stove,Kitchen/Dining,57.18551,-12.019917
Other stainless steel gas stove,Kitchen/Dining,54.33478,-13.440475
Other stainless steel induction stove,Kitchen/Dining,70.51831,-15.71468
Other stove,Kitchen/Dining,54.09167,-21.492508
Otimo oven,Kitchen/Dining,43.186256,-19.94349
Otimo stove,Kitchen/Dining,43.22724,-19.964687
Our brand  body soap,Bathroom/Bedroom,-1.7060277,62.949688
Our brand  shampoo,Bathroom/Bedroom,41.9958,55.134453
Our own brand  shampoo,Bathroom/Bedroom,42.12989,55.44419
Our own product! body soap,Bathroom/Bedroom,-1.9952205,63.096954
Outdoor bar,Other,10.427648,-16.691465
Outdoor dining area,Other,15.009193,-20.37119
Outdoor fireplace,Climate Control,28.423422,-25.359241
Outdoor furniture,Other,15.062361,-20.285978
Outdoor kitchen,Kitchen/Dining,15.950324,-19.7667
Outdoor kitchen with oven,Kitchen/Dining,16.870977,-19.710861
"Outdoor kitchen with oven, sink",Kitchen/Dining,17.20503,-19.647501
Outdoor kitchen with sink,Kitchen/Dining,17.136988,-19.639872
"Outdoor kitchen with sink, oven",Kitchen/Dining,17.162024,-19.653076
Outdoor playground,Other,8.83076,-33.969673
Outdoor pool,Facilities/Outdoors,4.933298,-37.215885
Outdoor pool - ,Facilities/Outdoors,4.963398,-37.11717
Outdoor pool - available all year,Facilities/Outdoors,-7.5312634,-42.34192
"Outdoor pool - available all year, open 24 hours, heated",Facilities/Outdoors,-11.513697,-44.78924
"Outdoor pool - available all year, open 24 hours, heated, saltwater",Facilities/Outdoors,-13.404727,-43.45932
"Outdoor pool - available all year, open 24 hours, lap pool, rooftop, saltwater",Facilities/Outdoors,-14.969922,-42.7005
"Outdoor pool - available all year, open 24 hours, pool cover",Facilities/Outdoors,-13.637551,-47.300938
"Outdoor pool - available all year, rooftop",Facilities/Outdoors,-4.406162,-42.109623
Outdoor pool - available seasonally,Facilities/Outdoors,-7.586012,-41.939384
"Outdoor pool - available seasonally, heated, pool cover",Facilities/Outdoors,-10.438378,-41.22879
"Outdoor pool - available seasonally, open specific hours",Facilities/Outdoors,-10.044426,-51.805748
"Outdoor pool - available seasonally, rooftop",Facilities/Outdoors,-4.302169,-42.07887
"Outdoor pool - heated, pool cover",Facilities/Outdoors,6.701615,-45.04496
"Outdoor pool - heated, pool toys",Facilities/Outdoors,-11.62008,-34.181583
"Outdoor pool - heated, saltwater",Facilities/Outdoors,8.35756,-43.258324
Outdoor pool - open specific hours,Facilities/Outdoors,-9.468835,-58.391354
"Outdoor pool - open specific hours, lap pool, rooftop",Facilities/Outdoors,-10.335919,-60.149986
Outdoor pool - rooftop,Facilities/Outdoors,-1.9380488,-41.178448
Outdoor pool - saltwater,Facilities/Outdoors,2.2208064,-40.563057
Outdoor shower,Bathroom/Bedroom,-10.914856,49.856903
Outlet covers,Other,5.174325,-43.33187
Oven,Kitchen/Dining,35.845066,-10.76156
Oven oven,Kitchen/Dining,35.40785,-10.677263
Owl's Rest  conditioner,Other,26.625317,34.65297
Owl's Rest shampoo,Bathroom/Bedroom,31.974339,50.738914
Own brand body soap,Bathroom/Bedroom,-2.5953112,62.621998
Own brand shampoo,Bathroom/Bedroom,42.17097,55.57965
Own shampoo,Bathroom/Bedroom,41.515606,56.514957
Oya body soap,Bathroom/Bedroom,14.936449,63.7069
O’live body soap,Bathroom/Bedroom,6.98246,65.39087
O’live natural hand and body wash body soap,Bathroom/Bedroom,-4.8111267,71.340096
O’live shampoo,Bathroom/Bedroom,39.209145,57.058235
POLA body soap,Bathroom/Bedroom,11.98843,68.02986
POLA conditioner,Other,33.410294,27.046263
POLA shampoo,Bathroom/Bedroom,32.515675,63.282246
Pack ’n play/Travel crib,Climate Control,-2.1763039,-23.609491
Pack ’n play/Travel crib - always at the listing,Climate Control,-2.136238,-23.50218
Pack ’n play/Travel crib - available upon request,Climate Control,-2.1190107,-23.539312
Paid crib,Other,-1.5459573,-22.429443
Paid crib - always at the listing,Other,-1.5407003,-22.52191
Paid crib - available upon request,Other,-1.3866414,-22.593618
Paid dryer,Bathroom/Bedroom,20.907127,10.913648
Paid dryer – In building,Bathroom/Bedroom,21.493162,10.825561
Paid dryer – In unit,Bathroom/Bedroom,21.270012,10.618989
Paid folding or convertible high chair - available upon request,Other,-0.08362311,-12.558742
Paid high chair,Other,-0.15748376,-14.293098
Paid high chair - available upon request,Other,-0.24793348,-14.052333
Paid pack ’n play/travel crib,Climate Control,-2.1121666,-23.49455
Paid pack ’n play/travel crib - always at the listing,Climate Control,-2.0715222,-23.40787
Paid pack ’n play/travel crib - available upon request,Climate Control,-2.0590892,-23.455894
Paid parking garage off premises,Access/Parking,-15.418812,-84.692795
Paid parking garage on premises,Access/Parking,-15.396354,-84.66657
Paid parking garage on premises – 1 space,Climate Control,-14.357715,-84.587975
Paid parking garage on premises – 10 spaces,Climate Control,-14.215593,-84.45312
Paid parking garage on premises – 100 spaces,Climate Control,-14.234748,-84.451904
Paid parking garage on premises – 2 spaces,Climate Control,-14.367446,-84.517
Paid parking garage on premises – 20 spaces,Climate Control,-14.22891,-84.43598
Paid parking garage on premises – 3 spaces,Climate Control,-14.264096,-84.50642
Paid parking garage on premises – 8 spaces,Climate Control,-14.238673,-84.45117
Paid parking lot off premises,Access/Parking,-16.732885,-81.642395
Paid parking lot on premises,Access/Parking,-16.691456,-81.6125
Paid parking lot on premises – 1 space,Climate Control,-15.646416,-81.01341
Paid parking lot on premises – 10 spaces,Climate Control,-15.153417,-80.47644
Paid parking lot on premises – 100 spaces,Climate Control,-15.704138,-80.3721
Paid parking lot on premises – 14 spaces,Climate Control,-15.634051,-80.34334
Paid parking lot on premises – 18 spaces,Climate Control,-15.421565,-80.31087
Paid parking lot on premises – 2 spaces,Climate Control,-15.493049,-81.07251
Paid parking lot on premises – 20 spaces,Climate Control,-15.36528,-80.38097
Paid parking lot on premises – 3 spaces,Climate Control,-15.385699,-80.90305
Paid parking lot on premises – 30 spaces,Climate Control,-15.288224,-80.193565
Paid parking lot on premises – 34 spaces,Climate Control,-15.501141,-80.199554
Paid parking lot on premises – 4 spaces,Climate Control,-15.414326,-80.81737
Paid parking lot on premises – 5 spaces,Climate Control,-15.102115,-80.58131
Paid parking lot on premises – 6 spaces,Climate Control,-15.283141,-80.60885
Paid parking off premises,Access/Parking,-16.681873,-82.36941
Paid parking on premises,Access/Parking,-16.622313,-82.38828
Paid parking on premises – 1 space,Climate Control,-14.788102,-81.84677
Paid parking on premises – 10 spaces,Climate Control,-14.563815,-81.44089
Paid parking on premises – 2 spaces,Climate Control,-14.725361,-81.79503
Paid parking on premises – 3 spaces,Climate Control,-14.663585,-81.730606
Paid resort access,Climate Control,2.2768042,-29.599228
Paid standalone high chair,Other,-0.4460353,-13.852181
Paid standalone high chair - always at the listing,Other,-0.4163106,-13.761411
Paid standalone high chair - available upon request,Other,-0.41787988,-13.767476
Paid street parking off premises,Access/Parking,-16.773973,-82.47475
Paid valet parking on premises,Access/Parking,-15.886251,-82.941574
Paid valet parking on premises – 1 space,Climate Control,-15.388824,-82.789085
Paid washer,Laundry/Closet,21.497925,8.252626
Paid washer – In building,Laundry/Closet,21.82766,8.866417
Paid washer – In unit,Laundry/Closet,21.468552,8.762269
Palmolive Classic conditioner,Other,34.63251,30.174131
Palmolive Classic shampoo,Bathroom/Bedroom,39.266502,53.926487
Palmolive and organic conditioner,Other,34.973217,30.200325
Panasonic Bluetooth sound system,Entertainment/Tech,-42.32669,54.47158
Panasonic Soundbar sound system,Entertainment/Tech,-35.23313,52.67146
Pantene  conditioner,Other,30.088034,16.069685
Pantene  shampoo,Bathroom/Bedroom,34.670433,59.18981
Pantene conditioner,Other,30.088034,16.069685
Pantene shampoo,Bathroom/Bedroom,34.670357,59.19005
Panthene shampoo,Bathroom/Bedroom,34.703526,59.239372
Park view,Other,7.245459,-29.696224
Part of 3-in-1 microwave with grill too oven,Kitchen/Dining,31.535727,-7.620486
Patio or balcony,Other,9.94562,-31.516617
Paul Bocuse gas stove,Kitchen/Dining,46.05985,-22.32135
Paul Bocuse oven,Kitchen/Dining,45.89572,-22.294353
Pears body soap,Bathroom/Bedroom,4.7570724,66.48448
Peppertree body soap,Bathroom/Bedroom,-0.29595497,65.07635
Peppertree conditioner,Other,27.486988,26.943275
Peppertree shampoo,Bathroom/Bedroom,30.096762,55.61033
Perfectly Perfect Coconut body soap,Bathroom/Bedroom,-9.453722,63.382305
Perfectly Perfect Luxe body soap,Bathroom/Bedroom,-10.455908,64.63784
Perfectly Perfect body soap,Bathroom/Bedroom,-9.485442,63.481823
Perfectly Perfect shampoo,Bathroom/Bedroom,38.776894,54.891663
Perfectly perfect body soap,Bathroom/Bedroom,-9.485472,63.484005
Perfectly perfect conditioner,Other,28.815243,23.560097
Perfekt refrigerator,Kitchen/Dining,4.1097975,5.762824
Petrichor body soap,Bathroom/Bedroom,2.1347964,69.09179
Petrichor conditioner,Other,31.142466,23.385223
Pets allowed,Other,20.810171,-24.268557
Philips  Bluetooth sound system,Entertainment/Tech,-41.265404,55.85956
Philips AirFryer oven,Kitchen/Dining,26.197927,-0.45109454
Philips Airfryer oven,Kitchen/Dining,26.197927,-0.45109454
Philips Bluetooth sound system,Entertainment/Tech,-41.26552,55.859325
Philips conditioner,Other,25.916458,25.637156
Phillip's  Bluetooth sound system,Entertainment/Tech,-41.205723,55.99008
Phillips Airfryer oven,Kitchen/Dining,26.23033,-0.47198287
Piano,Other,3.704656,-17.452082
Pick n pay body soap,Bathroom/Bedroom,3.9589312,59.41863
Pineware stainless steel electric stove,Kitchen/Dining,53.316483,-7.014078
Pineware stainless steel single oven,Kitchen/Dining,53.21695,-6.9014616
Ping pong table,Other,12.297762,-23.141079
Pioneer sound system,Entertainment/Tech,-40.434673,41.218662
Pioneer sound system with Bluetooth and aux,Entertainment/Tech,-42.6151,48.493435
Pioneer sound system with aux,Entertainment/Tech,-43.367027,42.831993
Pioner Bluetooth sound system,Entertainment/Tech,-42.548855,55.313583
Pizza oven,Kitchen/Dining,35.651493,-10.235309
Platinum  induction stove,Kitchen/Dining,76.72073,-18.686234
Platinum induction stove,Kitchen/Dining,76.72073,-18.686234
Pocket wifi,Entertainment/Tech,-54.655334,-44.583797
Pola body soap,Bathroom/Bedroom,11.98843,68.02986
Pola conditioner,Other,33.409912,27.046549
Pola shampoo,Bathroom/Bedroom,32.515636,63.283302
Polartec didgital alarm clock bluetooth speaker 5W Bluetooth sound system,Entertainment/Tech,-48.770878,50.180065
Polk Audio MagniFi Max AX SR  sound system with Bluetooth and aux,Entertainment/Tech,-32.51587,52.551838
Polk SoundBar Bluetooth sound system,Entertainment/Tech,-32.753742,52.72126
Polk sound system with Bluetooth and aux,Entertainment/Tech,-32.630062,52.61681
Polka sound system with Bluetooth and aux,Entertainment/Tech,-42.538918,47.67991
Pool,Facilities/Outdoors,5.130582,-35.925243
Pool - available all year,Facilities/Outdoors,-7.4068484,-44.423634
"Pool - available all year, open 24 hours",Facilities/Outdoors,-11.015825,-53.58888
"Pool - available all year, open specific hours",Facilities/Outdoors,-10.080609,-54.45744
Pool - available seasonally,Facilities/Outdoors,-7.1184554,-45.35939
"Pool - available seasonally, open specific hours",Facilities/Outdoors,-9.343462,-53.425964
Pool - heated,Facilities/Outdoors,9.236298,-44.443615
"Pool - heated, infinity",Facilities/Outdoors,9.58305,-45.400257
"Pool - heated, pool cover",Facilities/Outdoors,6.7126837,-44.93099
"Pool - heated, saltwater",Facilities/Outdoors,8.958304,-43.531845
Pool - lap pool,Facilities/Outdoors,4.9909825,-35.93632
Pool - open specific hours,Facilities/Outdoors,-9.133933,-57.48603
Pool - pool cover,Facilities/Outdoors,4.562614,-43.402287
Pool - pool toys,Facilities/Outdoors,-11.657538,-34.95473
Pool - rooftop,Facilities/Outdoors,-1.8285209,-40.929565
Pool house,Facilities/Outdoors,5.974086,-35.809196
Pool table,Facilities/Outdoors,4.9973955,-35.663296
Pool view,Facilities/Outdoors,4.7087035,-35.355377
Popular Brands body soap,Bathroom/Bedroom,-1.6848967,60.827065
Popular brands  shampoo,Bathroom/Bedroom,42.235126,53.931107
Portable 2 plate  electric stove,Kitchen/Dining,64.35078,-27.648973
Portable JBL Speaker  Bluetooth sound system,Entertainment/Tech,-46.44729,61.519203
Portable air conditioning,Climate Control,17.285828,-0.34570974
Portable convention oven - electric oven,Kitchen/Dining,34.527294,-8.127081
Portable fans,Climate Control,16.00211,-0.94360125
Portable heater,Climate Control,17.058683,-0.7710313
Portable single plate induction stove,Kitchen/Dining,74.00447,-21.104982
Portable stainless steel single oven,Kitchen/Dining,46.21856,-0.84766984
Pp conditioner,Other,27.682573,24.569483
Premium Milled Guest Soap body soap,Bathroom/Bedroom,-1.275434,55.453632
Premium body soap,Bathroom/Bedroom,0.9796011,60.601456
Premium conditioner,Other,25.31291,22.988325
Premium shampoo,Bathroom/Bedroom,43.032597,60.32877
Prima One Plate stove,Kitchen/Dining,70.12627,-20.91193
Prima induction stove,Kitchen/Dining,70.43617,-20.187014
Private BBQ grill,Other,22.871237,-29.554873
Private BBQ grill: charcoal,Other,23.482002,-29.321814
"Private BBQ grill: charcoal, gas",Other,23.49469,-29.410982
"Private BBQ grill: charcoal, gas, wood-burning",Other,24.380789,-28.867401
"Private BBQ grill: charcoal, wood-burning",Other,24.439983,-28.809935
Private BBQ grill: electric,Other,22.982952,-30.252289
"Private BBQ grill: electric, gas",Other,23.088404,-30.005718
Private BBQ grill: gas,Other,23.199543,-29.621775
"Private BBQ grill: gas, wood-burning",Other,24.84064,-28.83749
Private BBQ grill: wood-burning,Other,25.105104,-28.740812
Private backyard,Climate Control,10.342134,-33.94812
Private backyard – Fully fenced,Climate Control,11.364914,-34.61214
Private backyard – Not fully fenced,Climate Control,11.4227495,-34.665157
Private beach access,Climate Control,3.049832,-31.967424
Private beach access – Beachfront,Climate Control,3.1046357,-31.967785
Private entrance,Other,4.530838,-20.592123
Private gym,Facilities/Outdoors,-5.099573,-17.193245
Private gym in building,Facilities/Outdoors,-4.875034,-17.565893
Private gym nearby,Facilities/Outdoors,-5.167173,-17.191746
Private hot tub,Facilities/Outdoors,-2.952513,-33.09562
Private hot tub - available all year,Facilities/Outdoors,-3.590462,-33.67447
"Private hot tub - available all year, open 24 hours",Facilities/Outdoors,-4.207138,-34.558544
"Private hot tub - available all year, open specific hours",Facilities/Outdoors,-4.2424083,-34.962555
Private hot tub - available seasonally,Facilities/Outdoors,-3.744662,-33.770103
"Private hot tub - available seasonally, open 24 hours",Facilities/Outdoors,-4.408807,-34.562714
"Private hot tub - available seasonally, open specific hours",Facilities/Outdoors,-4.481704,-34.9547
Private hot tub - open 24 hours,Facilities/Outdoors,-4.9883,-34.91815
Private hot tub - open specific hours,Facilities/Outdoors,-4.8905344,-35.378494
Private indoor pool,Facilities/Outdoors,3.7724001,-37.513485
Private indoor pool - available all year,Facilities/Outdoors,-7.8671355,-43.03762
"Private indoor pool - available all year, open 24 hours",Facilities/Outdoors,-12.019216,-51.110466
"Private indoor pool - available all year, open 24 hours, heated",Facilities/Outdoors,-11.50213,-45.884777
"Private indoor pool - available all year, open 24 hours, heated, pool cover",Facilities/Outdoors,-12.08436,-46.245266
"Private indoor pool - available all year, open 24 hours, lap pool",Facilities/Outdoors,-12.67998,-49.786427
"Private indoor pool - available all year, open 24 hours, pool cover, rooftop",Facilities/Outdoors,-10.632829,-47.95592
"Private indoor pool - available all year, open 24 hours, pool toys",Facilities/Outdoors,-17.203697,-34.159534
"Private indoor pool - available all year, open 24 hours, saltwater",Facilities/Outdoors,-16.99522,-43.26237
"Private indoor pool - available all year, open specific hours, heated, rooftop",Facilities/Outdoors,-10.085286,-47.51464
"Private indoor pool - available all year, saltwater",Facilities/Outdoors,-13.517156,-40.978348
"Private indoor pool - available seasonally, open 24 hours, lap pool, pool cover, rooftop, saltwater",Facilities/Outdoors,-17.85489,-44.46006
"Private indoor pool - available seasonally, open specific hours, heated, lap pool, pool cover, pool toys, saltwater",Facilities/Outdoors,-17.180664,-37.623707
"Private indoor pool - available seasonally, pool cover",Facilities/Outdoors,-9.290304,-41.047935
Private living room,Other,7.027652,-20.594376
Private outdoor kitchen,Kitchen/Dining,15.896248,-19.842546
Private outdoor pool,Facilities/Outdoors,3.7209384,-37.6477
Private outdoor pool - ,Facilities/Outdoors,3.7507513,-37.59211
Private outdoor pool - available all year,Facilities/Outdoors,-7.8489814,-42.782677
"Private outdoor pool - available all year, heated",Facilities/Outdoors,-10.7303295,-43.28182
"Private outdoor pool - available all year, heated, pool cover",Facilities/Outdoors,-10.624281,-41.857925
"Private outdoor pool - available all year, heated, pool cover, pool toys",Facilities/Outdoors,-14.324047,-35.786903
"Private outdoor pool - available all year, heated, pool cover, rooftop",Facilities/Outdoors,-10.695065,-41.95164
"Private outdoor pool - available all year, heated, pool cover, saltwater",Facilities/Outdoors,-12.008671,-41.714542
"Private outdoor pool - available all year, heated, saltwater",Facilities/Outdoors,-12.518194,-41.86442
"Private outdoor pool - available all year, infinity",Facilities/Outdoors,-7.4737506,-43.040077
"Private outdoor pool - available all year, lap pool",Facilities/Outdoors,-8.525918,-43.317802
"Private outdoor pool - available all year, open 24 hours",Facilities/Outdoors,-12.123233,-51.02658
"Private outdoor pool - available all year, open 24 hours, heated",Facilities/Outdoors,-11.554565,-45.318108
"Private outdoor pool - available all year, open 24 hours, heated, infinity",Facilities/Outdoors,-11.979478,-45.45119
"Private outdoor pool - available all year, open 24 hours, heated, infinity, lap pool, pool cover",Facilities/Outdoors,-12.925659,-45.86783
"Private outdoor pool - available all year, open 24 hours, heated, infinity, olympic-sized, pool cover, pool toys",Facilities/Outdoors,-15.444662,-36.195236
"Private outdoor pool - available all year, open 24 hours, heated, infinity, pool cover",Facilities/Outdoors,-12.837806,-45.956333
"Private outdoor pool - available all year, open 24 hours, heated, infinity, pool cover, pool toys",Facilities/Outdoors,-15.69064,-36.08705
"Private outdoor pool - available all year, open 24 hours, heated, infinity, pool cover, saltwater",Facilities/Outdoors,-13.992598,-44.559628
"Private outdoor pool - available all year, open 24 hours, heated, infinity, saltwater",Facilities/Outdoors,-13.995938,-43.734554
"Private outdoor pool - available all year, open 24 hours, heated, lap pool",Facilities/Outdoors,-12.400004,-45.448765
"Private outdoor pool - available all year, open 24 hours, heated, lap pool, pool cover, pool toys",Facilities/Outdoors,-15.722426,-36.08682
"Private outdoor pool - available all year, open 24 hours, heated, lap pool, pool cover, saltwater",Facilities/Outdoors,-14.1674185,-44.611633
"Private outdoor pool - available all year, open 24 hours, heated, lap pool, saltwater",Facilities/Outdoors,-14.1264715,-44.033806
"Private outdoor pool - available all year, open 24 hours, heated, pool cover",Facilities/Outdoors,-12.818285,-45.92769
"Private outdoor pool - available all year, open 24 hours, heated, pool cover, pool toys",Facilities/Outdoors,-15.766185,-35.981316
"Private outdoor pool - available all year, open 24 hours, heated, pool cover, pool toys, saltwater",Facilities/Outdoors,-16.671116,-36.78888
"Private outdoor pool - available all year, open 24 hours, heated, pool cover, pool toys, water slide",Facilities/Outdoors,-15.838573,-36.13601
"Private outdoor pool - available all year, open 24 hours, heated, pool cover, saltwater",Facilities/Outdoors,-14.127379,-44.53167
"Private outdoor pool - available all year, open 24 hours, heated, pool cover, saltwater, water slide",Facilities/Outdoors,-14.064156,-45.121758
"Private outdoor pool - available all year, open 24 hours, heated, pool cover, water slide",Facilities/Outdoors,-13.678842,-45.791103
"Private outdoor pool - available all year, open 24 hours, heated, pool toys",Facilities/Outdoors,-15.798345,-35.606266
"Private outdoor pool - available all year, open 24 hours, heated, pool toys, saltwater",Facilities/Outdoors,-16.924238,-36.583336
"Private outdoor pool - available all year, open 24 hours, heated, rooftop, saltwater",Facilities/Outdoors,-14.315558,-43.503212
"Private outdoor pool - available all year, open 24 hours, heated, saltwater",Facilities/Outdoors,-14.027777,-43.71721
"Private outdoor pool - available all year, open 24 hours, infinity",Facilities/Outdoors,-12.494818,-50.854336
"Private outdoor pool - available all year, open 24 hours, infinity, lap pool",Facilities/Outdoors,-12.853419,-49.557156
"Private outdoor pool - available all year, open 24 hours, infinity, pool cover",Facilities/Outdoors,-13.565785,-47.40631
"Private outdoor pool - available all year, open 24 hours, infinity, pool cover, pool toys",Facilities/Outdoors,-16.48799,-35.218327
"Private outdoor pool - available all year, open 24 hours, infinity, pool cover, saltwater",Facilities/Outdoors,-15.410382,-44.534237
"Private outdoor pool - available all year, open 24 hours, infinity, pool toys",Facilities/Outdoors,-16.939922,-34.653458
"Private outdoor pool - available all year, open 24 hours, infinity, pool toys, saltwater",Facilities/Outdoors,-17.490593,-35.80243
"Private outdoor pool - available all year, open 24 hours, infinity, rooftop",Facilities/Outdoors,-10.22455,-48.565178
"Private outdoor pool - available all year, open 24 hours, infinity, saltwater",Facilities/Outdoors,-16.44812,-43.55633
"Private outdoor pool - available all year, open 24 hours, lap pool",Facilities/Outdoors,-12.971829,-49.47875
"Private outdoor pool - available all year, open 24 hours, lap pool, pool cover",Facilities/Outdoors,-13.732545,-47.804623
"Private outdoor pool - available all year, open 24 hours, lap pool, pool cover, saltwater",Facilities/Outdoors,-15.229386,-44.434727
"Private outdoor pool - available all year, open 24 hours, lap pool, pool toys",Facilities/Outdoors,-16.63672,-34.780636
"Private outdoor pool - available all year, open 24 hours, lap pool, rooftop",Facilities/Outdoors,-10.686744,-48.43235
"Private outdoor pool - available all year, open 24 hours, lap pool, saltwater",Facilities/Outdoors,-15.74929,-43.62013
"Private outdoor pool - available all year, open 24 hours, pool cover",Facilities/Outdoors,-13.726298,-47.49635
"Private outdoor pool - available all year, open 24 hours, pool cover, pool toys",Facilities/Outdoors,-16.299011,-35.25241
"Private outdoor pool - available all year, open 24 hours, pool cover, pool toys, rooftop",Facilities/Outdoors,-16.454412,-35.340225
"Private outdoor pool - available all year, open 24 hours, pool cover, pool toys, saltwater",Facilities/Outdoors,-17.04499,-36.251766
"Private outdoor pool - available all year, open 24 hours, pool cover, pool toys, water slide",Facilities/Outdoors,-16.315104,-35.49007
"Private outdoor pool - available all year, open 24 hours, pool cover, rooftop",Facilities/Outdoors,-10.661471,-48.123466
"Private outdoor pool - available all year, open 24 hours, pool cover, saltwater",Facilities/Outdoors,-15.419555,-44.526924
"Private outdoor pool - available all year, open 24 hours, pool cover, water slide",Facilities/Outdoors,-14.940346,-47.271946
"Private outdoor pool - available all year, open 24 hours, pool toys",Facilities/Outdoors,-16.754929,-34.51018
"Private outdoor pool - available all year, open 24 hours, pool toys, saltwater",Facilities/Outdoors,-17.425238,-35.940308
"Private outdoor pool - available all year, open 24 hours, rooftop",Facilities/Outdoors,-10.164984,-48.502617
"Private outdoor pool - available all year, open 24 hours, saltwater",Facilities/Outdoors,-16.519917,-43.61421
"Private outdoor pool - available all year, open 24 hours, water slide",Facilities/Outdoors,-15.51832,-47.57536
"Private outdoor pool - available all year, open specific hours",Facilities/Outdoors,-12.422019,-51.525906
"Private outdoor pool - available all year, open specific hours, heated",Facilities/Outdoors,-11.299427,-45.41554
"Private outdoor pool - available all year, open specific hours, heated, lap pool, pool cover, saltwater",Facilities/Outdoors,-14.455772,-44.654926
"Private outdoor pool - available all year, open specific hours, heated, pool cover, pool toys, saltwater",Facilities/Outdoors,-16.79684,-36.96582
"Private outdoor pool - available all year, open specific hours, heated, pool cover, rooftop, saltwater",Facilities/Outdoors,-14.552388,-44.31855
"Private outdoor pool - available all year, open specific hours, heated, rooftop",Facilities/Outdoors,-10.063404,-47.619816
"Private outdoor pool - available all year, open specific hours, infinity",Facilities/Outdoors,-12.622986,-51.34186
"Private outdoor pool - available all year, open specific hours, infinity, saltwater",Facilities/Outdoors,-16.575329,-43.66617
"Private outdoor pool - available all year, open specific hours, lap pool",Facilities/Outdoors,-12.963416,-49.736557
"Private outdoor pool - available all year, open specific hours, lap pool, saltwater",Facilities/Outdoors,-15.9202385,-43.690907
"Private outdoor pool - available all year, open specific hours, pool cover",Facilities/Outdoors,-14.10281,-47.73225
"Private outdoor pool - available all year, open specific hours, pool cover, saltwater",Facilities/Outdoors,-15.641836,-44.488735
"Private outdoor pool - available all year, open specific hours, pool cover, water slide",Facilities/Outdoors,-15.082544,-47.297966
"Private outdoor pool - available all year, open specific hours, pool toys, saltwater",Facilities/Outdoors,-17.546515,-36.064396
"Private outdoor pool - available all year, open specific hours, rooftop",Facilities/Outdoors,-9.886314,-48.405617
"Private outdoor pool - available all year, open specific hours, saltwater",Facilities/Outdoors,-16.604237,-43.74416
"Private outdoor pool - available all year, open specific hours, water slide",Facilities/Outdoors,-15.550424,-47.566982
"Private outdoor pool - available all year, pool cover",Facilities/Outdoors,-9.718459,-41.691742
"Private outdoor pool - available all year, pool cover, saltwater",Facilities/Outdoors,-12.116518,-41.44552
"Private outdoor pool - available all year, pool toys",Facilities/Outdoors,-13.88715,-35.317535
"Private outdoor pool - available all year, pool toys, saltwater",Facilities/Outdoors,-13.647649,-35.274353
"Private outdoor pool - available all year, rooftop",Facilities/Outdoors,-4.5655346,-42.16913
"Private outdoor pool - available all year, saltwater",Facilities/Outdoors,-13.355389,-41.09335
Private outdoor pool - available seasonally,Facilities/Outdoors,-7.892042,-42.08121
"Private outdoor pool - available seasonally, heated",Facilities/Outdoors,-10.685862,-43.44281
"Private outdoor pool - available seasonally, open 24 hours",Facilities/Outdoors,-11.070175,-51.490536
"Private outdoor pool - available seasonally, open 24 hours, heated",Facilities/Outdoors,-10.617335,-45.34947
"Private outdoor pool - available seasonally, open 24 hours, heated, pool cover, saltwater",Facilities/Outdoors,-16.133352,-45.454777
"Private outdoor pool - available seasonally, open 24 hours, lap pool",Facilities/Outdoors,-13.686665,-49.57526
"Private outdoor pool - available seasonally, open 24 hours, lap pool, olympic-sized, pool cover",Facilities/Outdoors,-14.466973,-48.798893
"Private outdoor pool - available seasonally, open 24 hours, lap pool, pool cover",Facilities/Outdoors,-14.355139,-48.9448
"Private outdoor pool - available seasonally, open 24 hours, pool cover",Facilities/Outdoors,-14.770696,-49.02491
"Private outdoor pool - available seasonally, open 24 hours, pool cover, pool toys",Facilities/Outdoors,-15.901932,-34.496838
"Private outdoor pool - available seasonally, open 24 hours, pool cover, saltwater",Facilities/Outdoors,-16.719149,-45.17105
"Private outdoor pool - available seasonally, open 24 hours, pool cover, water slide",Facilities/Outdoors,-15.097895,-48.33962
"Private outdoor pool - available seasonally, open 24 hours, pool toys",Facilities/Outdoors,-16.28266,-33.953056
"Private outdoor pool - available seasonally, open 24 hours, rooftop",Facilities/Outdoors,-9.63993,-49.058273
"Private outdoor pool - available seasonally, open 24 hours, saltwater",Facilities/Outdoors,-17.240854,-44.976562
"Private outdoor pool - available seasonally, open specific hours",Facilities/Outdoors,-10.428447,-51.736893
"Private outdoor pool - available seasonally, open specific hours, heated",Facilities/Outdoors,-10.51683,-45.422565
"Private outdoor pool - available seasonally, open specific hours, heated, pool cover, pool toys",Facilities/Outdoors,-15.487383,-34.804955
"Private outdoor pool - available seasonally, open specific hours, heated, saltwater",Facilities/Outdoors,-16.844065,-45.52064
"Private outdoor pool - available seasonally, open specific hours, infinity, pool cover",Facilities/Outdoors,-15.000859,-49.550797
"Private outdoor pool - available seasonally, open specific hours, pool cover",Facilities/Outdoors,-14.959158,-49.42582
"Private outdoor pool - available seasonally, open specific hours, pool cover, pool toys",Facilities/Outdoors,-15.713509,-34.464413
"Private outdoor pool - available seasonally, open specific hours, pool cover, saltwater",Facilities/Outdoors,-16.757624,-45.20072
"Private outdoor pool - available seasonally, open specific hours, rooftop",Facilities/Outdoors,-9.5426235,-49.080914
"Private outdoor pool - available seasonally, open specific hours, saltwater",Facilities/Outdoors,-17.220222,-45.121838
"Private outdoor pool - available seasonally, pool cover",Facilities/Outdoors,-9.420544,-41.16615
"Private outdoor pool - available seasonally, pool cover, pool toys",Facilities/Outdoors,-14.1732,-35.46055
"Private outdoor pool - available seasonally, saltwater",Facilities/Outdoors,-13.460618,-41.127064
Private outdoor pool - heated,Facilities/Outdoors,8.229791,-45.07225
"Private outdoor pool - heated, infinity",Facilities/Outdoors,9.113218,-45.592228
"Private outdoor pool - heated, infinity, saltwater",Facilities/Outdoors,8.231463,-43.604053
"Private outdoor pool - heated, lap pool, saltwater",Facilities/Outdoors,7.9492044,-43.296185
"Private outdoor pool - heated, pool cover",Facilities/Outdoors,6.8108215,-44.993195
"Private outdoor pool - heated, pool cover, saltwater",Facilities/Outdoors,7.5938973,-43.630753
"Private outdoor pool - heated, saltwater",Facilities/Outdoors,8.121891,-43.409958
Private outdoor pool - infinity,Facilities/Outdoors,3.0612173,-38.81377
"Private outdoor pool - infinity, saltwater",Facilities/Outdoors,2.3337421,-39.885166
Private outdoor pool - lap pool,Facilities/Outdoors,3.7033339,-38.120224
"Private outdoor pool - lap pool, saltwater",Facilities/Outdoors,2.3201237,-40.322315
Private outdoor pool - open 24 hours,Facilities/Outdoors,-12.508428,-57.54482
"Private outdoor pool - open 24 hours, heated",Facilities/Outdoors,-12.632678,-56.50692
"Private outdoor pool - open 24 hours, infinity, lap pool, rooftop",Facilities/Outdoors,-11.961831,-59.71824
"Private outdoor pool - open 24 hours, pool cover",Facilities/Outdoors,-12.911179,-57.39529
"Private outdoor pool - open 24 hours, pool cover, saltwater",Facilities/Outdoors,-13.638364,-57.329666
"Private outdoor pool - open 24 hours, saltwater",Facilities/Outdoors,-13.587867,-57.377377
"Private outdoor pool - open 24 hours, water slide",Facilities/Outdoors,-12.768381,-57.636497
Private outdoor pool - open specific hours,Facilities/Outdoors,-9.577614,-58.348293
"Private outdoor pool - open specific hours, pool toys, rooftop",Facilities/Outdoors,-16.072163,-32.657253
Private outdoor pool - pool cover,Facilities/Outdoors,4.052588,-43.265606
"Private outdoor pool - pool cover, saltwater",Facilities/Outdoors,3.3360705,-42.548637
Private outdoor pool - pool toys,Facilities/Outdoors,-12.072783,-34.892784
"Private outdoor pool - pool toys, saltwater",Facilities/Outdoors,-12.818767,-35.058086
Private outdoor pool - rooftop,Facilities/Outdoors,-1.9676983,-41.259132
Private outdoor pool - saltwater,Facilities/Outdoors,2.2266548,-40.28183
Private patio or balcony,Other,9.971624,-31.555984
Private pool,Facilities/Outdoors,3.2333305,-36.691925
Private pool - ,Facilities/Outdoors,3.2093008,-36.63707
Private pool - available all year,Facilities/Outdoors,-7.705253,-44.163177
"Private pool - available all year, heated",Facilities/Outdoors,-10.667882,-43.42849
"Private pool - available all year, open 24 hours",Facilities/Outdoors,-11.1914215,-53.24913
"Private pool - available all year, open 24 hours, heated, pool cover",Facilities/Outdoors,-12.197488,-46.728203
"Private pool - available all year, open 24 hours, heated, pool cover, pool toys",Facilities/Outdoors,-15.841591,-36.83221
"Private pool - available all year, open 24 hours, heated, pool cover, pool toys, saltwater, water slide",Facilities/Outdoors,-16.253773,-37.15588
"Private pool - available all year, open 24 hours, heated, pool cover, rooftop",Facilities/Outdoors,-11.017328,-47.36192
"Private pool - available all year, open 24 hours, lap pool, saltwater",Facilities/Outdoors,-16.832443,-42.741013
"Private pool - available all year, open 24 hours, pool cover",Facilities/Outdoors,-12.484385,-47.763233
"Private pool - available all year, open 24 hours, pool toys",Facilities/Outdoors,-17.34956,-34.208885
"Private pool - available all year, open 24 hours, saltwater",Facilities/Outdoors,-16.997198,-42.937286
"Private pool - available all year, open specific hours",Facilities/Outdoors,-10.442407,-54.20164
"Private pool - available all year, open specific hours, lap pool",Facilities/Outdoors,-12.045218,-53.29662
"Private pool - available all year, pool cover",Facilities/Outdoors,-9.372659,-42.21731
"Private pool - available all year, saltwater",Facilities/Outdoors,-13.570542,-40.94241
Private pool - available seasonally,Facilities/Outdoors,-7.2634225,-45.269783
"Private pool - available seasonally, open 24 hours",Facilities/Outdoors,-10.274069,-52.742085
"Private pool - available seasonally, open 24 hours, pool cover, saltwater",Facilities/Outdoors,-17.417265,-44.813892
"Private pool - available seasonally, open specific hours",Facilities/Outdoors,-9.601749,-53.174816
Private pool - heated,Facilities/Outdoors,8.538078,-45.012424
"Private pool - heated, infinity",Facilities/Outdoors,9.408731,-45.513546
"Private pool - heated, saltwater",Facilities/Outdoors,8.3947115,-43.455883
Private pool - infinity,Facilities/Outdoors,2.3204987,-37.464535
Private pool - open 24 hours,Facilities/Outdoors,-12.1324005,-57.579666
"Private pool - open 24 hours, rooftop",Facilities/Outdoors,-11.915933,-59.710606
Private pool - pool cover,Facilities/Outdoors,4.188456,-43.34298
"Private pool - pool cover, pool toys",Facilities/Outdoors,-12.300014,-35.243248
Private pool - pool toys,Facilities/Outdoors,-11.984917,-35.013927
Private pool - saltwater,Facilities/Outdoors,2.0426376,-40.132053
Private sauna,Facilities/Outdoors,-1.6177574,-29.444653
Privately made glycerine hand soap and liquid hand soap body soap,Bathroom/Bedroom,-7.136688,77.93054
Privileg refrigerator,Kitchen/Dining,1.361242,5.423877
Projector and screen,Other,-38.477123,18.967716
Property manager,Other,23.81161,17.42035
Propr body soap,Bathroom/Bedroom,3.9067652,69.96665
Propr conditioner,Other,30.669046,22.822443
Protein Plus conditioner,Other,30.395737,26.506607
Protein Plus shampoo,Bathroom/Bedroom,35.181927,52.864204
Protex  body soap,Bathroom/Bedroom,-10.853512,69.2943
Protex Detol Lux body soap,Bathroom/Bedroom,-11.06108,68.98334
Protex body soap,Bathroom/Bedroom,-10.853512,69.29545
"Protex, sunlight or lux body soap",Bathroom/Bedroom,-11.918564,68.68582
Proudly South Africa body soap,Bathroom/Bedroom,11.906595,77.38773
Provenance body soap,Kitchen/Dining,4.5222087,60.49784
Provided  body soap,Bathroom/Bedroom,3.9713519,64.24001
Provided conditioner,Other,29.499926,23.137165
Pump soap body soap,Bathroom/Bedroom,-0.019623863,67.08169
Pure Soap - Fragrance and Colour free glycerine soap body soap,Bathroom/Bedroom,-6.6233573,76.84846
Pure Soap body soap,Bathroom/Bedroom,2.314207,67.982285
Pure body soap,Bathroom/Bedroom,2.915457,67.83214
Quality hospitality brand body soap,Bathroom/Bedroom,-3.993938,56.783794
Quality hospitality brand conditioner,Other,20.89776,26.264397
Quality refrigerator,Kitchen/Dining,2.7602386,5.9268465
RR body soap,Bathroom/Bedroom,4.50342,61.92708
RR shampoo,Bathroom/Bedroom,35.498177,54.859196
Radiant heating,Climate Control,22.56221,-16.535013
Radio & cd player sound system,Entertainment/Tech,-41.38233,39.107674
"Radio, CD and cassette tape player combination sound system",Entertainment/Tech,-41.39997,39.089676
Radix body soap,Bathroom/Bedroom,-13.021935,76.40344
Radox  body soap,Bathroom/Bedroom,-12.979758,76.32019
Radox  conditioner,Other,32.171764,23.300554
Radox Body wash body soap,Bathroom/Bedroom,-12.6466255,76.28309
Radox Bodywash body soap,Bathroom/Bedroom,-12.7027235,76.29865
Radox Shower gel body soap,Bathroom/Bedroom,-12.960703,53.41264
Radox and Dove body soap,Bathroom/Bedroom,-13.392239,76.112076
Radox body soap,Bathroom/Bedroom,-12.979758,76.32019
Radox or similar  body soap,Bathroom/Bedroom,-12.978088,76.342285
Rain body soap,Bathroom/Bedroom,7.9912167,64.08648
Rain conditioner,Other,35.998463,21.710575
Random body soap,Bathroom/Bedroom,2.515647,64.68985
Random conditioner,Other,29.156485,20.539677
Random shampoo,Bathroom/Bedroom,36.93758,55.053665
Rebul body soap,Bathroom/Bedroom,-5.306727,66.050026
Rebul shampoo,Bathroom/Bedroom,32.46346,51.973793
Record player,Other,-39.57379,38.32739
Reese shampoo,Bathroom/Bedroom,14.049136,42.1694
Refrigerator,Kitchen/Dining,2.8180835,4.606111
Refrigerator  refrigerator,Kitchen/Dining,1.9843332,6.3305397
Refrigerator and two vegetable chiller drawers refrigerator,Kitchen/Dining,-1.1055315,9.237471
Refrigerator refrigerator,Kitchen/Dining,1.9843332,6.3305397
Refrigerator with freezer compartment refrigerator,Kitchen/Dining,-1.0145247,8.417812
Regular brand conditioner,Other,24.091345,27.17422
Renew body soap,Bathroom/Bedroom,-5.192557,67.35725
Renew conditioner,Other,32.642845,21.360744
Renew conditioner 0and shampoo shampoo,Bathroom/Bedroom,46.12871,39.772438
Renew conditioner and shampoo conditioner,Bathroom/Bedroom,46.0035,39.524727
Renew shampoo,Bathroom/Bedroom,46.286663,40.105186
Resort access,Climate Control,2.431851,-29.565975
Resort view,Other,2.9758716,-29.464537
Rest Easy body butter body soap,Bathroom/Bedroom,10.000407,58.465218
Rest Easy body soap,Bathroom/Bedroom,9.893881,58.557316
Rest Easy coco butter  body soap,Bathroom/Bedroom,10.135521,58.344036
Rest Easy coco butter  conditioner,Other,27.071438,36.24581
Rest Easy coco butter  shampoo,Bathroom/Bedroom,31.194519,49.959297
Rest Easy shampoo,Bathroom/Bedroom,31.938093,50.716267
Rest easy  conditioner,Other,26.617966,34.630947
Rest easy body soap,Bathroom/Bedroom,9.893881,58.557316
Rest easy conditioner,Other,26.617966,34.630947
Rest easy shampoo,Bathroom/Bedroom,31.938267,50.715652
Revlon shampoo,Bathroom/Bedroom,36.25454,58.2264
Rice maker,Other,18.928444,-10.054949
Ritual body soap,Bathroom/Bedroom,9.842552,68.219536
Rituals body soap,Bathroom/Bedroom,9.843947,68.22642
Rituals conditioner,Other,29.408182,26.429237
Rituals shampoo,Bathroom/Bedroom,32.89192,55.131195
River view,Other,6.048612,-30.342205
Riversong body soap,Bathroom/Bedroom,5.623188,66.37667
Rockit sound system with aux,Entertainment/Tech,-44.080868,42.619976
Rooibos & Cinnamon based shampoo shampoo,Bathroom/Bedroom,38.757065,41.726917
Rooibos & Honey based conditioner conditioner,Other,37.286236,33.276356
Rooibos & Honey-based conditioner conditioner,Other,37.284855,33.282547
Rooibos Organic body soap,Bathroom/Bedroom,7.450399,75.43109
Rooibos Organic shampoo,Bathroom/Bedroom,38.922863,41.77855
Rooibos Organics conditioner,Other,37.37224,32.078453
Rooibos body soap,Bathroom/Bedroom,7.4724483,75.33241
Rooibos liquid soap body soap,Bathroom/Bedroom,7.450026,75.335144
Rooibos organics body soap,Bathroom/Bedroom,7.4576387,75.44398
Rooisbos Organic conditioner,Other,37.362923,32.055893
Room-darkening shades,Other,24.23474,15.005359
Rosiere stainless steel gas stove,Kitchen/Dining,51.363956,-16.576267
Rosieres  stainless steel double oven,Kitchen/Dining,45.849194,4.8604097
Rosieres double oven,Kitchen/Dining,45.540146,5.9223723
Rosieres double oven with 5 gas burner stainless steel oven,Kitchen/Dining,45.71708,4.682525
Rosieres gas stove,Kitchen/Dining,51.18834,-17.218937
Rosieres oven,Kitchen/Dining,45.5425,6.0098777
Rosieres stainless steel gas stove,Kitchen/Dining,51.354923,-16.559578
Rosieres stainless steel single oven,Kitchen/Dining,46.04093,4.8537893
Rosieriers stainless steel stove,Kitchen/Dining,51.286957,-16.516554
Rosiers electric stove,Kitchen/Dining,51.072063,-17.305126
Rosières stainless steel single oven,Kitchen/Dining,46.041065,4.8536954
Rotel surround sound Bluetooth Speaker sound system,Entertainment/Tech,-48.868923,57.323566
Rotel surround sound Bluetooth sound system,Entertainment/Tech,-48.87623,57.32385
Rotel with B&W speakers Bluetooth sound system,Entertainment/Tech,-48.903774,57.368904
Rotisserie large exclusive Rosiéres multi functio stainless steel single oven,Kitchen/Dining,46.351078,4.8900537
Roundtrip airport transfer,Other,-31.106066,-52.30596
Russel Hobbs  oven,Kitchen/Dining,38.136066,-5.1839223
Russel Hobbs stainless steel oven,Kitchen/Dining,38.414886,-5.1467023
Russel Hobs stainless steel oven,Kitchen/Dining,38.803074,-5.067174
Russell Hobbs 2 plate stove top electric stove,Kitchen/Dining,66.09174,-21.819654
Russell Hobbs Air fryer oven,Kitchen/Dining,25.972204,-1.5942335
Russell Hobbs electric stove,Kitchen/Dining,66.121796,-21.69997
Russell Hobbs induction stove,Kitchen/Dining,66.28686,-21.592175
Russell Hobbs oven,Kitchen/Dining,37.99096,-5.192779
S Meg oven,Kitchen/Dining,41.22237,-8.311815
SAMSUNG  refrigerator,Kitchen/Dining,-9.023919,8.5322
SAMSUNG BESPOKE 35L CONVECTION MICROWAVE OVEN oven,Kitchen/Dining,27.392855,-8.7235565
SAMSUNG DOUBLE DOOR refrigerator,Kitchen/Dining,-8.8866625,14.806282
SAMSUNG TV sound system with Bluetooth and aux,Entertainment/Tech,-38.35422,52.71614
SAMSUNG WITH ICEMAKER refrigerator,Kitchen/Dining,-10.191831,9.836595
SAMSUNG refrigerator,Kitchen/Dining,-9.024043,8.531957
SAMSUNG sound system with Bluetooth and aux,Entertainment/Tech,-38.724182,52.177856
SAMSUNG sound system with aux,Entertainment/Tech,-42.01925,44.501595
"SAMSUNG, WITH ICE DISPENSER refrigerator",Kitchen/Dining,-10.4915495,9.69801
SCENT body soap,Bathroom/Bedroom,-2.523481,71.12269
SCENT conditioner,Other,27.290537,31.527258
SCENT shampoo,Bathroom/Bedroom,32.252064,56.169617
SIEMANS refrigerator,Kitchen/Dining,8.858651,5.5221105
SIEMENS electric stove,Kitchen/Dining,63.386833,-14.910961
SIEMENS gas stove,Kitchen/Dining,62.789894,-15.258434
SIEMENS induction stove,Kitchen/Dining,68.73465,-16.424341
SIEMENS oven,Kitchen/Dining,37.29476,0.10766281
SIEMENS refrigerator,Kitchen/Dining,4.7432046,13.457634
SIEMENS stainless steel electric stove,Kitchen/Dining,62.34169,-14.134503
SIEMENS stainless steel gas stove,Kitchen/Dining,62.041386,-14.634818
SIEMENS stainless steel induction stove,Kitchen/Dining,69.003685,-15.817112
SIEMENS stainless steel oven,Kitchen/Dining,36.39383,0.015967516
SMEG  gas stove,Kitchen/Dining,61.890198,-1.3989832
SMEG  oven,Kitchen/Dining,53.267303,5.4627004
SMEG  oven stainless steel single oven,Kitchen/Dining,51.460415,2.7037604
SMEG  refrigerator,Kitchen/Dining,11.96065,10.9991665
SMEG  single oven,Kitchen/Dining,52.219643,6.2305737
SMEG  stainless steel double oven,Kitchen/Dining,50.619328,3.7022898
SMEG  stainless steel gas stove,Kitchen/Dining,61.79261,-3.7450345
SMEG  stainless steel induction stove,Kitchen/Dining,65.00305,-4.8117003
SMEG  stainless steel oven,Kitchen/Dining,52.947247,2.6005125
SMEG & Siemens stainless steel oven,Kitchen/Dining,52.94851,3.1943328
SMEG (Gas) stainless steel oven,Kitchen/Dining,54.543674,2.278184
SMEG - GAS HOB ELECTRIC OVEN stove,Kitchen/Dining,62.068226,1.0565821
"SMEG 5 plate gas hob , electric oven  gas stove",Kitchen/Dining,62.390846,0.9925511
SMEG OVEN stainless steel oven,Kitchen/Dining,52.903168,2.4374845
SMEG double oven,Kitchen/Dining,51.466656,5.677151
SMEG electric oven stainless steel oven,Kitchen/Dining,53.434948,2.1412609
SMEG electric stove,Kitchen/Dining,63.06924,-1.2031506
SMEG gas oven  stainless steel oven,Kitchen/Dining,54.66921,2.1983168
SMEG gas stove,Kitchen/Dining,61.890198,-1.3989832
SMEG gas with 6 burners and an oven stainless steel gas stove,Kitchen/Dining,61.183533,-1.7449225
SMEG induction stove,Kitchen/Dining,65.2415,-4.060289
SMEG large capacity fridge and freezer refrigerator,Kitchen/Dining,12.029001,12.046438
SMEG oven,Kitchen/Dining,53.267303,5.4627004
SMEG refrigerator,Kitchen/Dining,11.96065,10.9991665
SMEG single oven,Kitchen/Dining,52.21957,6.2306147
SMEG stainless steel double oven,Kitchen/Dining,50.619637,3.701682
SMEG stainless steel electric stove,Kitchen/Dining,62.98495,-3.9666278
SMEG stainless steel gas stove,Kitchen/Dining,61.792053,-3.7449703
SMEG stainless steel induction stove,Kitchen/Dining,65.00234,-4.8115516
SMEG stainless steel oven,Kitchen/Dining,52.947247,2.6005125
SMEG stainless steel single oven,Kitchen/Dining,51.525494,2.7466016
SMEG stainless steel stove,Kitchen/Dining,62.728123,-3.911075
SMEG stove,Kitchen/Dining,62.617844,-1.2983072
SMEG with small freezer compartment  refrigerator,Kitchen/Dining,12.062687,11.813046
"SMEG, a large SMEG refigerator with freezer refrigerator",Kitchen/Dining,12.015883,11.630084
SMEG--GAS HOB AND ELECTRIC OVEN stainless steel gas stove,Kitchen/Dining,61.820583,1.2311137
SMEG.  Gas Hob.  Electric oven stainless steel stove,Kitchen/Dining,60.852486,1.0207962
SMEG.  Gas Hob. Electric oven stainless steel oven,Kitchen/Dining,55.28057,2.893696
SME’s stainless steel oven,Kitchen/Dining,52.418888,1.6973403
SONOS Bluetooth sound system,Entertainment/Tech,-34.99023,45.40703
SONOS sound system,Entertainment/Tech,-35.49461,42.951305
SONOS sound system with Bluetooth and aux,Entertainment/Tech,-35.901096,45.40931
SONY Bluetooth sound system,Entertainment/Tech,-42.37345,52.521046
SONY sound system with aux,Entertainment/Tech,-42.321682,42.336823
SWISS refrigerator,Kitchen/Dining,6.8327794,6.062263
Safe,Safety,20.454914,-24.167562
Salex body soap,Bathroom/Bedroom,2.0011883,59.72458
Salon Professional conditioner,Other,24.786524,32.355484
Salon Professional shampoo,Bathroom/Bedroom,36.88745,56.697098
Salon conditioner,Other,24.855745,32.299706
Salon shampoo,Bathroom/Bedroom,36.563034,56.515717
Salton electric stove,Kitchen/Dining,57.799263,-21.572514
Salton oven,Kitchen/Dining,46.18796,-2.394844
Salton stainless steel single oven,Kitchen/Dining,46.147083,-2.0180213
Sample size no name brand body soap,Bathroom/Bedroom,-4.52192,60.314804
Sample size no name brand shampoo,Bathroom/Bedroom,43.060867,53.318176
Sample was size conditioner,Other,27.51759,20.713696
Sampoo shampoo,Bathroom/Bedroom,34.79107,55.06033
Samsaung  refrigerator,Kitchen/Dining,5.040926,6.0000668
Samsaung sound system with Bluetooth and aux,Entertainment/Tech,-41.475403,49.604813
Samsong Bluetooth sound system,Entertainment/Tech,-43.50368,53.54625
Samsung   refrigerator,Kitchen/Dining,-9.024147,8.532484
Samsung  Bluetooth sound system,Entertainment/Tech,-39.08888,53.40667
Samsung  induction stove,Kitchen/Dining,66.0976,-17.658552
Samsung  oven,Kitchen/Dining,34.108067,-4.13395
Samsung  refrigerator,Kitchen/Dining,-9.023543,8.531987
Samsung  sound system,Entertainment/Tech,-37.16852,51.347206
Samsung  sound system with Bluetooth and aux,Entertainment/Tech,-38.724182,52.177856
Samsung  stainless steel oven,Kitchen/Dining,35.047832,-3.2569156
Samsung  stainless steel stove,Kitchen/Dining,62.92698,-17.74106
Samsung & LG Bluetooth sound system,Entertainment/Tech,-39.63195,53.480724
Samsung (under counter fridge) refrigerator,Kitchen/Dining,-9.290452,8.80811
Samsung - Large. refrigerator,Kitchen/Dining,-8.667019,8.091682
Samsung 300l refrigerator,Kitchen/Dining,-9.596573,8.341596
Samsung B650 Soundbar  sound system,Entertainment/Tech,-35.508118,53.644035
Samsung Bluetooth sound system,Entertainment/Tech,-39.089027,53.406803
Samsung Convection and Microwave Oven stainless steel oven,Kitchen/Dining,26.874445,-8.935547
Samsung Double Door Fridge Freezer refrigerator,Kitchen/Dining,-8.426637,14.257969
"Samsung Double Door, with plumbed Ice and Water dispenser refrigerator",Kitchen/Dining,-9.283925,13.506502
Samsung Double door with filtered water & ice dispenser refrigerator,Kitchen/Dining,-9.227318,13.42687
Samsung Fridge/freezer  refrigerator,Kitchen/Dining,-8.394645,9.58202
Samsung Gas Hob oven,Kitchen/Dining,50.580654,-2.3998995
Samsung Microwave  single oven,Kitchen/Dining,33.52327,-3.8088956
Samsung Smart TV and surround sound  sound system with Bluetooth and aux,Entertainment/Tech,-38.233414,52.868664
Samsung Sound Bar  Bluetooth sound system,Entertainment/Tech,-36.083385,54.29741
Samsung Sound Bar Bluetooth sound system,Entertainment/Tech,-36.083385,54.29741
Samsung Sound-bar Bluetooth sound system,Entertainment/Tech,-36.090702,54.270565
Samsung Soundbar + Subwoofer Bluetooth sound system,Entertainment/Tech,-35.233704,54.766163
Samsung Sounder sound system with Bluetooth and aux,Entertainment/Tech,-38.78916,52.06758
Samsung and hisense  refrigerator,Kitchen/Dining,-9.552243,7.157848
Samsung conditioner,Other,26.52013,23.637508
Samsung convection microwave oven stainless steel oven,Kitchen/Dining,26.893332,-8.904821
Samsung double door  refrigerator,Kitchen/Dining,-8.886589,14.806405
Samsung double door with ice maker and cold water  refrigerator,Kitchen/Dining,-9.25288,13.561016
Samsung double door with ice maker refrigerator,Kitchen/Dining,-9.183017,13.759255
"Samsung double door, dedicated shelves for guests  refrigerator",Kitchen/Dining,-9.395466,15.206956
Samsung double oven,Kitchen/Dining,34.042862,-3.4096818
"Samsung double-door, with freezer refrigerator",Kitchen/Dining,-8.746802,14.200234
Samsung electric stove,Kitchen/Dining,63.41786,-18.118078
Samsung extra large  refrigerator,Kitchen/Dining,-8.228256,8.692998
Samsung family Fridge Freezer refrigerator,Kitchen/Dining,-8.372969,9.746007
Samsung gas stove,Kitchen/Dining,63.323994,-18.14479
Samsung induction stove,Kitchen/Dining,66.097496,-17.65895
Samsung large fridge/freezer refrigerator,Kitchen/Dining,-8.142148,9.246574
Samsung large fridge/freezer with ice maker and water filter refrigerator,Kitchen/Dining,-9.701098,10.348158
Samsung mit Freezer refrigerator,Kitchen/Dining,-8.291979,9.883542
Samsung oven,Kitchen/Dining,34.107334,-4.1342034
Samsung party sound system with Bluetooth and aux,Entertainment/Tech,-38.773792,52.040028
Samsung refrigerator,Kitchen/Dining,-9.024365,8.532231
Samsung single oven,Kitchen/Dining,33.83131,-3.7944686
Samsung sound bar 250 Bluetooth sound system,Entertainment/Tech,-35.936653,54.22966
Samsung sound bar Bluetooth sound system,Entertainment/Tech,-36.082497,54.29637
Samsung sound system with Bluetooth and aux,Entertainment/Tech,-38.724182,52.177856
Samsung sound system with aux,Entertainment/Tech,-42.01925,44.501595
Samsung soundbar  sound system with Bluetooth and aux,Entertainment/Tech,-36.856052,53.763023
Samsung soundbar & subwoofer Bluetooth sound system,Entertainment/Tech,-35.252785,54.753094
Samsung soundbar Bluetooth sound system,Entertainment/Tech,-36.08635,54.26727
Samsung stainless steel double oven,Kitchen/Dining,34.603466,-3.0701342
Samsung stainless steel electric stove,Kitchen/Dining,62.97302,-17.766138
Samsung stainless steel gas stove,Kitchen/Dining,62.93453,-17.818703
Samsung stainless steel oven,Kitchen/Dining,35.04802,-3.2569687
Samsung stainless steel single oven,Kitchen/Dining,34.82733,-3.1831064
Samsung stove,Kitchen/Dining,63.449783,-18.151224
Samsung with cold water dispenser  refrigerator,Kitchen/Dining,-11.540001,10.260095
Samsung with manual water dispenser refrigerator,Kitchen/Dining,-11.637351,10.237464
Samsung with water cooler and ice maker refrigerator,Kitchen/Dining,-10.379752,10.02986
Samsung with water dispenser  refrigerator,Kitchen/Dining,-11.601503,10.237432
Samsung with water dispensor refrigerator,Kitchen/Dining,-11.583476,10.187216
Samsung with water tap unit outside refrigerator,Kitchen/Dining,-11.76228,10.023643
"Samsung, double door  refrigerator",Kitchen/Dining,-9.083539,14.805084
"Samsung, with plumbed in ice maker refrigerator",Kitchen/Dining,-10.300695,9.601938
Sanex  body soap,Bathroom/Bedroom,-10.9444475,57.549335
Sanex body soap,Bathroom/Bedroom,-10.944504,57.549053
Sanex conditioner,Other,30.827085,21.262789
Sanex shower gel body soap,Bathroom/Bedroom,-12.656549,52.977158
Sansui Sound Bar Bluetooth sound system,Entertainment/Tech,-36.17896,55.534027
Sansui/ Dixon sound system,Entertainment/Tech,-38.594097,44.791256
Sanyo sound system with aux,Entertainment/Tech,-44.18336,41.59736
Saponera body soap,Bathroom/Bedroom,7.4649763,68.913246
Satiskin body soap,Bathroom/Bedroom,3.9644935,66.46832
Sauna,Facilities/Outdoors,-1.6114316,-29.423092
Scent  conditioner,Other,27.290447,31.527197
Scent shampoo,Bathroom/Bedroom,32.25208,56.169975
Scentuary body soap,Bathroom/Bedroom,-2.2662308,70.896805
Scentuary shampoo,Bathroom/Bedroom,32.18359,56.258648
Schneider  induction stove,Kitchen/Dining,71.07493,-17.855549
Schwarzkopf  conditioner,Other,28.170671,21.804955
Schwarzkopf  shampoo,Bathroom/Bedroom,38.81003,58.22677
Sea view,Other,5.529672,-29.557632
Security guard,Other,15.544965,-27.222372
"Security guard available 24 hours, every day",Other,15.708418,-27.438646
Security system,Other,15.56595,-27.287785
Seimens  oven,Kitchen/Dining,41.694458,-16.868805
Seimens congélateur distributeur de glaçons et eau refrigerator,Kitchen/Dining,8.370679,7.0751414
Seimens gas stove,Kitchen/Dining,41.993973,-17.119543
Seimens refrigerator,Kitchen/Dining,8.640724,6.981906
Seimens stainless steel oven,Kitchen/Dining,41.690907,-16.845314
Self check-in,Other,4.663568,-20.451057
Shamoo/conditioner organics shampoo,Bathroom/Bedroom,42.412956,40.414257
Shampoo,Bathroom/Bedroom,35.660736,54.75682
Shampoo & Conditioner conditioner,Bathroom/Bedroom,44.7892,37.578037
Shampoo & Conditioner shampoo,Bathroom/Bedroom,44.808193,37.73811
Shampoo / Conditioner 2in1 Rooibos  conditioner,Bathroom/Bedroom,44.152855,36.693684
Shampoo and conditioner combined  conditioner,Bathroom/Bedroom,45.04022,38.009342
Shampoo and conditioner combined  shampoo,Bathroom/Bedroom,45.105854,38.113987
Shampoo and conditioner combined conditioner,Bathroom/Bedroom,45.04036,38.009308
Shampoo and conditioner combined shampoo,Bathroom/Bedroom,45.105854,38.113987
Shampoo conditioner Miss Lynn conditioner,Bathroom/Bedroom,16.229994,39.640488
Shampoo shampoo,Bathroom/Bedroom,35.74748,54.29071
Shared  refrigerator,Kitchen/Dining,-5.0013185,5.807359
Shared BBQ grill,Other,24.127663,-30.374004
Shared BBQ grill: charcoal,Other,24.215353,-29.909351
"Shared BBQ grill: charcoal, gas",Other,24.197493,-29.926949
"Shared BBQ grill: charcoal, gas, wood-burning",Other,24.74585,-29.478949
"Shared BBQ grill: charcoal, wood-burning",Other,24.815428,-29.40827
Shared BBQ grill: electric,Other,23.544586,-30.639559
Shared BBQ grill: gas,Other,24.149475,-30.193808
"Shared BBQ grill: gas, wood-burning",Other,25.060411,-29.420153
Shared BBQ grill: wood-burning,Other,25.270407,-29.265118
Shared backyard,Climate Control,10.422446,-34.02518
Shared backyard – Fully fenced,Climate Control,11.298505,-34.604504
Shared backyard – Not fully fenced,Climate Control,11.377267,-34.672756
Shared beach access,Climate Control,3.005712,-32.064945
Shared beach access – Beachfront,Climate Control,3.073217,-32.024384
Shared fridge in public kitchen.  refrigerator,Kitchen/Dining,-4.9383354,5.806923
Shared gym,Facilities/Outdoors,-5.256995,-17.475855
Shared gym in building,Facilities/Outdoors,-4.9873505,-17.710665
Shared gym nearby,Facilities/Outdoors,-5.273982,-17.404394
Shared hot tub,Facilities/Outdoors,-2.865662,-33.145115
Shared hot tub - available all year,Facilities/Outdoors,-3.3411832,-33.672543
"Shared hot tub - available all year, open 24 hours",Facilities/Outdoors,-4.014141,-34.789886
"Shared hot tub - available all year, open specific hours",Facilities/Outdoors,-4.19956,-35.273094
"Shared hot tub - available seasonally, open specific hours",Facilities/Outdoors,-4.4302917,-35.42395
Shared hot tub - open specific hours,Facilities/Outdoors,-4.816576,-35.636135
Shared indoor pool,Facilities/Outdoors,5.990046,-39.144115
Shared indoor pool - ,Facilities/Outdoors,5.9805946,-39.132725
Shared indoor pool - available all year,Facilities/Outdoors,3.0825121,-50.84076
"Shared indoor pool - available all year, heated",Facilities/Outdoors,5.101914,-49.483368
"Shared indoor pool - available all year, heated, lap pool",Facilities/Outdoors,4.856408,-49.55561
"Shared indoor pool - available all year, open 24 hours",Facilities/Outdoors,-5.4914393,-55.449257
"Shared indoor pool - available all year, open 24 hours, heated",Facilities/Outdoors,-3.140722,-55.37688
"Shared indoor pool - available all year, open 24 hours, infinity",Facilities/Outdoors,-5.409083,-55.445366
"Shared indoor pool - available all year, open 24 hours, lap pool",Facilities/Outdoors,-4.4504757,-55.223183
"Shared indoor pool - available all year, open 24 hours, rooftop",Facilities/Outdoors,0.5581011,-55.810097
"Shared indoor pool - available all year, open 24 hours, saltwater",Facilities/Outdoors,-0.542063,-49.61351
"Shared indoor pool - available all year, open specific hours",Facilities/Outdoors,-5.6789627,-55.757355
"Shared indoor pool - available all year, open specific hours, heated",Facilities/Outdoors,-3.39455,-55.548157
"Shared indoor pool - available all year, open specific hours, heated, lap pool",Facilities/Outdoors,-3.7375584,-55.488045
"Shared indoor pool - available all year, open specific hours, heated, lap pool, saltwater",Facilities/Outdoors,-0.19455333,-50.044117
"Shared indoor pool - available all year, open specific hours, heated, pool cover",Facilities/Outdoors,-3.5679083,-55.723515
"Shared indoor pool - available all year, open specific hours, infinity, pool cover",Facilities/Outdoors,-4.7220006,-56.111034
"Shared indoor pool - available all year, open specific hours, lap pool",Facilities/Outdoors,-4.4272656,-55.38299
"Shared indoor pool - available all year, open specific hours, pool cover",Facilities/Outdoors,-4.70029,-56.08156
"Shared indoor pool - available all year, open specific hours, pool cover, saltwater",Facilities/Outdoors,-0.39265707,-49.733604
"Shared indoor pool - available all year, open specific hours, rooftop",Facilities/Outdoors,0.43703425,-56.009365
"Shared indoor pool - available all year, open specific hours, saltwater",Facilities/Outdoors,-0.41520318,-49.66345
"Shared indoor pool - available all year, rooftop",Facilities/Outdoors,2.1553311,-53.982845
"Shared indoor pool - available seasonally, heated",Facilities/Outdoors,5.5112076,-49.335217
Shared indoor pool - heated,Facilities/Outdoors,7.931519,-46.669025
"Shared indoor pool - heated, lap pool",Facilities/Outdoors,7.849223,-46.87458
Shared indoor pool - lap pool,Facilities/Outdoors,5.9038906,-39.31819
Shared indoor pool - open 24 hours,Facilities/Outdoors,-10.881324,-57.76675
"Shared indoor pool - open specific hours, heated",Facilities/Outdoors,-8.235701,-58.38115
"Shared indoor pool - open specific hours, pool cover",Facilities/Outdoors,-8.665185,-58.45817
"Shared indoor pool - open specific hours, saltwater",Facilities/Outdoors,-8.319663,-60.02026
Shared outdoor kitchen,Kitchen/Dining,15.938056,-19.833933
Shared outdoor pool,Facilities/Outdoors,5.0529947,-39.43487
Shared outdoor pool - ,Facilities/Outdoors,5.0425057,-39.407665
Shared outdoor pool - available all year,Facilities/Outdoors,2.686479,-50.207153
"Shared outdoor pool - available all year, heated",Facilities/Outdoors,4.4500546,-49.002666
"Shared outdoor pool - available all year, heated, infinity",Facilities/Outdoors,4.249907,-49.021534
"Shared outdoor pool - available all year, heated, lap pool",Facilities/Outdoors,4.095261,-49.202827
"Shared outdoor pool - available all year, heated, lap pool, pool toys",Facilities/Outdoors,-11.609418,-32.698517
"Shared outdoor pool - available all year, heated, pool cover",Facilities/Outdoors,3.3181276,-47.216717
"Shared outdoor pool - available all year, heated, pool cover, saltwater",Facilities/Outdoors,1.5184561,-46.04309
"Shared outdoor pool - available all year, heated, pool toys, saltwater",Facilities/Outdoors,-11.019063,-32.492424
"Shared outdoor pool - available all year, heated, saltwater",Facilities/Outdoors,1.021432,-46.177635
"Shared outdoor pool - available all year, infinity",Facilities/Outdoors,2.9195173,-50.177467
"Shared outdoor pool - available all year, infinity, pool cover",Facilities/Outdoors,3.1001434,-46.801247
"Shared outdoor pool - available all year, infinity, rooftop",Facilities/Outdoors,2.01693,-53.75965
"Shared outdoor pool - available all year, lap pool",Facilities/Outdoors,3.2978454,-49.54992
"Shared outdoor pool - available all year, lap pool, rooftop",Facilities/Outdoors,1.7536572,-53.301624
"Shared outdoor pool - available all year, lap pool, saltwater",Facilities/Outdoors,0.5780625,-45.535244
"Shared outdoor pool - available all year, olympic-sized, saltwater",Facilities/Outdoors,0.5502852,-45.042732
"Shared outdoor pool - available all year, open 24 hours",Facilities/Outdoors,-5.9494133,-53.879856
"Shared outdoor pool - available all year, open 24 hours, heated",Facilities/Outdoors,-2.3093524,-53.303833
"Shared outdoor pool - available all year, open 24 hours, heated, infinity, rooftop",Facilities/Outdoors,0.10175809,-53.93083
"Shared outdoor pool - available all year, open 24 hours, heated, lap pool",Facilities/Outdoors,-2.0273438,-52.980904
"Shared outdoor pool - available all year, open 24 hours, heated, lap pool, pool cover, saltwater",Facilities/Outdoors,-1.500367,-46.97893
"Shared outdoor pool - available all year, open 24 hours, heated, lap pool, rooftop",Facilities/Outdoors,-0.43527153,-53.588734
"Shared outdoor pool - available all year, open 24 hours, heated, lap pool, rooftop, saltwater",Facilities/Outdoors,-0.8594202,-47.379665
"Shared outdoor pool - available all year, open 24 hours, heated, pool cover",Facilities/Outdoors,-2.5820022,-52.42136
"Shared outdoor pool - available all year, open 24 hours, heated, pool cover, pool toys, saltwater",Facilities/Outdoors,-10.947432,-31.321318
"Shared outdoor pool - available all year, open 24 hours, heated, pool cover, saltwater",Facilities/Outdoors,-1.5889051,-47.059875
"Shared outdoor pool - available all year, open 24 hours, heated, rooftop",Facilities/Outdoors,0.010476354,-53.841637
"Shared outdoor pool - available all year, open 24 hours, heated, rooftop, saltwater",Facilities/Outdoors,-0.8579874,-47.340244
"Shared outdoor pool - available all year, open 24 hours, heated, saltwater",Facilities/Outdoors,-1.7190357,-47.24113
"Shared outdoor pool - available all year, open 24 hours, infinity",Facilities/Outdoors,-5.828215,-53.972336
"Shared outdoor pool - available all year, open 24 hours, infinity, lap pool",Facilities/Outdoors,-4.0967383,-53.36962
"Shared outdoor pool - available all year, open 24 hours, infinity, pool cover",Facilities/Outdoors,-3.6638792,-51.958996
"Shared outdoor pool - available all year, open 24 hours, infinity, rooftop",Facilities/Outdoors,0.27790174,-54.836967
"Shared outdoor pool - available all year, open 24 hours, lap pool",Facilities/Outdoors,-4.0506725,-53.28405
"Shared outdoor pool - available all year, open 24 hours, lap pool, olympic-sized, pool cover",Facilities/Outdoors,-2.7709854,-51.5974
"Shared outdoor pool - available all year, open 24 hours, lap pool, pool cover",Facilities/Outdoors,-3.2109604,-52.004593
"Shared outdoor pool - available all year, open 24 hours, lap pool, pool toys",Facilities/Outdoors,-12.8846445,-31.407455
"Shared outdoor pool - available all year, open 24 hours, lap pool, rooftop",Facilities/Outdoors,-0.48671466,-54.29898
"Shared outdoor pool - available all year, open 24 hours, lap pool, rooftop, saltwater",Facilities/Outdoors,-0.6989162,-47.9047
"Shared outdoor pool - available all year, open 24 hours, lap pool, saltwater",Facilities/Outdoors,-1.2679234,-48.45247
"Shared outdoor pool - available all year, open 24 hours, olympic-sized",Facilities/Outdoors,-1.3874588,-51.34576
"Shared outdoor pool - available all year, open 24 hours, pool cover",Facilities/Outdoors,-3.643958,-51.957733
"Shared outdoor pool - available all year, open 24 hours, pool cover, pool toys",Facilities/Outdoors,-12.557147,-31.31478
"Shared outdoor pool - available all year, open 24 hours, pool cover, pool toys, saltwater",Facilities/Outdoors,-11.246794,-31.428125
"Shared outdoor pool - available all year, open 24 hours, pool cover, saltwater",Facilities/Outdoors,-1.5072842,-48.044003
"Shared outdoor pool - available all year, open 24 hours, pool toys",Facilities/Outdoors,-13.010023,-31.232403
"Shared outdoor pool - available all year, open 24 hours, pool toys, saltwater",Facilities/Outdoors,-11.406422,-31.617023
"Shared outdoor pool - available all year, open 24 hours, rooftop",Facilities/Outdoors,0.15503874,-55.09868
"Shared outdoor pool - available all year, open 24 hours, rooftop, saltwater",Facilities/Outdoors,-0.65670335,-47.789104
"Shared outdoor pool - available all year, open 24 hours, saltwater",Facilities/Outdoors,-1.5318558,-48.63963
"Shared outdoor pool - available all year, open specific hours",Facilities/Outdoors,-6.1924167,-54.60773
"Shared outdoor pool - available all year, open specific hours, heated",Facilities/Outdoors,-2.5183518,-53.555122
"Shared outdoor pool - available all year, open specific hours, heated, infinity",Facilities/Outdoors,-2.488491,-53.67605
"Shared outdoor pool - available all year, open specific hours, heated, infinity, pool cover, pool toys",Facilities/Outdoors,-12.178256,-31.367714
"Shared outdoor pool - available all year, open specific hours, heated, infinity, rooftop",Facilities/Outdoors,0.0069191093,-54.111618
"Shared outdoor pool - available all year, open specific hours, heated, olympic-sized",Facilities/Outdoors,-1.4255024,-51.56495
"Shared outdoor pool - available all year, open specific hours, heated, pool cover",Facilities/Outdoors,-2.6945484,-52.529804
"Shared outdoor pool - available all year, open specific hours, heated, pool cover, pool toys, saltwater",Facilities/Outdoors,-10.977352,-31.417458
"Shared outdoor pool - available all year, open specific hours, heated, pool cover, rooftop, saltwater",Facilities/Outdoors,-1.0461725,-47.24199
"Shared outdoor pool - available all year, open specific hours, heated, pool toys",Facilities/Outdoors,-12.416089,-31.276611
"Shared outdoor pool - available all year, open specific hours, heated, saltwater",Facilities/Outdoors,-1.7487677,-47.53379
"Shared outdoor pool - available all year, open specific hours, infinity",Facilities/Outdoors,-6.0619206,-54.516468
"Shared outdoor pool - available all year, open specific hours, infinity, lap pool, rooftop",Facilities/Outdoors,-0.5825657,-54.57
"Shared outdoor pool - available all year, open specific hours, infinity, rooftop",Facilities/Outdoors,0.072215416,-55.05771
"Shared outdoor pool - available all year, open specific hours, lap pool",Facilities/Outdoors,-4.151995,-53.460052
"Shared outdoor pool - available all year, open specific hours, lap pool, olympic-sized",Facilities/Outdoors,-1.7767802,-51.487537
"Shared outdoor pool - available all year, open specific hours, lap pool, pool cover",Facilities/Outdoors,-3.4015646,-52.2668
"Shared outdoor pool - available all year, open specific hours, lap pool, rooftop",Facilities/Outdoors,-0.6683537,-54.593945
"Shared outdoor pool - available all year, open specific hours, lap pool, saltwater",Facilities/Outdoors,-1.3819524,-48.807705
"Shared outdoor pool - available all year, open specific hours, olympic-sized",Facilities/Outdoors,-1.4189526,-51.36373
"Shared outdoor pool - available all year, open specific hours, olympic-sized, saltwater",Facilities/Outdoors,-1.6090038,-49.4624
"Shared outdoor pool - available all year, open specific hours, pool cover",Facilities/Outdoors,-3.8562386,-52.210205
"Shared outdoor pool - available all year, open specific hours, pool cover, pool toys",Facilities/Outdoors,-12.545712,-31.319233
"Shared outdoor pool - available all year, open specific hours, pool cover, saltwater",Facilities/Outdoors,-1.5516012,-48.382626
"Shared outdoor pool - available all year, open specific hours, pool toys",Facilities/Outdoors,-12.96174,-31.192652
"Shared outdoor pool - available all year, open specific hours, pool toys, saltwater",Facilities/Outdoors,-11.429413,-31.684757
"Shared outdoor pool - available all year, open specific hours, rooftop",Facilities/Outdoors,0.0054520364,-55.39781
"Shared outdoor pool - available all year, open specific hours, saltwater",Facilities/Outdoors,-1.4519215,-49.042324
"Shared outdoor pool - available all year, pool cover",Facilities/Outdoors,3.086379,-46.713505
"Shared outdoor pool - available all year, pool cover, saltwater",Facilities/Outdoors,1.5270454,-45.78315
"Shared outdoor pool - available all year, rooftop",Facilities/Outdoors,1.9549973,-53.6741
"Shared outdoor pool - available all year, rooftop, saltwater",Facilities/Outdoors,0.11590566,-45.61318
"Shared outdoor pool - available all year, saltwater",Facilities/Outdoors,0.587577,-45.46644
"Shared outdoor pool - available all year, water slide",Facilities/Outdoors,2.4731724,-49.94493
Shared outdoor pool - available seasonally,Facilities/Outdoors,2.3530574,-50.261555
"Shared outdoor pool - available seasonally, open 24 hours",Facilities/Outdoors,-6.6609917,-53.042294
"Shared outdoor pool - available seasonally, open 24 hours, heated",Facilities/Outdoors,-4.7299595,-50.3688
"Shared outdoor pool - available seasonally, open 24 hours, heated, lap pool, pool toys, saltwater",Facilities/Outdoors,-10.763039,-30.562988
"Shared outdoor pool - available seasonally, open 24 hours, heated, pool cover, pool toys",Facilities/Outdoors,-11.920223,-30.397245
"Shared outdoor pool - available seasonally, open 24 hours, heated, pool cover, pool toys, saltwater",Facilities/Outdoors,-10.862658,-30.691174
"Shared outdoor pool - available seasonally, open 24 hours, heated, pool cover, saltwater",Facilities/Outdoors,-2.9359086,-47.02427
"Shared outdoor pool - available seasonally, open 24 hours, heated, saltwater",Facilities/Outdoors,-2.9411223,-47.0407
"Shared outdoor pool - available seasonally, open 24 hours, infinity",Facilities/Outdoors,-6.4716034,-53.25001
"Shared outdoor pool - available seasonally, open 24 hours, lap pool",Facilities/Outdoors,-5.1713147,-52.638832
"Shared outdoor pool - available seasonally, open 24 hours, pool cover",Facilities/Outdoors,-5.6142726,-51.588573
"Shared outdoor pool - available seasonally, open 24 hours, pool cover, pool toys, saltwater",Facilities/Outdoors,-11.045859,-30.822458
"Shared outdoor pool - available seasonally, open 24 hours, rooftop",Facilities/Outdoors,-0.7132168,-55.86123
"Shared outdoor pool - available seasonally, open 24 hours, saltwater",Facilities/Outdoors,-2.8579006,-48.519073
"Shared outdoor pool - available seasonally, open 24 hours, water slide",Facilities/Outdoors,-6.545671,-51.85553
"Shared outdoor pool - available seasonally, open specific hours",Facilities/Outdoors,-7.2721934,-53.017345
"Shared outdoor pool - available seasonally, open specific hours, heated",Facilities/Outdoors,-4.825239,-50.52296
"Shared outdoor pool - available seasonally, open specific hours, heated, lap pool",Facilities/Outdoors,-4.7358556,-51.088943
"Shared outdoor pool - available seasonally, open specific hours, heated, lap pool, pool cover, saltwater",Facilities/Outdoors,-3.3484013,-47.431854
"Shared outdoor pool - available seasonally, open specific hours, heated, lap pool, saltwater",Facilities/Outdoors,-3.4462779,-47.650894
"Shared outdoor pool - available seasonally, open specific hours, heated, pool cover",Facilities/Outdoors,-5.0037117,-50.88086
"Shared outdoor pool - available seasonally, open specific hours, heated, pool cover, pool toys",Facilities/Outdoors,-12.051321,-30.468977
"Shared outdoor pool - available seasonally, open specific hours, heated, pool cover, pool toys, saltwater",Facilities/Outdoors,-10.868915,-30.7388
"Shared outdoor pool - available seasonally, open specific hours, heated, pool cover, saltwater",Facilities/Outdoors,-3.1699312,-47.359333
"Shared outdoor pool - available seasonally, open specific hours, infinity, pool cover",Facilities/Outdoors,-5.7250304,-51.593678
"Shared outdoor pool - available seasonally, open specific hours, lap pool",Facilities/Outdoors,-5.150626,-52.55139
"Shared outdoor pool - available seasonally, open specific hours, lap pool, rooftop",Facilities/Outdoors,-1.1787924,-55.460857
"Shared outdoor pool - available seasonally, open specific hours, lap pool, rooftop, saltwater",Facilities/Outdoors,-3.366325,-48.70291
"Shared outdoor pool - available seasonally, open specific hours, lap pool, saltwater",Facilities/Outdoors,-3.352973,-48.49423
"Shared outdoor pool - available seasonally, open specific hours, pool cover",Facilities/Outdoors,-5.721623,-51.517857
"Shared outdoor pool - available seasonally, open specific hours, pool cover, pool toys",Facilities/Outdoors,-12.535695,-30.578209
"Shared outdoor pool - available seasonally, open specific hours, pool cover, saltwater",Facilities/Outdoors,-3.0775275,-48.09117
"Shared outdoor pool - available seasonally, open specific hours, pool cover, water slide",Facilities/Outdoors,-6.1535625,-51.42521
"Shared outdoor pool - available seasonally, open specific hours, pool toys",Facilities/Outdoors,-13.029625,-30.591473
"Shared outdoor pool - available seasonally, open specific hours, rooftop",Facilities/Outdoors,-0.8317064,-55.911274
"Shared outdoor pool - available seasonally, open specific hours, rooftop, saltwater",Facilities/Outdoors,-3.2409604,-48.77142
"Shared outdoor pool - available seasonally, open specific hours, saltwater",Facilities/Outdoors,-3.0498567,-48.656597
"Shared outdoor pool - available seasonally, pool cover",Facilities/Outdoors,3.0926647,-46.631058
"Shared outdoor pool - available seasonally, rooftop",Facilities/Outdoors,1.7501487,-53.593174
Shared outdoor pool - heated,Facilities/Outdoors,7.98546,-46.292645
"Shared outdoor pool - heated, infinity",Facilities/Outdoors,8.875698,-45.946404
"Shared outdoor pool - heated, lap pool, saltwater",Facilities/Outdoors,7.8669195,-42.863586
"Shared outdoor pool - heated, pool cover",Facilities/Outdoors,6.7888236,-45.296997
"Shared outdoor pool - heated, saltwater",Facilities/Outdoors,7.9611273,-42.918457
Shared outdoor pool - infinity,Facilities/Outdoors,3.8295367,-39.328808
"Shared outdoor pool - infinity, rooftop",Facilities/Outdoors,-0.8944011,-41.675453
Shared outdoor pool - lap pool,Facilities/Outdoors,5.3871593,-39.41633
"Shared outdoor pool - lap pool, saltwater",Facilities/Outdoors,2.0471954,-41.555527
Shared outdoor pool - olympic-sized,Facilities/Outdoors,4.7764115,-39.98808
Shared outdoor pool - open 24 hours,Facilities/Outdoors,-10.9690695,-57.967876
"Shared outdoor pool - open 24 hours, heated, pool cover, saltwater",Facilities/Outdoors,-3.3564768,-46.317234
"Shared outdoor pool - open 24 hours, lap pool",Facilities/Outdoors,-10.753425,-58.333656
"Shared outdoor pool - open 24 hours, pool cover, pool toys",Facilities/Outdoors,-13.535277,-30.38322
"Shared outdoor pool - open 24 hours, rooftop",Facilities/Outdoors,-11.01806,-59.90318
Shared outdoor pool - open specific hours,Facilities/Outdoors,-9.293629,-58.601303
"Shared outdoor pool - open specific hours, infinity",Facilities/Outdoors,-9.316584,-58.807217
"Shared outdoor pool - open specific hours, infinity, rooftop",Facilities/Outdoors,-10.015026,-60.173626
"Shared outdoor pool - open specific hours, lap pool",Facilities/Outdoors,-9.927389,-58.914734
"Shared outdoor pool - open specific hours, lap pool, rooftop",Facilities/Outdoors,-10.12447,-60.022945
"Shared outdoor pool - open specific hours, rooftop",Facilities/Outdoors,-10.037109,-60.198193
"Shared outdoor pool - open specific hours, rooftop, saltwater",Facilities/Outdoors,-8.725258,-60.248676
"Shared outdoor pool - open specific hours, saltwater",Facilities/Outdoors,-8.401348,-60.060886
Shared outdoor pool - pool cover,Facilities/Outdoors,3.8097851,-43.83294
"Shared outdoor pool - pool cover, saltwater",Facilities/Outdoors,3.1033876,-42.711082
Shared outdoor pool - pool toys,Facilities/Outdoors,-11.569089,-34.62446
Shared outdoor pool - rooftop,Facilities/Outdoors,-0.91793334,-41.6899
"Shared outdoor pool - rooftop, saltwater",Facilities/Outdoors,0.588794,-41.9707
Shared outdoor pool - saltwater,Facilities/Outdoors,1.9216545,-41.674984
Shared patio or balcony,Other,9.983949,-31.58202
Shared pool,Facilities/Outdoors,7.3521824,-39.371872
Shared pool - ,Facilities/Outdoors,7.380992,-39.3751
Shared pool - available all year,Facilities/Outdoors,4.5633335,-52.33751
"Shared pool - available all year, heated",Facilities/Outdoors,5.0332403,-50.16099
"Shared pool - available all year, heated, infinity, rooftop",Facilities/Outdoors,2.8164334,-54.237442
"Shared pool - available all year, heated, saltwater",Facilities/Outdoors,0.97191226,-46.55391
"Shared pool - available all year, infinity",Facilities/Outdoors,4.572673,-52.376343
"Shared pool - available all year, open 24 hours",Facilities/Outdoors,-8.04478,-54.985138
"Shared pool - available all year, open 24 hours, heated",Facilities/Outdoors,-2.8848004,-55.08566
"Shared pool - available all year, open 24 hours, pool cover",Facilities/Outdoors,-7.489703,-55.139164
"Shared pool - available all year, open 24 hours, rooftop",Facilities/Outdoors,0.7033739,-56.24987
"Shared pool - available all year, open specific hours",Facilities/Outdoors,-9.028888,-54.94911
"Shared pool - available all year, open specific hours, heated, pool cover, rooftop, saltwater",Facilities/Outdoors,0.31337935,-48.318188
"Shared pool - available all year, open specific hours, infinity",Facilities/Outdoors,-8.912818,-55.01087
"Shared pool - available all year, open specific hours, lap pool, rooftop, saltwater",Facilities/Outdoors,0.3276564,-48.62173
"Shared pool - available all year, open specific hours, rooftop",Facilities/Outdoors,0.60945904,-56.409737
"Shared pool - available all year, open specific hours, saltwater",Facilities/Outdoors,0.07445649,-49.395123
"Shared pool - available all year, rooftop",Facilities/Outdoors,2.506229,-54.205498
Shared pool - available seasonally,Facilities/Outdoors,-6.226774,-47.847885
"Shared pool - available seasonally, lap pool",Facilities/Outdoors,-6.187393,-47.922024
"Shared pool - available seasonally, open 24 hours",Facilities/Outdoors,-8.533566,-53.7695
"Shared pool - available seasonally, open specific hours",Facilities/Outdoors,-8.920014,-53.66853
Shared pool - heated,Facilities/Outdoors,8.001722,-46.588924
Shared pool - open 24 hours,Facilities/Outdoors,-10.876382,-57.52614
Shared pool - open specific hours,Facilities/Outdoors,-9.067461,-57.54947
"Shared pool - open specific hours, rooftop",Facilities/Outdoors,-9.934464,-60.321682
Shared pool - pool cover,Facilities/Outdoors,3.8737977,-43.861637
Shared pool - pool toys,Facilities/Outdoors,-11.503903,-34.752583
Shared pool - rooftop,Facilities/Outdoors,-0.90374875,-41.690884
Shared pool - saltwater,Facilities/Outdoors,1.8748823,-41.742344
Shared public  refrigerator,Kitchen/Dining,-5.0344524,5.76791
Shared sauna,Facilities/Outdoors,-1.6287563,-29.458557
Sharp - Convection Microwave stainless steel oven,Kitchen/Dining,26.662512,-9.887676
Sharp convection / microwave stainless steel single oven,Kitchen/Dining,26.646215,-10.014417
Sharp convection and grill microwave stainless steel oven,Kitchen/Dining,26.64027,-9.959776
Sharp refrigerator,Kitchen/Dining,4.2882643,3.0576136
Sheer Indulgence artisanal soap. body soap,Bathroom/Bedroom,-1.5131143,58.299053
Shelf in fridge  refrigerator,Kitchen/Dining,0.44605583,6.7388773
Shower Gel Clear body soap,Bathroom/Bedroom,-11.99337,52.463955
Shower Gel body soap,Bathroom/Bedroom,-11.832149,52.390625
"Shower Gel, Shampoo and Hand Wash body soap",Bathroom/Bedroom,-9.785728,53.268547
Shower after Shower  shampoo,Bathroom/Bedroom,33.552372,52.46999
Shower after Shower conditioner,Bathroom/Bedroom,23.786615,35.65832
Shower body soap,Bathroom/Bedroom,-10.97097,52.29084
Shower conditioner,Bathroom/Bedroom,23.798756,35.528572
Shower gel,Bathroom/Bedroom,-11.290905,50.549488
Shower gel - various varieties body soap,Bathroom/Bedroom,-11.721007,51.902706
Shower gel /soap body soap,Bathroom/Bedroom,-11.731186,52.180004
Shower gel and soap bar body soap,Bathroom/Bedroom,-11.40718,51.716633
Shower gel body soap,Bathroom/Bedroom,-11.832149,52.390625
Shower gel conditioner,Bathroom/Bedroom,23.768448,35.554108
Shower gel/crème body soap,Bathroom/Bedroom,-11.756792,52.104565
Shower shampoo,Bathroom/Bedroom,33.863747,52.609234
Shower to shower  body soap,Bathroom/Bedroom,-10.71417,52.043312
Showergel body soap,Bathroom/Bedroom,-11.627891,52.609806
Shoxbox Bluetooth Bluetooth sound system,Entertainment/Tech,-45.483208,54.68425
Side-by-side with cool water dispenser refrigerator,Kitchen/Dining,-12.09073,10.963225
Siemans  stainless steel single oven,Kitchen/Dining,42.600857,2.1824048
Siemans double oven,Kitchen/Dining,42.06762,2.5213518
Siemans gas stove,Kitchen/Dining,53.327034,-19.041044
Siemans refrigerator,Kitchen/Dining,8.858651,5.5221105
Siemans stainless steel double oven,Kitchen/Dining,42.502766,2.3532162
Siemens  double oven,Kitchen/Dining,37.58361,1.4097605
Siemens  electric stove,Kitchen/Dining,63.386833,-14.910961
Siemens  induction stove,Kitchen/Dining,68.735146,-16.424067
Siemens  oven,Kitchen/Dining,37.29459,0.10733834
Siemens  refrigerator,Kitchen/Dining,4.7446723,13.456825
Siemens  stainless steel oven,Kitchen/Dining,36.39383,0.015967516
Siemens  stainless steel single oven,Kitchen/Dining,36.515926,0.7395529
Siemens 180 cm refrigerator,Kitchen/Dining,4.7813845,13.491802
Siemens 4x refrigerator,Kitchen/Dining,4.779362,13.474497
Siemens Glass Top stove,Kitchen/Dining,64.30415,-14.91531
Siemens Induction stainless steel stove,Kitchen/Dining,69.04728,-15.775786
Siemens Thermo stainless steel oven,Kitchen/Dining,36.14251,-0.02861492
Siemens and Bosch refrigerator,Kitchen/Dining,4.06972,13.0398855
Siemens and large drinks glass front fridge.  2 fridges in total refrigerator,Kitchen/Dining,4.4784665,14.238043
Siemens double oven,Kitchen/Dining,37.58361,1.4097605
Siemens electric stove,Kitchen/Dining,63.386253,-14.911051
Siemens gas stove,Kitchen/Dining,62.7907,-15.258482
Siemens induction  electric stove,Kitchen/Dining,68.726074,-16.463963
Siemens induction stove,Kitchen/Dining,68.735146,-16.424067
Siemens integrated refrigerator,Kitchen/Dining,5.444416,13.471587
Siemens oven,Kitchen/Dining,37.29453,0.107650466
Siemens refrigerator,Kitchen/Dining,4.7432046,13.457634
Siemens single oven,Kitchen/Dining,37.21671,0.7914477
Siemens stainless steel double oven,Kitchen/Dining,37.281254,1.3874677
Siemens stainless steel electric stove,Kitchen/Dining,62.342236,-14.134476
Siemens stainless steel gas stove,Kitchen/Dining,62.041386,-14.634818
Siemens stainless steel induction stove,Kitchen/Dining,69.003685,-15.817112
Siemens stainless steel oven,Kitchen/Dining,36.394215,0.016094144
Siemens stainless steel single oven,Kitchen/Dining,36.51591,0.7397925
Siemens stainless steel stove,Kitchen/Dining,62.29995,-14.244159
Siemens stove,Kitchen/Dining,63.388855,-14.970784
Siemens/Bosch oven,Kitchen/Dining,37.75785,-0.36076868
Silky body soap,Bathroom/Bedroom,3.7450554,68.08181
Silky shampoo,Bathroom/Bedroom,34.802208,54.565613
Silly conditioner,Other,29.32732,25.690226
Simple Bee body soap,Bathroom/Bedroom,7.701966,83.088234
Simple Bee conditioner,Other,30.415462,35.803436
Simple Bee shampoo,Bathroom/Bedroom,30.394768,46.49114
SimpleBee body soap,Bathroom/Bedroom,7.7435412,83.7569
Simplisoaps  body soap,Bathroom/Bedroom,1.7454581,66.5416
Simplisoaps  shampoo,Bathroom/Bedroom,27.755123,63.101673
Simply Bee  shampoo,Bathroom/Bedroom,30.366539,46.573765
Simply Bee Honey Hand and Body Soap body soap,Bathroom/Bedroom,8.6992235,82.52155
Simply Bee Honey Hand and Body Wash body soap,Bathroom/Bedroom,8.891275,82.48148
Simply Bee Organic body soap,Bathroom/Bedroom,7.9449368,82.306564
Simply Bee body soap,Bathroom/Bedroom,8.04039,82.64245
Simply Bee conditioner,Other,30.410395,35.80533
Simply Bee shampoo,Bathroom/Bedroom,30.366562,46.572243
Simply bee body soap,Bathroom/Bedroom,8.040411,82.64087
Simplysoaps  conditioner,Bathroom/Bedroom,30.21475,22.61525
Simpy bee body soap,Bathroom/Bedroom,7.4425254,83.179756
Single hob plate  stove,Kitchen/Dining,65.19255,1.5332166
"Single induction hob, not a stove induction stove",Kitchen/Dining,72.411194,-12.845113
Single induction plate stove,Kitchen/Dining,73.738464,-20.833632
Single level home,Access/Parking,6.845441,-35.417633
Single oven,Kitchen/Dining,35.29097,-6.874271
Single plate  induction stove,Kitchen/Dining,73.76164,-20.871414
Single use on arrival body soap,Bathroom/Bedroom,6.2387743,61.567364
Single use on arrival shampoo,Bathroom/Bedroom,43.822952,58.660477
Skate ramp,Other,10.717375,-24.581604
Skelmbosch body soap,Bathroom/Bedroom,5.69138,69.5742
Ski-in/Ski-out,Facilities/Outdoors,3.482056,-27.694202
Small Bar Fridge refrigerator,Kitchen/Dining,-5.6751823,2.4777489
Small Fridge refrigerator,Kitchen/Dining,-1.5818163,6.635775
Small bar fridge refrigerator,Kitchen/Dining,-5.675065,2.4777284
Small box oven with two hot plates on top single oven,Kitchen/Dining,29.213972,-14.098565
Small camping one plate gas stove gas stove,Kitchen/Dining,52.00909,-22.203728
Small combo convection oven oven,Kitchen/Dining,29.028221,-10.72809
Small conditioner & shampoos conditioner,Bathroom/Bedroom,44.84575,37.053196
Small convection oven oven,Kitchen/Dining,29.020994,-10.718021
Small fridge Defy with freezer refrigerator,Kitchen/Dining,-7.3804364,21.199207
Small fridge freezer- Defy refrigerator,Kitchen/Dining,-7.2870255,21.025017
Small fridge no freezer  refrigerator,Kitchen/Dining,-2.0545535,7.5482345
Small fridge with freezer refrigerator,Kitchen/Dining,-1.988202,7.5892024
Small mini fridge with small top freeze shelf refrigerator,Kitchen/Dining,-2.4394343,6.439329
Small oven (counter top) with 2 cooking plates oven,Kitchen/Dining,29.105015,-14.708241
Small oven and stove (Defy) stainless steel stove,Kitchen/Dining,69.80146,8.825384
Small oven and stove oven,Kitchen/Dining,31.790106,-12.993045
Small oven stainless steel oven,Kitchen/Dining,33.333782,-14.316839
Small oven with a two plate hob stainless steel oven,Kitchen/Dining,30.41366,-14.17039
Small portable Bluetooth speaker Bluetooth sound system,Entertainment/Tech,-46.495308,57.77016
Small portable light that is also a speaker sound system with Bluetooth and aux,Entertainment/Tech,-46.78978,58.104984
Small refrigerator  refrigerator,Kitchen/Dining,-1.4689306,6.6425514
Small solar powered fridge (150 litres). No freezer. If you want to keep lots of drinks a cooler box is available. Provide your own ice. refrigerator,Kitchen/Dining,-0.933008,10.594715
Small under counter  refrigerator,Kitchen/Dining,-3.063651,3.291835
"Small, counter top oven  single oven",Kitchen/Dining,31.485518,-11.474693
Smart TV Bluetooth sound system,Entertainment/Tech,-39.072487,55.161156
Smart lock,Safety,5.3510375,-17.617525
Sme oven,Kitchen/Dining,38.68668,-12.352269
"Smec, Gas hop, electric oven stainless steel oven",Kitchen/Dining,55.153313,1.4781743
Smeg  Gas top stainless steel stove,Kitchen/Dining,61.52814,-3.3538241
Smeg  double oven,Kitchen/Dining,51.46643,5.6776013
Smeg  electric stove,Kitchen/Dining,63.06899,-1.2033792
Smeg  gas stove,Kitchen/Dining,61.888206,-1.3992447
Smeg  oven,Kitchen/Dining,53.267246,5.4626694
"Smeg  oven combination microwave , air fryer in kitchen as well  stainless steel oven",Kitchen/Dining,53.216873,1.077789
Smeg  refrigerator,Kitchen/Dining,11.960669,10.999165
Smeg  single oven,Kitchen/Dining,52.219936,6.230721
Smeg  stainless steel double oven,Kitchen/Dining,50.619926,3.700908
Smeg  stainless steel gas stove,Kitchen/Dining,61.7921,-3.744885
Smeg  stainless steel induction stove,Kitchen/Dining,65.00309,-4.8117642
Smeg  stainless steel oven,Kitchen/Dining,52.94748,2.600849
Smeg  stainless steel single oven,Kitchen/Dining,51.525322,2.745334
Smeg  stainless steel stove,Kitchen/Dining,62.724052,-3.911297
Smeg - Gas stainless steel stove,Kitchen/Dining,62.00531,-3.5922425
Smeg - Intergrated fridge /freeze refrigerator,Kitchen/Dining,12.017972,11.890894
Smeg 5 plate gas hob stove,Kitchen/Dining,62.63679,0.73776996
Smeg 900 gas hob stainless steel oven,Kitchen/Dining,55.205696,2.6399724
Smeg 900 stainless steel double oven,Kitchen/Dining,50.683613,4.0189724
Smeg 90cm single oven,Kitchen/Dining,52.29839,6.725848
Smeg :) stainless steel oven,Kitchen/Dining,53.54401,3.3763535
Smeg Electric  stainless steel oven,Kitchen/Dining,53.430508,2.1972203
Smeg Gas & electric stainless steel oven,Kitchen/Dining,55.113384,1.9848821
Smeg Gas Oven  stainless steel double oven,Kitchen/Dining,50.15179,3.6024709
Smeg Gas Stove top and Electric Oven stainless steel oven,Kitchen/Dining,56.08444,1.1201961
Smeg Hob electric stove,Kitchen/Dining,63.041183,-0.20067415
Smeg double oven,Kitchen/Dining,51.466656,5.677151
Smeg electric oven oven,Kitchen/Dining,53.85573,4.8383856
Smeg electric stainless steel oven,Kitchen/Dining,53.430416,2.1966963
Smeg electric stove,Kitchen/Dining,63.068954,-1.202984
Smeg gas  stainless steel gas stove,Kitchen/Dining,61.524166,-3.6451502
Smeg gas and electric oven,Kitchen/Dining,56.029724,2.277386
Smeg gas stainless steel oven,Kitchen/Dining,54.652016,2.2237906
Smeg gas stainless steel stove,Kitchen/Dining,61.904198,-3.6623595
Smeg gas stove,Kitchen/Dining,61.884323,-1.3992988
Smeg gas top elec oven stainless steel gas stove,Kitchen/Dining,60.621613,-2.954771
Smeg induction stove,Kitchen/Dining,65.24148,-4.060218
Smeg oven,Kitchen/Dining,53.267464,5.462881
Smeg oven with gas hob ! gas stove,Kitchen/Dining,61.867496,1.1548779
Smeg refrigerator,Kitchen/Dining,11.960669,10.999165
Smeg retro refrigerator,Kitchen/Dining,11.894729,10.930362
Smeg single oven,Kitchen/Dining,52.219936,6.230721
Smeg stainless steel double oven,Kitchen/Dining,50.618923,3.7013373
Smeg stainless steel electric stove,Kitchen/Dining,62.98385,-3.9667706
Smeg stainless steel gas stove,Kitchen/Dining,61.792053,-3.7449703
Smeg stainless steel induction stove,Kitchen/Dining,65.00303,-4.8117642
Smeg stainless steel oven,Kitchen/Dining,52.94755,2.6009207
Smeg stainless steel single oven,Kitchen/Dining,51.524406,2.7459233
Smeg stainless steel stove,Kitchen/Dining,62.728123,-3.911075
Smeg stainless steel wood-burning stove,Kitchen/Dining,62.62023,-4.9897118
Smeg stove,Kitchen/Dining,62.61278,-1.2986625
"Smeg, Siemens, Miele refrigerator",Kitchen/Dining,10.64412,10.706046
Smeg-Bosh refrigerator,Kitchen/Dining,12.13747,10.01183
Smeg; also a plate warmer drawer stainless steel oven,Kitchen/Dining,54.014458,3.560349
Smegg  stainless steel gas stove,Kitchen/Dining,61.608727,-4.0728183
Smegg  stainless steel oven,Kitchen/Dining,52.58849,2.2832706
Smegg oven,Kitchen/Dining,53.336876,5.543575
Smegg refrigerator,Kitchen/Dining,12.018509,10.960896
Smegg stainless steel single oven,Kitchen/Dining,51.254612,2.5267653
Smells stainless steel oven,Kitchen/Dining,44.15461,-6.122164
Smog gas stove,Kitchen/Dining,59.906677,-0.8596249
Smog oven,Kitchen/Dining,59.237915,-0.51586586
Smoke alarm,Safety,23.08525,-23.03148
Smoking allowed,Other,20.85697,-24.254213
Snappy Chef cooker stove,Kitchen/Dining,67.02487,-11.153013
Snappy Chef double oven,Kitchen/Dining,39.924915,3.9471543
Snappy Chef gas stove,Kitchen/Dining,66.83265,-11.145223
Snappy Chef induction stove,Kitchen/Dining,68.3496,-12.07003
Snappy Chef stainless steel electric stove,Kitchen/Dining,66.17248,-10.923682
Snappy Chef stove,Kitchen/Dining,66.9502,-11.153726
Snappy chef induction stove,Kitchen/Dining,68.3496,-12.07003
Snappy chef stainless steel gas stove,Kitchen/Dining,66.28713,-10.956425
SnappyChef gas stove,Kitchen/Dining,67.13466,-11.255524
SnappyChef induction stove,Kitchen/Dining,68.229904,-11.924098
SnappyShef induction stove,Kitchen/Dining,68.30595,-11.97899
Soap - Dettol body soap,Bathroom/Bedroom,-7.705272,67.87078
Soap and Shampoo bars body soap,Bathroom/Bedroom,2.5148911,54.110527
Soap and shampoo body soap,Bathroom/Bedroom,2.3848796,53.90425
Soap body soap,Bathroom/Bedroom,1.2112807,66.57564
Soap'n things body soap,Bathroom/Bedroom,6.0060725,64.44078
Soap'n things shampoo,Bathroom/Bedroom,14.145391,56.901653
Soft manageable  shampoo,Bathroom/Bedroom,42.14605,64.133194
Solar Dom stainless steel oven,Kitchen/Dining,45.226654,-4.560203
Sonas sound system,Entertainment/Tech,-35.414265,42.596306
Sonos  Bluetooth sound system,Entertainment/Tech,-34.990875,45.407597
Sonos  sound system,Entertainment/Tech,-35.49461,42.951305
Sonos  sound system with aux,Entertainment/Tech,-36.504833,44.84461
Sonos (Control 4) sound system,Entertainment/Tech,-35.170506,43.216145
Sonos Bluetooth sound system,Entertainment/Tech,-34.990875,45.407597
Sonos Move Bluetooth sound system,Entertainment/Tech,-34.409542,45.232136
Sonos One and Sonos Beam Bluetooth sound system,Entertainment/Tech,-34.763912,45.037334
Sonos multi room Bluetooth sound system,Entertainment/Tech,-34.924324,45.7773
Sonos sound system,Entertainment/Tech,-35.49461,42.951305
Sonos sound system with Bluetooth and aux,Entertainment/Tech,-35.901096,45.40931
Sonos surround sound Bluetooth sound system,Entertainment/Tech,-34.9123,45.602047
Sonos. sound system,Entertainment/Tech,-35.47747,42.887524
Sonos/Bose/Samsung Atmos Bluetooth sound system,Entertainment/Tech,-36.112614,46.725525
Sonsos sound system through out the house and also Bluetooth sound system with Bluetooth and aux,Entertainment/Tech,-35.846004,45.67826
Sonstiges stainless steel electric stove,Kitchen/Dining,57.24485,-11.831014
Sonus Bluetooth sound system,Entertainment/Tech,-34.803925,45.599545
Sony  Bluetooth sound system,Entertainment/Tech,-42.372997,52.521282
Sony  sound system,Entertainment/Tech,-38.813618,40.375988
Sony  sound system with aux,Entertainment/Tech,-42.321682,42.336823
Sony Bluetooth sound system,Entertainment/Tech,-42.373043,52.521255
Sony sound system,Entertainment/Tech,-38.813618,40.375988
Sony sound system with Bluetooth and aux,Entertainment/Tech,-42.283443,51.622616
Sony sound system with aux,Entertainment/Tech,-42.321682,42.336823
Sorbet  body soap,Bathroom/Bedroom,20.021606,66.12658
Sorbet body soap,Bathroom/Bedroom,20.021992,66.12607
Sorbet conditioner,Other,30.26753,24.423655
Sorbet hand soap body soap,Bathroom/Bedroom,19.889782,66.173065
Sorbet shampoo,Bathroom/Bedroom,20.470589,65.98752
Soros  sound system,Entertainment/Tech,-36.17402,42.411648
Sound Bar  Bluetooth sound system,Entertainment/Tech,-36.79926,54.94882
Sound Bar Bluetooth sound system,Entertainment/Tech,-36.798546,54.948143
Sound bar Bluetooth sound system,Entertainment/Tech,-36.79771,54.94624
Sound system,Entertainment/Tech,-36.709705,41.144302
Sound system with Bluetooth and aux,Entertainment/Tech,-41.607876,48.84158
Sound system with aux,Entertainment/Tech,-43.739597,42.977386
SoundDock® 10 system sound system with Bluetooth and aux,Entertainment/Tech,-43.620823,48.46286
Soundbars  sound system with Bluetooth and aux,Entertainment/Tech,-37.354973,54.186478
Soundboks Bluetooth sound system,Entertainment/Tech,-44.413883,55.63002
SouthFace Glycerine Soap body soap,Bathroom/Bedroom,-6.718933,78.26394
Spa access,Climate Control,8.07474,26.856712
Spa services,Other,8.078475,26.86633
Spar Skin Beauty Soap Sensitive Skin body soap,Bathroom/Bedroom,3.7509902,70.47272
Spar body soap,Bathroom/Bedroom,3.785463,70.336716
Spar shampoo,Bathroom/Bedroom,35.503895,56.510174
Speaker Boom Box Bluetooth sound system,Entertainment/Tech,-44.42189,58.18071
Speaker for your playlist Bluetooth sound system,Entertainment/Tech,-46.273994,56.123463
Speakers to connect to phone/laptop via standard 3.5mm jack sound system with aux,Entertainment/Tech,-41.600704,44.92186
Split fridge and freezer each with its own door refrigerator,Kitchen/Dining,-5.9649377,14.175162
Squeaky clean body soap,Bathroom/Bedroom,-3.0739646,68.32026
Stainless Steel Samsung Double Door Fridge/freezer combination refrigerator,Kitchen/Dining,-8.531771,14.2263775
Stainless steel double oven,Kitchen/Dining,45.1197,2.6377969
Stainless steel electric stove,Kitchen/Dining,57.13841,-12.027212
Stainless steel gas stove,Kitchen/Dining,54.079773,-13.44237
Stainless steel induction stove,Kitchen/Dining,70.41171,-15.545418
Stainless steel oven,Kitchen/Dining,42.47406,-5.9780912
Stainless steel single oven,Kitchen/Dining,45.831966,-0.72837543
Stainless steel stove,Kitchen/Dining,56.360157,-12.317592
Stainless steel wood-burning stove,Kitchen/Dining,59.261032,-12.801605
Stand alone Fridge and Stand alone Freezer units refrigerator,Kitchen/Dining,-3.7275648,7.617753
Stand up fridge with freezer at the top. refrigerator,Kitchen/Dining,-1.3951083,4.25395
Standalone high chair,Other,-0.34173486,-13.292017
Standalone high chair - always at the listing,Other,-0.29750103,-13.315196
Standalone high chair - available upon request,Other,-0.3057093,-13.337832
Standard Lux body soap,Bathroom/Bedroom,-11.788009,65.98275
Standard bar body soap,Bathroom/Bedroom,2.9718885,55.727196
Standard body soap,Bathroom/Bedroom,-1.5907646,65.81782
Standard hospitality brand body soap,Bathroom/Bedroom,-3.8324568,57.010044
Standard hospitality brand conditioner,Other,20.96007,26.246248
Standard hospitality brand shampoo,Bathroom/Bedroom,45.88643,56.23262
Standard liquid soap body soap,Bathroom/Bedroom,-1.6257715,66.31998
"Start up soap, shampoo and conditioner supplied body soap",Bathroom/Bedroom,2.503255,53.038033
Steam room,Other,7.5854077,-20.58038
Still Pure Fynbos botanical liquid soap  body soap,Bathroom/Bedroom,12.348082,60.95113
Still Pure Fynbos botanicals shampoo,Bathroom/Bedroom,26.882048,46.74555
Still room body soap,Bathroom/Bedroom,-7.4184055,57.341522
Still room shampoo,Bathroom/Bedroom,33.707527,47.722237
Stove,Kitchen/Dining,54.005455,-21.51927
Stove Oven and Airfryer single oven,Kitchen/Dining,28.562187,-4.173047
Strawberry  body soap,Bathroom/Bedroom,4.59005,67.13671
Sulphate and eco friendly brands shampoo,Bathroom/Bedroom,45.893898,46.32169
Sulphate free conditioner,Other,38.80722,26.760658
Sulphate free shampoo,Bathroom/Bedroom,45.973854,46.379833
"Sulphate free, vegan conditioner with coconut extract and argan oil, by Woolworths.  conditioner",Climate Control,41.17252,31.462963
"Sulphate free, vegan shampoo, with coconut extract and argan oil, by Woolworths.  shampoo",Bathroom/Bedroom,46.211704,46.520355
Sulphur free conditioner,Other,38.81184,26.74858
Sumsung refrigerator,Kitchen/Dining,5.5148087,5.3322144
Sun loungers,Other,10.990238,-19.848122
Sunbeam gas stove,Kitchen/Dining,60.47871,-9.541082
Sunbeam induction stove,Kitchen/Dining,74.78979,-18.821293
Sunbeam stainless steel electric stove,Kitchen/Dining,60.219807,-9.393705
Sunbeam stainless steel oven,Kitchen/Dining,45.730686,-4.4557405
Sunbeam stainless steel single oven,Kitchen/Dining,45.83248,-4.3450675
Sunbeam stainless steel stove,Kitchen/Dining,60.238976,-9.384391
Sunbeam wood-burning stove,Kitchen/Dining,60.506516,-9.654156
Sunsilk conditioner,Other,30.043688,25.05978
Sunsilk shampoo,Bathroom/Bedroom,37.283768,56.003654
Supplied on arrival only body soap,Bathroom/Bedroom,5.3884134,62.60935
Supplied on arrival only shampoo,Bathroom/Bedroom,43.243336,58.503063
Surfboard,Other,4.479016,-27.455715
Swan refrigerator,Kitchen/Dining,3.7265725,4.3867226
Swish Premium Conditioner conditioner,Other,25.280695,22.877594
Swish Premium Salon Professional Shampoo shampoo,Bathroom/Bedroom,43.4212,60.92998
Swish Premium Salon Professional conditioner,Other,24.715923,32.39239
Swish Premium Salon Professionals shampoo,Bathroom/Bedroom,43.456203,60.948463
Swish Premium Shampoo shampoo,Bathroom/Bedroom,43.265736,60.785656
Swish Premium body soap,Bathroom/Bedroom,0.9520867,60.580925
Swish Premium conditioner,Other,25.205482,22.879272
Swish Premium shampoo,Bathroom/Bedroom,43.245754,60.76373
Swiss  refrigerator,Kitchen/Dining,6.8327794,6.0622625
Swiss electric stove,Kitchen/Dining,57.34144,-22.2503
TAJ hotel brand body soap,Bathroom/Bedroom,-4.5050907,55.469746
TAJ hotel brand conditioner,Other,20.00576,26.616968
TBD stainless steel oven,Kitchen/Dining,42.525425,-5.3938212
THB Co. conditioner,Other,28.309153,27.163845
TRESOMMÉ shampoo,Bathroom/Bedroom,30.939396,58.71206
TRESemme Cleanse and Replenish Conditioner conditioner,Other,29.426071,29.308674
TRESemme Smooth and Siilky Shampoo shampoo,Bathroom/Bedroom,30.364443,58.516563
TRESemme conditioner,Other,29.950567,28.916302
TRESemme shampoo,Bathroom/Bedroom,30.977407,58.729088
TREsemme conditioner,Other,29.950983,28.917435
TREsemme shampoo,Bathroom/Bedroom,30.977503,58.727962
TV,Entertainment/Tech,-19.565193,-4.0560985
TV Bluetooth sound system,Entertainment/Tech,-39.10166,55.175316
TV with Amazon Prime Video,Entertainment/Tech,-57.871525,24.955648
"TV with Amazon Prime Video, Apple TV, Chromecast, Disney+, Netflix",Entertainment/Tech,-65.54059,19.007824
"TV with Amazon Prime Video, Apple TV, Disney+, Netflix",Entertainment/Tech,-61.81686,19.377071
"TV with Amazon Prime Video, Apple TV, Netflix",Entertainment/Tech,-57.63248,22.738071
"TV with Amazon Prime Video, Apple TV, Netflix, premium cable",Entertainment/Tech,-54.697037,19.455505
"TV with Amazon Prime Video, Chromecast, Apple TV, Disney+, Netflix",Entertainment/Tech,-65.59647,19.02814
"TV with Amazon Prime Video, Chromecast, Disney+, Apple TV, Netflix",Entertainment/Tech,-65.636566,19.042837
"TV with Amazon Prime Video, Disney+, Netflix",Entertainment/Tech,-60.112217,23.438787
"TV with Amazon Prime Video, Disney+, Netflix, standard cable",Entertainment/Tech,-52.80097,20.733665
"TV with Amazon Prime Video, Netflix",Entertainment/Tech,-57.87293,24.376135
"TV with Amazon Prime Video, Netflix, Chromecast",Entertainment/Tech,-67.615654,19.733713
"TV with Amazon Prime Video, Netflix, DVD player",Entertainment/Tech,-56.6692,23.45922
"TV with Amazon Prime Video, Netflix, standard cable",Entertainment/Tech,-52.435883,20.362925
TV with Apple TV,Entertainment/Tech,-52.85367,8.263901
"TV with Apple TV, Amazon Prime Video, Chromecast, Disney+, Netflix",Entertainment/Tech,-65.38651,18.728815
"TV with Apple TV, Amazon Prime Video, Netflix, Disney+",Entertainment/Tech,-61.98537,18.940498
"TV with Apple TV, Chromecast, Amazon Prime Video, Disney+",Entertainment/Tech,-65.3571,18.61483
"TV with Apple TV, Chromecast, Roku, Netflix",Entertainment/Tech,-68.004425,17.12262
"TV with Apple TV, Disney+, Amazon Prime Video, Netflix",Entertainment/Tech,-61.897842,19.013355
"TV with Apple TV, Disney+, Netflix",Entertainment/Tech,-62.00971,17.558708
"TV with Apple TV, Netflix",Entertainment/Tech,-51.504997,9.640152
"TV with Apple TV, Netflix, standard cable",Entertainment/Tech,-50.52581,11.090173
"TV with Apple TV, Netflix, standard cable, DVD player",Entertainment/Tech,-50.27705,11.094622
"TV with Apple TV, standard cable",Entertainment/Tech,-52.629574,6.5991797
TV with Chromecast,Entertainment/Tech,-75.65336,15.270334
"TV with Chromecast, Disney+, Netflix",Entertainment/Tech,-71.98039,19.211754
"TV with Chromecast, Disney+, Netflix, HBO Max",Entertainment/Tech,-71.97563,19.38542
"TV with Chromecast, Netflix",Entertainment/Tech,-74.3972,17.513166
"TV with Chromecast, Netflix, Disney+",Entertainment/Tech,-71.95878,19.231735
"TV with Chromecast, Netflix, standard cable, premium cable",Entertainment/Tech,-72.207664,14.699736
"TV with Chromecast, standard cable",Entertainment/Tech,-75.19037,13.327277
TV with DVD player,Entertainment/Tech,-33.37519,5.0405364
"TV with DVD player, Disney+, Netflix",Entertainment/Tech,-62.501328,11.241857
"TV with DVD player, Netflix",Entertainment/Tech,-41.754414,7.3602276
"TV with DVD player, standard cable",Entertainment/Tech,-34.69856,10.099891
TV with Disney+,Entertainment/Tech,-62.378952,11.874975
"TV with Disney+, DVD player, Netflix",Entertainment/Tech,-62.429615,11.369604
"TV with Disney+, Netflix",Entertainment/Tech,-62.36387,11.534477
"TV with Disney+, Netflix, Amazon Prime Video, Apple TV",Entertainment/Tech,-61.925148,18.9294
"TV with Disney+, Netflix, standard cable",Entertainment/Tech,-60.298756,11.352909
"TV with Disney+, premium cable, Netflix",Entertainment/Tech,-60.90544,11.558858
TV with Fire TV,Entertainment/Tech,-38.616688,-0.71431565
"TV with Fire TV, Amazon Prime Video, Netflix",Entertainment/Tech,-55.265007,24.974138
"TV with Fire TV, Netflix",Entertainment/Tech,-39.70451,-0.07656094
"TV with Fire TV, Netflix, Amazon Prime Video",Entertainment/Tech,-55.286766,24.9728
"TV with HBO Max, Netflix",Entertainment/Tech,-33.040733,-12.834444
TV with Netflix,Entertainment/Tech,-42.088078,6.9316797
"TV with Netflix, Amazon Prime Video",Entertainment/Tech,-57.916103,24.346054
"TV with Netflix, Amazon Prime Video, standard cable",Entertainment/Tech,-52.399223,20.358067
"TV with Netflix, Apple TV",Entertainment/Tech,-51.48522,9.652452
"TV with Netflix, Apple TV, Amazon Prime Video",Entertainment/Tech,-57.69516,22.687832
"TV with Netflix, Apple TV, Amazon Prime Video, Chromecast",Entertainment/Tech,-66.27811,18.852835
"TV with Netflix, Apple TV, DVD player, Amazon Prime Video",Entertainment/Tech,-57.720833,22.680529
"TV with Netflix, Apple TV, Disney+",Entertainment/Tech,-62.08584,17.613043
"TV with Netflix, Apple TV, premium cable",Entertainment/Tech,-49.68218,12.843686
"TV with Netflix, Apple TV, standard cable",Entertainment/Tech,-50.50033,11.095352
"TV with Netflix, Chromecast",Entertainment/Tech,-74.38565,17.549908
"TV with Netflix, Chromecast, Amazon Prime Video, DVD player",Entertainment/Tech,-66.77519,19.108019
"TV with Netflix, DVD player",Entertainment/Tech,-41.82405,7.311161
"TV with Netflix, Disney+",Entertainment/Tech,-62.372955,11.536785
"TV with Netflix, Disney+, Amazon Prime Video",Entertainment/Tech,-60.13736,23.454113
"TV with Netflix, Disney+, Chromecast",Entertainment/Tech,-71.975945,19.231653
"TV with Netflix, Disney+, standard cable",Entertainment/Tech,-60.212128,11.343941
"TV with Netflix, Fire TV",Entertainment/Tech,-39.766933,-0.023505403
"TV with Netflix, Roku",Entertainment/Tech,-41.658695,4.7489805
"TV with Netflix, Roku, DVD player",Entertainment/Tech,-41.759476,5.187861
"TV with Netflix, premium cable",Entertainment/Tech,-45.32494,14.18248
"TV with Netflix, standard cable",Entertainment/Tech,-45.20897,11.401783
"TV with Netflix, standard cable, Apple TV",Entertainment/Tech,-50.48368,11.06565
"TV with Netflix, standard cable, DVD player",Entertainment/Tech,-42.839222,10.886165
"TV with Netflix, standard cable, premium cable",Entertainment/Tech,-45.19533,13.100423
"TV with Roku, DVD player, Netflix",Entertainment/Tech,-41.7523,5.121026
"TV with Roku, Netflix",Entertainment/Tech,-41.6519,4.724487
TV with premium cable,Entertainment/Tech,-35.6148,14.063768
"TV with premium cable, Apple TV, Netflix",Entertainment/Tech,-49.51754,13.085099
"TV with premium cable, Apple TV, standard cable",Entertainment/Tech,-49.88296,13.751895
"TV with premium cable, DVD player",Entertainment/Tech,-36.78624,12.529313
"TV with premium cable, Netflix",Entertainment/Tech,-45.371216,14.200555
"TV with premium cable, Netflix, Fire TV",Entertainment/Tech,-46.194637,14.9828205
"TV with premium cable, Netflix, standard cable, Apple TV",Entertainment/Tech,-49.373066,13.182851
"TV with premium cable, standard cable",Entertainment/Tech,-35.284992,14.100177
"TV with premium cable, standard cable, DVD player, Netflix",Entertainment/Tech,-43.13236,13.850868
"TV with premium cable, standard cable, Netflix",Entertainment/Tech,-45.19272,13.350773
TV with standard cable,Entertainment/Tech,-34.254982,12.355531
"TV with standard cable, Amazon Prime Video, Apple TV, Disney+, Chromecast, Netflix",Entertainment/Tech,-56.602425,15.464577
"TV with standard cable, Apple TV",Entertainment/Tech,-52.620956,6.61327
"TV with standard cable, Chromecast",Entertainment/Tech,-75.19807,13.320269
"TV with standard cable, DVD player",Entertainment/Tech,-34.71487,10.154015
"TV with standard cable, DVD player, HBO Max, Netflix",Entertainment/Tech,-42.86767,10.739746
"TV with standard cable, DVD player, Netflix",Entertainment/Tech,-42.79106,10.880288
"TV with standard cable, Netflix",Entertainment/Tech,-45.200813,11.440362
"TV with standard cable, Netflix, premium cable",Entertainment/Tech,-45.158497,13.011528
"TV with standard cable, premium cable",Entertainment/Tech,-35.22232,14.060107
"TV with standard cable, premium cable, Netflix",Entertainment/Tech,-45.139786,13.060093
Table Top Convection Oven oven,Kitchen/Dining,29.398409,-9.788647
Table corner guards,Other,14.990179,-26.43324
Table top oven oven,Kitchen/Dining,29.775484,-9.684406
Table top stove + oven stainless steel electric stove,Kitchen/Dining,51.15357,-9.994238
Taurus Induction plate induction stove,Kitchen/Dining,76.48926,-20.523075
Taurus induction stove,Kitchen/Dining,76.53493,-20.523197
Tea Tree conditioner,Other,30.803991,32.456722
Tea Tree shampoo,Bathroom/Bedroom,29.5683,55.345253
Tea tree conditioner,Other,30.803991,32.456722
Tea tree shampoo,Bathroom/Bedroom,29.5683,55.345253
Technics sound system with aux,Entertainment/Tech,-43.745342,42.83715
Techniques sound system,Entertainment/Tech,-36.60848,40.802513
Teka electric stove,Kitchen/Dining,67.575966,-19.558483
Teka induction stove,Kitchen/Dining,67.809074,-19.470238
Tennis court,Other,8.633777,-24.405891
Terra Firma - Soap and Shampoo bar shampoo,Bathroom/Bedroom,39.73155,48.61926
Terra Firma - local brand. Individual small bottles. body soap,Bathroom/Bedroom,23.446934,46.9318
Terra Firma - local brand. Individual small bottles. conditioner,Other,23.496061,46.868645
Terra Firma - local brand. Individual small bottles. shampoo,Bathroom/Bedroom,23.55326,46.917854
Terra Firma body soap,Bathroom/Bedroom,5.6544867,78.19432
Terra Pure body soap,Bathroom/Bedroom,5.6124,78.19876
Terra Pure conditioner,Other,30.571373,25.656013
Terra Pure shampoo,Bathroom/Bedroom,39.64763,48.11026
Terrafirma shampoo,Bathroom/Bedroom,39.63117,48.105846
Teufel sound system with Bluetooth and aux,Entertainment/Tech,-40.505814,49.141735
The Body Shop body soap,Bathroom/Bedroom,3.4318402,60.28344
The Body Shop conditioner,Other,24.260616,30.648636
The Body Shop shampoo,Bathroom/Bedroom,38.63825,50.511227
The Body shop body soap,Bathroom/Bedroom,3.431946,60.283966
The Green Tap - All Natural products body soap,Bathroom/Bedroom,1.1321992,76.20823
The Green Tap - All Natural products shampoo,Bathroom/Bedroom,32.102898,44.9411
The Karma collection shampoo,Bathroom/Bedroom,31.103193,53.6687
The Still Room - Local Brand  body soap,Bathroom/Bedroom,-7.3261123,57.418194
The Still Room - Local Brand shampoo,Bathroom/Bedroom,33.81532,47.610508
The Still Room body soap,Bathroom/Bedroom,-7.401438,57.34212
The Still Room conditioner,Other,21.90182,23.867191
The Still Room shampoo,Bathroom/Bedroom,33.703773,47.673836
"The Still Room, Conditioning Shampoo. Local Brand shampoo",Bathroom/Bedroom,33.89151,47.53046
"The Still Room, which is a local brand body soap",Bathroom/Bedroom,-7.3600383,57.387203
The best Jerry body soap,Bathroom/Bedroom,0.8168573,61.918995
"The conditioner I supply is for all hair types and is always animal cruelty free, vegan. conditioner",Other,40.97767,36.81021
"The refrigerator has the freezer on top and is a KIC, a good brand in SA refrigerator",Kitchen/Dining,-0.89875716,15.7975025
"The shampoo I supply is like the conditioner and body wash, animal cruelty free, vegan and for all hair types. shampoo",Bathroom/Bedroom,40.977173,36.937668
The still room body soap,Bathroom/Bedroom,-7.401438,57.34212
The still room shampoo,Bathroom/Bedroom,33.703835,47.671745
Theme room,Other,7.562149,-20.555815
There are 2 induction plates that work great for all stovetop cooking needs.  induction stove,Kitchen/Dining,73.324165,-21.683582
They are new soap bars with the famous brand. body soap,Bathroom/Bedroom,-1.9538268,59.851482
This is an electric two plate stove with an oven - brand new as of July 2023.  stainless steel single oven,Kitchen/Dining,46.367706,-6.1100664
Three plate electric stove electric stove,Kitchen/Dining,65.7158,-28.210457
Thump Bluetooth sound system,Entertainment/Tech,-43.821785,56.468582
Timberland Gold shampoo,Bathroom/Bedroom,26.71642,56.679047
Timberland gold body soap,Bathroom/Bedroom,9.009455,62.026455
Tiny Bar Fridge refrigerator,Kitchen/Dining,-5.6408367,2.5926652
Tiny convection oven not a full oven oven,Kitchen/Dining,29.254866,-11.18226
To add body soap,Bathroom/Bedroom,3.4857666,64.61932
To add conditioner,Other,30.0051,22.457077
To add refrigerator,Kitchen/Dining,0.87034684,4.7208834
Toaster,Other,19.241652,-9.90014
Toni & Guy conditioner,Other,20.959064,38.272465
Toni & Guy shampoo,Bathroom/Bedroom,20.992302,38.34652
Top brands body soap,Bathroom/Bedroom,-1.5199488,60.9162
Top brands conditioner,Other,23.968933,27.622877
Top brands shampoo,Bathroom/Bedroom,42.19955,54.06789
Top plate induction induction stove,Kitchen/Dining,73.46462,-19.828566
Tranquility  body soap,Bathroom/Bedroom,7.7375207,67.35008
Tranquility  shampoo,Bathroom/Bedroom,34.284504,50.151558
Tranquility body soap,Bathroom/Bedroom,7.7374864,67.35
Tranquility conditioner,Other,29.4198,20.908926
Tranquility shampoo,Bathroom/Bedroom,34.284504,50.151558
Trash compactor,Climate Control,10.322658,-5.6665483
Tres Nagual body soap,Bathroom/Bedroom,17.658905,69.112724
Tres Nagual conditioner,Other,30.540009,29.923038
Tres Nagual shampoo,Bathroom/Bedroom,28.090286,60.018005
Treseme conditioner,Other,29.870705,29.044037
Treseme shampoo,Bathroom/Bedroom,31.157806,58.672474
Tresemme conditioner,Other,29.950981,28.917326
Tresemme shampoo,Bathroom/Bedroom,30.976927,58.72712
"Tresemme, or whichever is available conditioner",Other,29.792488,28.593006
Tresemmé  conditioner,Other,29.95141,28.917048
Tresemmé shampoo,Bathroom/Bedroom,30.976786,58.728592
Tresené conditioner,Other,30.191917,29.155819
Très Nagual body soap,Bathroom/Bedroom,17.658905,69.112724
Très Nagual shampoo,Bathroom/Bedroom,28.090286,60.018005
Trés Nagual body soap,Bathroom/Bedroom,17.658905,69.112724
Trés Nagual shampoo,Bathroom/Bedroom,28.090286,60.018005
Two Plate Swiss in-built counter stove plate  oven,Kitchen/Dining,28.76332,-15.38004
Two in one conditioner,Other,31.17377,24.815163
Two in one shampoo and conditioner conditioner,Bathroom/Bedroom,46.245792,37.050865
Two in one shampoo and conditioner shampoo,Bathroom/Bedroom,46.362934,37.05909
Two plate electric stove,Kitchen/Dining,65.17425,-27.14417
Two plate gas stove,Kitchen/Dining,64.55771,-25.77736
Two plate stove,Kitchen/Dining,65.01205,-26.478497
Two-Plate Portable Stove electric stove,Kitchen/Dining,64.47022,-27.61846
Unbranded body soap,Bathroom/Bedroom,-3.5687072,61.06875
Unbranded shampoo,Bathroom/Bedroom,43.96,53.316628
Under bar fridge refrigerator,Kitchen/Dining,-4.372105,1.8365566
Under counter Fridge refrigerator,Kitchen/Dining,-3.0622785,2.9397984
Under counter bar fridge refrigerator,Kitchen/Dining,-3.9958062,2.1610909
Under counter fridge refrigerator,Kitchen/Dining,-3.0628552,2.9389472
Under counter refrigerator,Kitchen/Dining,-3.0447097,2.9139144
Underbar refrigerator,Kitchen/Dining,-4.227207,1.472049
Univa  stainless steel gas stove,Kitchen/Dining,55.414112,-18.792017
Univa Gas Oven & Hob single oven,Kitchen/Dining,50.089096,-1.4950633
Univa electric stove,Kitchen/Dining,55.89644,-20.101095
Univa gas stove,Kitchen/Dining,55.578354,-19.73189
Univa oven,Kitchen/Dining,39.4167,-11.088915
Univa stainless steel gas stove,Kitchen/Dining,55.41425,-18.791971
Univa stainless steel single oven,Kitchen/Dining,47.247307,-0.97256964
Univa stove,Kitchen/Dining,55.785553,-19.988234
Univa which is a classic SA brand. electric stove,Kitchen/Dining,55.974335,-20.146238
Universal body soap,Bathroom/Bedroom,2.400808,62.794018
Unknown  oven,Kitchen/Dining,35.31786,-10.7875595
Unknown body soap,Bathroom/Bedroom,2.2078397,64.47954
Unknown conditioner,Other,30.945992,21.92912
Unknown shampoo,Bathroom/Bedroom,37.055088,55.16908
UnknownN conditioner,Other,30.89574,21.867802
Unsure conditioner,Other,29.184336,23.356218
Unsure refrigerator,Kitchen/Dining,2.8352726,4.922471
Unsure sound system with Bluetooth and aux,Entertainment/Tech,-41.66095,48.713
Usually Dove soap body soap,Bathroom/Bedroom,-14.579586,70.49955
VIFA sound system with Bluetooth and aux,Entertainment/Tech,-39.541885,48.862694
VOOMbox sound system with aux,Entertainment/Tech,-43.31606,41.77699
Valentina & Philippa body soap,Bathroom/Bedroom,9.175545,47.729115
Valentina & Philippa conditioner,Other,9.233109,47.673637
Valentina & Philippa shampoo,Bathroom/Bedroom,9.22289,47.708046
Valley view,Other,6.757856,-29.489025
Variable shampoo,Bathroom/Bedroom,37.308514,51.855236
Varied body soap,Bathroom/Bedroom,1.5758952,65.95091
Varied conditioner,Other,28.625025,21.189415
Varied shampoo,Bathroom/Bedroom,37.533703,52.373806
Varies  body soap,Bathroom/Bedroom,-3.0237644,66.55464
Varies  conditioner,Other,28.073517,20.503422
Varies body soap,Bathroom/Bedroom,-3.0238166,66.55442
Varies conditioner,Other,28.073584,20.503534
Varies eg. Dove body soap,Bathroom/Bedroom,-3.437927,66.627174
Varies shampoo,Bathroom/Bedroom,37.990185,52.070164
Variety of different brands used.  body soap,Bathroom/Bedroom,-2.3657649,61.21069
Variety of different brands used.  conditioner,Other,24.651327,27.655043
Variety of different brands used.  shampoo,Bathroom/Bedroom,42.522152,52.89449
Various  body soap,Bathroom/Bedroom,2.236693,65.98576
Various  conditioner,Other,28.591597,24.716654
Various Brands body soap,Bathroom/Bedroom,-1.8980916,61.224773
Various Brands conditioner,Other,24.444326,27.51701
Various Brands shampoo,Bathroom/Bedroom,42.192936,53.496037
Various body soap,Bathroom/Bedroom,2.2366927,65.985855
Various brands  body soap,Bathroom/Bedroom,-1.8988138,61.224735
Various brands - liquid form body soap,Bathroom/Bedroom,-2.3080637,61.41074
Various brands body soap,Bathroom/Bedroom,-1.8989301,61.224136
Various brands conditioner,Other,24.444365,27.516874
Various conditioner,Other,28.591597,24.716654
Various luxury brands shampoo,Bathroom/Bedroom,43.49324,55.01403
Various shampoo,Bathroom/Bedroom,37.32655,53.23657
"Various, 2 in 1 shampoo conditioner conditioner",Bathroom/Bedroom,46.097866,36.831203
"Various, 2 in 1 shampoo conditioner shampoo",Bathroom/Bedroom,46.27767,36.874084
Vary shampoo,Bathroom/Bedroom,37.47787,51.9063
Viking Range Oven (no extractor fan) & Thermomix stainless steel oven,Kitchen/Dining,30.239199,0.8918776
Vineyard view,Other,6.5305133,-28.843945
Vinolia body soap,Bathroom/Bedroom,7.632082,68.99212
Volcano sound system with Bluetooth and aux,Entertainment/Tech,-42.407936,49.770046
Volkano  Bluetooth sound system,Entertainment/Tech,-45.827316,53.827774
Vortex body soap,Bathroom/Bedroom,-15.767473,68.33692
WHIRLPOOL ELECTRIC  single oven,Kitchen/Dining,48.287872,12.037539
WHIRPOOL 6TH SENSE stainless steel oven,Kitchen/Dining,50.344723,13.259704
WHIRPOOL refrigerator,Kitchen/Dining,7.9741635,17.355198
WOOLWORTHS body soap,Bathroom/Bedroom,-14.666396,61.21645
WOOLWORTHS shampoo,Bathroom/Bedroom,46.98623,49.722683
"Waitstaff available 8 hours a day, every day",Other,44.492836,-51.885406
Walk-in refrigerator,Kitchen/Dining,1.4114671,3.4944034
Wash soap body soap,Bathroom/Bedroom,-5.7286754,70.50776
Washer,Laundry/Closet,21.484283,7.7428775
Washer – In building,Laundry/Closet,21.86693,8.923374
Washer – In unit,Laundry/Closet,21.427038,8.809217
Waterfront,Other,4.9460893,-30.874868
Welcome pack body soap,Bathroom/Bedroom,7.8013506,60.910385
Wellness Centre Organic Conditioner  conditioner,Other,37.624622,30.428202
Wellness Centre Organic Shampoo shampoo,Bathroom/Bedroom,42.443314,42.34296
Wet bar,Other,10.166871,-16.50916
Wharfedale pro speaker sound system with aux,Entertainment/Tech,-43.51044,44.027435
What don’t we have  conditioner,Other,29.008204,25.122868
Whichever is available at the supermarket shampoo,Bathroom/Bedroom,41.985928,51.98665
Whilpool oven,Kitchen/Dining,50.08631,13.750356
Whirl Pool  refrigerator,Kitchen/Dining,8.115867,17.456865
WhirlPool stainless steel oven,Kitchen/Dining,49.96534,12.215439
WhirlPool stainless steel stove,Kitchen/Dining,70.76334,-6.3722234
Whirllpool stainless steel electric stove,Kitchen/Dining,69.738846,-6.2607474
Whirlpool  electric stove,Kitchen/Dining,71.90028,-6.540159
Whirlpool  oven,Kitchen/Dining,48.783558,12.542877
Whirlpool  refrigerator,Kitchen/Dining,7.4117393,17.024584
Whirlpool  single oven,Kitchen/Dining,48.33762,12.058591
Whirlpool  stainless steel double oven,Kitchen/Dining,49.574463,11.365956
Whirlpool  stainless steel electric stove,Kitchen/Dining,70.73012,-6.456313
Whirlpool  stainless steel gas stove,Kitchen/Dining,70.84101,-6.128851
Whirlpool  stainless steel oven,Kitchen/Dining,49.965366,12.215558
Whirlpool  stainless steel single oven,Kitchen/Dining,49.443775,11.92606
Whirlpool  stove,Kitchen/Dining,71.88976,-6.4425907
Whirlpool & Bosch refrigerator,Kitchen/Dining,7.2672353,16.90764
Whirlpool 6th sense  stainless steel oven,Kitchen/Dining,50.286083,12.51096
Whirlpool 6th sense refrigerator,Kitchen/Dining,7.650329,16.668001
Whirlpool electric stove,Kitchen/Dining,71.90028,-6.540159
Whirlpool gas stove,Kitchen/Dining,71.84267,-6.2414684
Whirlpool glass hob  single oven,Kitchen/Dining,47.59876,11.647604
Whirlpool includes deep freezer refrigerator,Kitchen/Dining,6.976326,17.117102
Whirlpool induction stove,Kitchen/Dining,71.55055,-7.4471965
Whirlpool oven,Kitchen/Dining,48.783558,12.542877
Whirlpool refrigerator,Kitchen/Dining,7.4115324,17.024467
Whirlpool single oven,Kitchen/Dining,48.33762,12.058591
Whirlpool stainless steel double oven,Kitchen/Dining,49.575146,11.366097
Whirlpool stainless steel electric stove,Kitchen/Dining,70.73012,-6.456313
Whirlpool stainless steel gas stove,Kitchen/Dining,70.84101,-6.128851
Whirlpool stainless steel induction stove,Kitchen/Dining,71.17556,-7.4325404
Whirlpool stainless steel oven,Kitchen/Dining,49.96564,12.2160015
Whirlpool stainless steel single oven,Kitchen/Dining,49.44388,11.926149
Whirlpool stainless steel stove,Kitchen/Dining,70.76434,-6.371227
Whirlpool stove,Kitchen/Dining,71.88967,-6.442666
Whirlpools  stainless steel oven,Kitchen/Dining,49.946114,12.241169
Whirpool refrigerator,Kitchen/Dining,7.9739013,17.355423
Whirpool stainless steel electric stove,Kitchen/Dining,69.72749,-6.2614665
Whirpool stainless steel oven,Kitchen/Dining,50.20112,13.242565
Whirpool stainless steel single oven,Kitchen/Dining,50.06372,13.201276
Whisper Soft - Guest Amenities  conditioner,Other,18.934238,22.95914
Whisper Soft - Guest Amenities  shampoo,Bathroom/Bedroom,46.774807,59.021416
Whisper Soft Guest Soap body soap,Bathroom/Bedroom,-9.1875515,60.40038
Whisper Soft body soap,Bathroom/Bedroom,-9.218054,60.456993
Whisper Soft conditioner,Other,27.257532,15.919433
Whisper Soft shampoo,Bathroom/Bedroom,41.96637,64.906395
Whisper body soap,Bathroom/Bedroom,-9.221446,60.45708
Whisper conditioner,Other,27.26158,15.925304
Whisper shampoo,Bathroom/Bedroom,41.89293,65.07173
Whisper soft shampoo,Bathroom/Bedroom,41.96637,64.906395
Whispers shampoo,Bathroom/Bedroom,41.811703,65.21979
White House  conditioner,Other,22.828365,22.583569
White House  shampoo,Bathroom/Bedroom,40.259964,58.292614
White Linen shower gel body soap,Bathroom/Bedroom,-11.73917,52.856678
Whitehouse  body soap,Bathroom/Bedroom,0.42550224,52.985275
Whitehouse  shampoo,Bathroom/Bedroom,40.240673,58.297607
Whitehouse body soap,Bathroom/Bedroom,0.4255088,52.984947
Whitehouse conditioner,Other,22.817883,22.557703
Whitehouse guest soap and shampoo/ conditioner  body soap,Bathroom/Bedroom,1.0479598,53.552746
Whitehouse shampoo,Bathroom/Bedroom,40.240746,58.298126
Whrilpool  stainless steel oven,Kitchen/Dining,50.40637,11.913444
Wifi,Entertainment/Tech,-54.81744,-44.469624
Wifi – 1 Mbps,Entertainment/Tech,-57.383606,-42.614223
Wifi – 10 Mbps,Entertainment/Tech,-57.43697,-41.0088
Wifi – 11 Mbps,Entertainment/Tech,-57.098637,-40.397144
Wifi – 12 Mbps,Entertainment/Tech,-57.32605,-40.256588
Wifi – 13 Mbps,Entertainment/Tech,-57.646126,-39.83339
Wifi – 14 Mbps,Entertainment/Tech,-57.97969,-39.869823
Wifi – 15 Mbps,Entertainment/Tech,-58.063324,-39.861774
Wifi – 16 Mbps,Entertainment/Tech,-58.33078,-39.521667
Wifi – 17 Mbps,Entertainment/Tech,-58.5663,-39.456017
Wifi – 18 Mbps,Entertainment/Tech,-58.8342,-39.888485
Wifi – 19 Mbps,Entertainment/Tech,-59.193382,-39.91097
Wifi – 2 Mbps,Entertainment/Tech,-57.426292,-42.610832
Wifi – 20 Mbps,Entertainment/Tech,-59.003273,-40.4111
Wifi – 21 Mbps,Entertainment/Tech,-59.37347,-40.30124
Wifi – 22 Mbps,Entertainment/Tech,-59.617706,-40.267406
Wifi – 23 Mbps,Entertainment/Tech,-59.60557,-40.28404
Wifi – 24 Mbps,Entertainment/Tech,-60.108505,-40.13581
Wifi – 25 Mbps,Entertainment/Tech,-59.56156,-41.36671
Wifi – 26 Mbps,Entertainment/Tech,-59.94719,-40.552116
Wifi – 27 Mbps,Entertainment/Tech,-60.246277,-40.812786
Wifi – 28 Mbps,Entertainment/Tech,-60.463512,-40.86752
Wifi – 29 Mbps,Entertainment/Tech,-60.58683,-40.8107
Wifi – 3 Mbps,Entertainment/Tech,-57.51235,-42.564934
Wifi – 30 Mbps,Entertainment/Tech,-60.766773,-41.185383
Wifi – 31 Mbps,Entertainment/Tech,-60.908417,-41.67936
Wifi – 32 Mbps,Entertainment/Tech,-61.02514,-41.786957
Wifi – 33 Mbps,Entertainment/Tech,-60.852272,-41.802296
Wifi – 34 Mbps,Entertainment/Tech,-60.65635,-41.875694
Wifi – 35 Mbps,Entertainment/Tech,-60.101585,-41.904236
Wifi – 36 Mbps,Entertainment/Tech,-60.361904,-42.365734
Wifi – 37 Mbps,Entertainment/Tech,-60.477287,-42.77183
Wifi – 38 Mbps,Entertainment/Tech,-60.338226,-42.74031
Wifi – 39 Mbps,Entertainment/Tech,-60.381382,-42.9182
Wifi – 4 Mbps,Entertainment/Tech,-57.712135,-42.332886
Wifi – 40 Mbps,Entertainment/Tech,-60.484913,-43.402958
Wifi – 41 Mbps,Entertainment/Tech,-60.505096,-43.77946
Wifi – 42 Mbps,Entertainment/Tech,-60.12355,-43.714283
Wifi – 43 Mbps,Entertainment/Tech,-60.065407,-43.68408
Wifi – 44 Mbps,Entertainment/Tech,-59.85194,-43.4647
Wifi – 45 Mbps,Entertainment/Tech,-59.282185,-43.382847
Wifi – 46 Mbps,Entertainment/Tech,-59.550224,-43.59189
Wifi – 47 Mbps,Entertainment/Tech,-59.58647,-43.546562
Wifi – 48 Mbps,Entertainment/Tech,-59.815872,-43.21185
Wifi – 49 Mbps,Entertainment/Tech,-59.34836,-43.692776
Wifi – 5 Mbps,Entertainment/Tech,-58.225372,-41.840908
Wifi – 6 Mbps,Entertainment/Tech,-58.02406,-41.502094
Wifi – 7 Mbps,Entertainment/Tech,-58.182186,-41.30838
Wifi – 8 Mbps,Entertainment/Tech,-57.757275,-41.078888
Wifi – 9 Mbps,Entertainment/Tech,-57.513844,-41.154606
Wild Olive body soap,Bathroom/Bedroom,-4.2933846,74.47852
Wild Olive or similar body soap,Bathroom/Bedroom,-4.289854,74.47779
Window AC unit,Climate Control,17.653301,0.09901062
Window guards,Other,15.184905,-26.666883
Wine cellar,Other,11.825242,-17.112537
Wine glasses,Other,11.910667,-17.116426
Wirlpool stainless steel gas stove,Kitchen/Dining,69.236046,-6.1533933
With freezer at top refrigerator,Kitchen/Dining,-0.9407845,3.62767
With freezer refrigerator,Kitchen/Dining,-0.80826026,3.4985254
Wonderboom Bluetooth sound system,Entertainment/Tech,-44.37627,55.96554
Wood burning fireplace,Climate Control,28.020317,-25.638828
WoolWorths body soap,Bathroom/Bedroom,-14.666396,61.21645
Woolies  body soap,Bathroom/Bedroom,-15.484584,60.139168
Woolies  conditioner,Other,42.295364,28.491005
Woolies  shampoo,Bathroom/Bedroom,48.5086,49.914925
Woolies body soap,Bathroom/Bedroom,-15.484584,60.139168
Woolies conditioner,Other,42.295677,28.490147
Woolies shampoo,Bathroom/Bedroom,48.508617,49.91537
Woolowrths conditioner,Other,42.244114,28.490993
Woolworth  body soap,Bathroom/Bedroom,-14.690857,61.19252
Woolworth Almond Shower Gel   body soap,Bathroom/Bedroom,-11.962627,53.431858
Woolworth Almond and Mint  shampoo,Bathroom/Bedroom,47.47496,49.471012
Woolworths  body soap,Bathroom/Bedroom,-14.66662,61.21567
Woolworths  conditioner,Other,41.828213,29.012524
Woolworths  shampoo,Bathroom/Bedroom,46.988834,49.719223
Woolworths (Woolies for locals) conditioner,Other,42.12317,29.173244
Woolworths (or Woolies for locals) shampoo,Bathroom/Bedroom,46.844147,50.288284
Woolworths (vegan) body soap,Bathroom/Bedroom,-15.586174,62.093075
Woolworths (vegan) conditioner,Other,41.59602,29.574694
Woolworths (vegan) shampoo,Bathroom/Bedroom,46.984318,48.617218
Woolworths Body Wash body soap,Bathroom/Bedroom,-14.272242,62.14647
Woolworths Brand  conditioner,Other,41.75609,29.034185
Woolworths Brand  shampoo,Bathroom/Bedroom,46.825966,49.770428
Woolworths Organic  conditioner,Other,40.945107,29.306704
Woolworths Premium body soap,Bathroom/Bedroom,-14.485448,61.0716
Woolworths Vegan shampoo shampoo,Bathroom/Bedroom,46.990883,48.54551
Woolworths body soap,Bathroom/Bedroom,-14.666489,61.21576
Woolworths brand body soap,Bathroom/Bedroom,-14.396919,61.181076
Woolworths conditioner,Other,41.828453,29.013222
Woolworths liquid body wash  body soap,Bathroom/Bedroom,-14.245771,62.181988
Woolworths natural verbena  body soap,Bathroom/Bedroom,-15.396189,61.153973
Woolworths or other brands available shampoo,Bathroom/Bedroom,46.575035,49.96913
Woolworths or similar  body soap,Bathroom/Bedroom,-14.0289955,60.995255
Woolworths or similar eco product conditioner,Other,41.437954,29.192312
Woolworths or similar eco product shampoo,Bathroom/Bedroom,46.533337,49.77563
Woolworths or similar eco products body soap,Bathroom/Bedroom,-13.856099,60.939926
Woolworths shampoo,Bathroom/Bedroom,46.988083,49.72004
Woolworths vegan friendly no parabens body soap,Bathroom/Bedroom,-15.843271,62.298195
Wurth Bluetooth sound system,Entertainment/Tech,-44.229176,54.033577
X conditioner,Other,27.853903,24.059975
X refrigerator,Kitchen/Dining,2.8876996,3.743996
X shampoo,Bathroom/Bedroom,36.05289,54.927464
X sound system with Bluetooth and aux,Entertainment/Tech,-41.37795,48.7662
X2 Platinum Induction cookers  stove,Kitchen/Dining,76.85139,-18.654352
Xiaomi  Bluetooth sound system,Entertainment/Tech,-41.525543,54.188362
Xiaomi - Mi Induction Cooker induction stove,Kitchen/Dining,74.9659,-14.376321
YAMAHA sound system with aux,Entertainment/Tech,-42.98742,43.566868
Yada Lavie body soap,Bathroom/Bedroom,16.179136,62.623722
Yada Lavie conditioner,Other,28.096766,29.607155
Yada Lavie shampoo,Bathroom/Bedroom,16.368053,62.496
Yamaha  sound system with Bluetooth and aux,Entertainment/Tech,-43.437927,50.007256
Yamaha  sound system with aux,Entertainment/Tech,-42.98742,43.566868
"Yamaha Avantage Receiver, Mission Speakers, Monitor Audio Sub Bluetooth sound system",Entertainment/Tech,-44.139877,51.0483
Yamaha Bluetooth sound system,Entertainment/Tech,-44.091644,51.66509
Yamaha Bluetooth speaker Bluetooth sound system,Entertainment/Tech,-44.184914,51.692787
Yamaha home theatre sound system with Bluetooth and aux,Entertainment/Tech,-43.471813,50.29866
Yamaha sound system,Entertainment/Tech,-40.104103,42.800858
Yamaha sound system with Bluetooth and aux,Entertainment/Tech,-43.43896,50.00693
Yamaha sound system with aux,Entertainment/Tech,-42.98742,43.566868
Yamaha system sound system with aux,Entertainment/Tech,-43.003696,43.560978
Yes 2 assorted  body soap,Bathroom/Bedroom,1.6994008,64.04571
Yucatan Senses -Organic body soap,Bathroom/Bedroom,37.836124,36.78841
Yucatan Senses -Organic conditioner,Other,37.695316,35.991016
Yucatan Senses -Organic shampoo,Bathroom/Bedroom,37.87385,36.80978
Yuppie Chef induction stove,Kitchen/Dining,73.41216,-16.446291
Yuppychef induction stove,Kitchen/Dining,73.53268,-16.265858
Άλλο electric stove,Kitchen/Dining,57.89208,-22.931213
メリット shampoo,Bathroom/Bedroom,32.724537,58.44824
其他 gas stove,Kitchen/Dining,52.03705,-19.255468
